delivery_id,order_id,driver_id,vehicle_id,assigned_date,actual_delivery_date,status,delivery_attempt,distance_km,delivery_duration_min
DLV00000001,DLVORD00000544,DRV00053,VEH0030,2023-08-27,2023-08-27,Delivered,1,9.35,34
DLV00000002,DLVORD00001896,DRV00076,VEH0048,2024-05-30,2024-05-30,Delivered,1,8.87,60
DLV00000003,DLVORD00001579,DRV00070,VEH0036,2022-11-19,,Rescheduled,2,12.45,68
DLV00000004,DLVORD00001187,DRV00057,VEH0049,2024-03-24,2024-03-30,Delivered,1,22.59,34
DLV00000005,DLVORD00002175,DRV00041,VEH0026,2024-09-22,,Pending,1,9.49,26
DLV00000006,DLVORD00001254,DRV00014,VEH0016,2022-11-23,2022-11-23,Delivered,1,22.21,19
DLV00000007,DLVORD00001545,DRV00008,VEH0013,2023-07-19,2023-07-19,Delivered,1,2.91,64
DLV00000008,DLVORD00001973,DRV00016,VEH0003,2022-12-30,2022-12-30,Delivered,1,27.53,78
DLV00000009,DLVORD00001085,DRV00010,VEH0041,2023-08-13,2023-08-13,Delivered,1,2.59,48
DLV00000010,DLVORD00002067,DRV00021,VEH0046,2023-01-14,2023-01-17,Delivered,1,4.91,19
DLV00000011,DLVORD00001119,DRV00049,VEH0047,2022-06-24,2022-07-02,Delivered,1,18.63,18
DLV00000012,DLVORD00002125,DRV00006,VEH0014,2024-07-14,2024-07-14,Delivered,1,20.56,32
DLV00000013,DLVORD00001333,DRV00035,VEH0016,2022-04-17,,Failed,1,22.47,63
DLV00000014,DLVORD00000226,DRV00064,VEH0020,2023-10-25,2023-10-25,Delivered,1,3.76,12
DLV00000015,DLVORD00000313,DRV00067,VEH0039,2023-01-25,2023-01-31,Delivered,1,11.5,83
DLV00000016,DLVORD00001059,DRV00042,VEH0022,2023-02-12,2023-02-14,Delivered,1,28.35,65
DLV00000017,DLVORD00002945,DRV00039,VEH0030,2022-10-04,2022-10-05,Delivered,1,1.81,53
DLV00000018,DLVORD00002389,DRV00071,VEH0030,2024-11-24,2024-11-24,Delivered,1,16.38,44
DLV00000019,DLVORD00002078,DRV00055,VEH0042,2022-01-25,2022-01-26,Delivered,1,18.51,70
DLV00000020,DLVORD00000334,DRV00051,VEH0010,2023-10-07,,Failed,1,27.81,47
DLV00000021,DLVORD00001952,DRV00071,VEH0002,2022-11-30,2022-12-02,Delivered,1,10.59,48
DLV00000022,DLVORD00001629,DRV00042,VEH0028,2024-04-19,2024-04-19,Delivered,1,22.23,60
DLV00000023,DLVORD00000009,DRV00065,VEH0028,2024-03-12,2024-03-12,Delivered,1,12.59,30
DLV00000024,DLVORD00001710,DRV00038,VEH0046,2023-09-03,2023-09-05,Delivered,1,5.01,36
DLV00000025,DLVORD00001794,DRV00076,VEH0049,2023-04-07,,Failed,1,4.68,49
DLV00000026,DLVORD00002692,DRV00067,VEH0038,2022-10-21,2022-10-21,Delivered,1,6.42,28
DLV00000027,DLVORD00000885,DRV00056,VEH0024,2024-06-23,2024-06-23,Delivered,1,8.32,47
DLV00000028,DLVORD00000038,DRV00074,VEH0019,2024-04-29,,Rescheduled,1,7.29,28
DLV00000029,DLVORD00000434,DRV00077,VEH0019,2023-08-27,2023-08-27,Delivered,1,4.05,60
DLV00000030,DLVORD00002837,DRV00057,VEH0020,2023-04-22,,Failed,1,11.92,40
DLV00000031,DLVORD00000789,DRV00063,VEH0045,2024-04-30,,Pending,1,24.95,39
DLV00000032,DLVORD00002089,DRV00035,VEH0038,2023-08-12,2023-08-12,Delivered,1,18.19,8
DLV00000033,DLVORD00001135,DRV00046,VEH0049,2024-10-24,2024-10-31,Delivered,1,7.03,12
DLV00000034,DLVORD00001152,DRV00014,VEH0049,2022-07-08,2022-07-08,Delivered,1,2.04,30
DLV00000035,DLVORD00000251,DRV00001,VEH0008,2023-12-30,2024-01-06,Delivered,1,10.13,17
DLV00000036,DLVORD00002139,DRV00002,VEH0036,2024-03-10,2024-03-10,Delivered,1,1.66,70
DLV00000037,DLVORD00000148,DRV00059,VEH0036,2022-03-06,2022-03-13,Delivered,1,17.03,90
DLV00000038,DLVORD00000687,DRV00008,VEH0022,2024-02-19,,Failed,1,15.38,82
DLV00000039,DLVORD00001972,DRV00030,VEH0029,2023-11-09,,Rescheduled,1,6.95,37
DLV00000040,DLVORD00001197,DRV00031,VEH0040,2024-03-31,2024-04-01,Delivered,1,25.68,71
DLV00000041,DLVORD00002902,DRV00055,VEH0049,2024-08-19,,Rescheduled,1,21.43,13
DLV00000042,DLVORD00000167,DRV00009,VEH0002,2023-02-19,2023-02-20,Delivered,1,26.32,75
DLV00000043,DLVORD00001098,DRV00034,VEH0047,2024-11-16,,Pending,1,7.22,68
DLV00000044,DLVORD00002817,DRV00050,VEH0028,2023-07-27,2023-07-28,Delivered,1,4.98,23
DLV00000045,DLVORD00001589,DRV00050,VEH0004,2024-09-04,2024-09-06,Delivered,1,27.66,72
DLV00000046,DLVORD00001868,DRV00022,VEH0030,2024-12-05,,Rescheduled,1,16.26,72
DLV00000047,DLVORD00000888,DRV00071,VEH0025,2024-07-19,2024-07-30,Delivered,1,20.54,56
DLV00000048,DLVORD00002502,DRV00019,VEH0024,2022-07-20,2022-07-22,Delivered,1,13.19,7
DLV00000049,DLVORD00002378,DRV00079,VEH0010,2023-04-08,2023-04-14,Delivered,1,11.53,70
DLV00000050,DLVORD00002979,DRV00008,VEH0015,2024-05-17,,Pending,1,24.7,53
DLV00000051,DLVORD00001675,DRV00059,VEH0015,2024-01-28,2024-01-28,Delivered,1,19.2,23
DLV00000052,DLVORD00000731,DRV00002,VEH0003,2022-10-21,2022-10-22,Delivered,1,29.69,36
DLV00000053,DLVORD00002951,DRV00029,VEH0013,2023-05-29,2023-05-29,Delivered,1,24.15,13
DLV00000054,DLVORD00002821,DRV00041,VEH0021,2024-10-30,2024-10-30,Delivered,1,6.7,74
DLV00000055,DLVORD00000637,DRV00010,VEH0001,2024-04-07,2024-04-07,Delivered,1,20.84,71
DLV00000056,DLVORD00001081,DRV00011,VEH0050,2023-05-07,2023-05-07,Delivered,1,4.76,34
DLV00000057,DLVORD00000414,DRV00030,VEH0042,2022-11-12,2022-11-13,Delivered,1,10.08,28
DLV00000058,DLVORD00001257,DRV00002,VEH0030,2022-07-02,2022-07-02,Delivered,1,3.0,48
DLV00000059,DLVORD00000445,DRV00005,VEH0048,2023-02-06,2023-02-10,Delivered,1,15.49,70
DLV00000060,DLVORD00000445,DRV00047,VEH0003,2023-02-06,2023-02-09,Delivered,1,19.92,30
DLV00000061,DLVORD00001860,DRV00057,VEH0045,2024-04-25,2024-04-26,Delivered,1,17.11,89
DLV00000062,DLVORD00001487,DRV00026,VEH0005,2024-12-09,,Rescheduled,1,1.43,56
DLV00000063,DLVORD00000539,DRV00005,VEH0008,2023-09-02,,Failed,1,5.91,76
DLV00000064,DLVORD00000481,DRV00002,VEH0036,2023-12-14,,Pending,1,10.98,54
DLV00000065,DLVORD00000403,DRV00049,VEH0011,2023-07-07,,Pending,1,13.96,60
DLV00000066,DLVORD00000238,DRV00048,VEH0002,2022-10-03,,Rescheduled,1,18.95,11
DLV00000067,DLVORD00002340,DRV00048,VEH0041,2023-09-12,2023-09-12,Delivered,1,2.29,24
DLV00000068,DLVORD00002548,DRV00077,VEH0042,2023-05-03,,Pending,1,7.82,72
DLV00000069,DLVORD00000148,DRV00027,VEH0023,2022-03-07,2022-03-08,Delivered,1,22.65,79
DLV00000070,DLVORD00000834,DRV00020,VEH0049,2023-12-12,2023-12-17,Delivered,1,14.8,65
DLV00000071,DLVORD00002515,DRV00035,VEH0038,2022-06-13,2022-06-13,Delivered,1,26.53,77
DLV00000072,DLVORD00002720,DRV00064,VEH0018,2023-05-30,2023-06-07,Delivered,1,16.94,22
DLV00000073,DLVORD00002516,DRV00030,VEH0035,2023-05-24,2023-05-26,Delivered,1,4.66,56
DLV00000074,DLVORD00000796,DRV00043,VEH0033,2024-12-12,2024-12-12,Delivered,1,13.56,8
DLV00000075,DLVORD00001255,DRV00052,VEH0038,2023-09-30,2023-09-30,Delivered,1,22.25,73
DLV00000076,DLVORD00002031,DRV00033,VEH0041,2023-08-02,2023-08-12,Delivered,1,9.62,13
DLV00000077,DLVORD00001196,DRV00047,VEH0012,2023-07-22,2023-07-22,Delivered,1,26.47,37
DLV00000078,DLVORD00000790,DRV00016,VEH0005,2022-12-26,2022-12-28,Delivered,1,9.38,17
DLV00000079,DLVORD00002913,DRV00014,VEH0038,2024-04-23,2024-04-25,Delivered,1,21.02,32
DLV00000080,DLVORD00002947,DRV00044,VEH0040,2024-07-31,2024-08-01,Delivered,1,13.01,52
DLV00000081,DLVORD00001181,DRV00026,VEH0014,2024-01-25,,Failed,1,21.7,69
DLV00000082,DLVORD00002311,DRV00019,VEH0019,2023-12-03,,Failed,1,24.9,26
DLV00000083,DLVORD00000725,DRV00031,VEH0042,2024-07-14,,Pending,1,15.83,26
DLV00000084,DLVORD00002601,DRV00023,VEH0047,2023-04-28,,Rescheduled,2,25.1,24
DLV00000085,DLVORD00000359,DRV00051,VEH0019,2024-10-07,,Failed,1,24.29,50
DLV00000086,DLVORD00000997,DRV00034,VEH0013,2023-07-04,,Failed,1,2.28,88
DLV00000087,DLVORD00000700,DRV00022,VEH0043,2023-10-17,,Rescheduled,1,11.95,79
DLV00000088,DLVORD00002022,DRV00026,VEH0049,2024-12-12,,Failed,2,7.08,77
DLV00000089,DLVORD00001891,DRV00055,VEH0026,2024-08-08,2024-08-15,Delivered,1,9.45,49
DLV00000090,DLVORD00002298,DRV00042,VEH0046,2022-10-03,2022-10-03,Delivered,1,12.18,29
DLV00000091,DLVORD00001346,DRV00026,VEH0035,2022-06-28,2022-06-29,Delivered,1,7.46,5
DLV00000092,DLVORD00001520,DRV00042,VEH0029,2024-08-03,,Pending,1,7.72,41
DLV00000093,DLVORD00002289,DRV00051,VEH0050,2022-02-24,,Pending,1,28.66,68
DLV00000094,DLVORD00000618,DRV00074,VEH0010,2022-06-21,2022-06-25,Delivered,1,14.26,7
DLV00000095,DLVORD00000208,DRV00043,VEH0036,2024-03-26,,Failed,1,16.6,35
DLV00000096,DLVORD00002097,DRV00005,VEH0029,2023-11-05,2023-11-11,Delivered,1,3.81,76
DLV00000097,DLVORD00002021,DRV00023,VEH0007,2023-01-13,,Pending,1,11.96,10
DLV00000098,DLVORD00002770,DRV00009,VEH0001,2022-12-08,2022-12-10,Delivered,1,15.78,75
DLV00000099,DLVORD00001624,DRV00031,VEH0040,2023-05-22,2023-05-22,Delivered,1,21.09,25
DLV00000100,DLVORD00000353,DRV00019,VEH0032,2023-10-21,2023-10-21,Delivered,1,6.13,27
DLV00000101,DLVORD00000060,DRV00069,VEH0046,2024-03-05,2024-03-05,Delivered,1,27.02,72
DLV00000102,DLVORD00002392,DRV00010,VEH0003,2023-03-06,,Rescheduled,1,8.34,77
DLV00000103,DLVORD00001224,DRV00039,VEH0044,2023-09-28,2023-09-28,Delivered,2,26.18,51
DLV00000104,DLVORD00001453,DRV00053,VEH0049,2023-07-21,2023-07-30,Delivered,1,12.14,21
DLV00000105,DLVORD00000616,DRV00040,VEH0045,2024-04-22,,Pending,1,5.99,90
DLV00000106,DLVORD00002258,DRV00009,VEH0037,2024-05-29,2024-05-29,Delivered,1,19.71,74
DLV00000107,DLVORD00001067,DRV00041,VEH0012,2023-01-10,2023-01-10,Delivered,1,5.0,42
DLV00000108,DLVORD00001499,DRV00075,VEH0010,2023-11-04,2023-11-04,Delivered,1,26.16,10
DLV00000109,DLVORD00002436,DRV00014,VEH0029,2023-02-08,2023-02-09,Delivered,1,23.7,17
DLV00000110,DLVORD00000203,DRV00011,VEH0011,2023-02-28,,Pending,1,22.38,68
DLV00000111,DLVORD00002924,DRV00016,VEH0035,2024-02-12,,Pending,1,27.62,77
DLV00000112,DLVORD00000901,DRV00034,VEH0037,2024-08-31,2024-09-01,Delivered,1,1.17,59
DLV00000113,DLVORD00002253,DRV00003,VEH0018,2023-06-18,2023-06-18,Delivered,1,2.23,78
DLV00000114,DLVORD00001458,DRV00050,VEH0004,2023-02-23,,Pending,1,21.8,77
DLV00000115,DLVORD00000966,DRV00034,VEH0027,2023-02-07,,Pending,1,11.83,59
DLV00000116,DLVORD00001510,DRV00011,VEH0050,2023-03-29,2023-03-29,Delivered,1,29.03,61
DLV00000117,DLVORD00001580,DRV00073,VEH0045,2022-08-24,2022-08-29,Delivered,1,21.97,76
DLV00000118,DLVORD00001819,DRV00071,VEH0036,2023-08-15,2023-08-15,Delivered,1,22.58,12
DLV00000119,DLVORD00002015,DRV00012,VEH0048,2022-03-25,2022-03-31,Delivered,1,19.66,44
DLV00000120,DLVORD00002665,DRV00036,VEH0043,2023-12-02,2023-12-11,Delivered,1,24.31,37
DLV00000121,DLVORD00001787,DRV00028,VEH0036,2023-03-10,,Failed,1,6.21,44
DLV00000122,DLVORD00002374,DRV00049,VEH0019,2022-12-05,2022-12-11,Delivered,1,26.84,64
DLV00000123,DLVORD00001846,DRV00077,VEH0012,2023-01-19,,Failed,1,28.79,12
DLV00000124,DLVORD00002059,DRV00021,VEH0043,2023-10-31,2023-11-02,Delivered,1,24.75,67
DLV00000125,DLVORD00002259,DRV00014,VEH0030,2024-02-05,2024-02-05,Delivered,2,11.1,19
DLV00000126,DLVORD00000950,DRV00011,VEH0018,2023-05-21,2023-05-21,Delivered,2,26.6,57
DLV00000127,DLVORD00002828,DRV00057,VEH0003,2023-09-15,2023-09-15,Delivered,1,24.3,64
DLV00000128,DLVORD00002953,DRV00041,VEH0049,2023-10-03,2023-10-03,Delivered,1,12.68,57
DLV00000129,DLVORD00002118,DRV00064,VEH0004,2023-10-30,2023-11-04,Delivered,1,13.7,44
DLV00000130,DLVORD00002870,DRV00029,VEH0026,2023-08-17,,Rescheduled,1,2.27,81
DLV00000131,DLVORD00000389,DRV00026,VEH0002,2024-06-30,,Pending,1,14.52,71
DLV00000132,DLVORD00000243,DRV00048,VEH0003,2022-12-06,2022-12-06,Delivered,1,27.11,17
DLV00000133,DLVORD00002875,DRV00015,VEH0006,2023-09-07,2023-09-17,Delivered,1,8.58,19
DLV00000134,DLVORD00002500,DRV00067,VEH0030,2024-07-08,2024-07-14,Delivered,1,13.48,48
DLV00000135,DLVORD00001751,DRV00073,VEH0035,2022-05-15,2022-05-15,Delivered,1,9.16,90
DLV00000136,DLVORD00002212,DRV00026,VEH0046,2022-03-05,2022-03-08,Delivered,1,13.63,67
DLV00000137,DLVORD00001547,DRV00004,VEH0017,2023-05-29,2023-05-29,Delivered,1,28.83,86
DLV00000138,DLVORD00001398,DRV00037,VEH0032,2023-01-13,2023-01-13,Delivered,1,28.24,79
DLV00000139,DLVORD00002520,DRV00055,VEH0019,2024-05-12,,Rescheduled,1,10.17,81
DLV00000140,DLVORD00002418,DRV00035,VEH0045,2023-05-02,2023-05-02,Delivered,1,19.77,58
DLV00000141,DLVORD00002660,DRV00021,VEH0005,2024-03-26,2024-03-28,Delivered,1,24.32,84
DLV00000142,DLVORD00002871,DRV00026,VEH0045,2023-05-13,2023-05-21,Delivered,1,18.13,33
DLV00000143,DLVORD00000462,DRV00013,VEH0045,2022-11-03,2022-11-03,Delivered,1,7.82,42
DLV00000144,DLVORD00001550,DRV00052,VEH0032,2023-03-06,,Rescheduled,1,14.48,74
DLV00000145,DLVORD00002222,DRV00039,VEH0046,2023-11-18,,Failed,1,5.76,56
DLV00000146,DLVORD00002641,DRV00049,VEH0037,2024-09-26,2024-10-01,Delivered,1,26.38,41
DLV00000147,DLVORD00002352,DRV00021,VEH0047,2024-07-16,2024-07-16,Delivered,1,23.38,19
DLV00000148,DLVORD00001513,DRV00038,VEH0025,2024-05-12,,Rescheduled,1,26.16,5
DLV00000149,DLVORD00002190,DRV00039,VEH0001,2022-12-21,2022-12-21,Delivered,2,14.26,84
DLV00000150,DLVORD00002668,DRV00020,VEH0028,2024-12-09,2024-12-09,Delivered,1,25.27,7
DLV00000151,DLVORD00002546,DRV00063,VEH0047,2024-01-19,2024-01-19,Delivered,1,6.68,78
DLV00000152,DLVORD00000054,DRV00039,VEH0029,2022-09-10,2022-09-14,Delivered,1,14.97,79
DLV00000153,DLVORD00000501,DRV00032,VEH0049,2024-12-18,2024-12-20,Delivered,1,19.55,73
DLV00000154,DLVORD00001664,DRV00070,VEH0012,2023-07-06,2023-07-20,Delivered,1,5.08,26
DLV00000155,DLVORD00000672,DRV00073,VEH0016,2024-06-27,2024-06-27,Delivered,1,25.42,55
DLV00000156,DLVORD00001324,DRV00016,VEH0032,2023-03-24,2023-03-25,Delivered,1,1.85,34
DLV00000157,DLVORD00001905,DRV00006,VEH0040,2024-07-15,2024-07-15,Delivered,1,25.98,43
DLV00000158,DLVORD00002627,DRV00036,VEH0049,2022-09-30,,Pending,1,20.11,32
DLV00000159,DLVORD00002967,DRV00036,VEH0009,2022-04-09,2022-04-09,Delivered,2,8.13,46
DLV00000160,DLVORD00002532,DRV00060,VEH0023,2023-02-12,,Rescheduled,1,6.17,15
DLV00000161,DLVORD00000961,DRV00050,VEH0004,2024-01-12,,Failed,2,5.56,88
DLV00000162,DLVORD00002848,DRV00050,VEH0038,2023-10-18,2023-10-26,Delivered,1,19.36,41
DLV00000163,DLVORD00002624,DRV00023,VEH0024,2024-07-31,,Failed,1,29.73,70
DLV00000164,DLVORD00002778,DRV00002,VEH0011,2023-03-04,,Rescheduled,1,25.72,65
DLV00000165,DLVORD00002304,DRV00065,VEH0027,2024-06-29,,Pending,2,5.38,26
DLV00000166,DLVORD00001281,DRV00068,VEH0012,2023-12-09,2023-12-10,Delivered,1,29.03,83
DLV00000167,DLVORD00002913,DRV00055,VEH0046,2024-04-23,2024-04-23,Delivered,1,6.4,71
DLV00000168,DLVORD00001759,DRV00051,VEH0008,2023-09-13,2023-09-19,Delivered,1,15.51,38
DLV00000169,DLVORD00000166,DRV00046,VEH0004,2023-02-18,2023-02-23,Delivered,1,5.76,41
DLV00000170,DLVORD00002909,DRV00060,VEH0028,2022-08-10,2022-08-10,Delivered,1,7.02,84
DLV00000171,DLVORD00002626,DRV00057,VEH0020,2023-09-13,2023-09-13,Delivered,1,29.92,18
DLV00000172,DLVORD00002832,DRV00064,VEH0031,2023-09-05,,Rescheduled,2,28.91,83
DLV00000173,DLVORD00001961,DRV00038,VEH0034,2023-06-27,2023-06-27,Delivered,1,29.91,75
DLV00000174,DLVORD00000349,DRV00012,VEH0003,2022-09-21,,Pending,1,1.36,71
DLV00000175,DLVORD00000918,DRV00055,VEH0011,2023-07-23,2023-07-24,Delivered,1,2.25,8
DLV00000176,DLVORD00002386,DRV00079,VEH0025,2024-06-23,2024-07-04,Delivered,1,17.39,16
DLV00000177,DLVORD00002424,DRV00015,VEH0044,2024-04-20,,Pending,1,9.22,49
DLV00000178,DLVORD00000843,DRV00054,VEH0040,2023-12-17,2023-12-17,Delivered,2,28.6,80
DLV00000179,DLVORD00001057,DRV00071,VEH0027,2023-11-29,2023-12-08,Delivered,1,14.49,39
DLV00000180,DLVORD00000171,DRV00022,VEH0012,2024-07-29,2024-07-29,Delivered,1,2.64,28
DLV00000181,DLVORD00001584,DRV00034,VEH0010,2023-06-11,2023-06-16,Delivered,1,16.5,39
DLV00000182,DLVORD00000975,DRV00026,VEH0004,2022-03-05,2022-03-05,Delivered,1,8.23,67
DLV00000183,DLVORD00001024,DRV00049,VEH0008,2023-09-02,2023-09-03,Delivered,1,22.98,55
DLV00000184,DLVORD00002253,DRV00053,VEH0038,2023-06-19,2023-06-19,Delivered,1,18.64,28
DLV00000185,DLVORD00002846,DRV00067,VEH0005,2024-08-25,2024-08-25,Delivered,1,12.06,9
DLV00000186,DLVORD00002241,DRV00075,VEH0039,2023-10-25,2023-10-26,Delivered,2,12.96,82
DLV00000187,DLVORD00000209,DRV00031,VEH0027,2023-09-10,2023-09-13,Delivered,1,8.46,7
DLV00000188,DLVORD00000179,DRV00038,VEH0011,2024-10-12,,Pending,1,14.35,59
DLV00000189,DLVORD00000880,DRV00023,VEH0014,2022-03-05,2022-03-05,Delivered,3,13.45,78
DLV00000190,DLVORD00001988,DRV00008,VEH0043,2024-01-11,,Failed,1,21.85,45
DLV00000191,DLVORD00002770,DRV00030,VEH0017,2022-12-09,2022-12-09,Delivered,1,16.38,37
DLV00000192,DLVORD00002365,DRV00067,VEH0027,2024-02-22,,Rescheduled,1,20.76,29
DLV00000193,DLVORD00002488,DRV00021,VEH0033,2023-04-11,2023-04-11,Delivered,1,19.59,23
DLV00000194,DLVORD00002704,DRV00063,VEH0028,2023-07-18,,Failed,1,29.85,50
DLV00000195,DLVORD00000846,DRV00048,VEH0027,2023-12-10,,Pending,1,1.91,74
DLV00000196,DLVORD00001757,DRV00077,VEH0046,2024-02-17,2024-02-26,Delivered,1,18.69,24
DLV00000197,DLVORD00000696,DRV00018,VEH0009,2024-01-24,2024-02-03,Delivered,1,29.28,87
DLV00000198,DLVORD00000986,DRV00028,VEH0033,2024-06-04,,Failed,1,2.08,15
DLV00000199,DLVORD00002031,DRV00073,VEH0045,2023-08-04,2023-08-10,Delivered,1,28.97,44
DLV00000200,DLVORD00000116,DRV00038,VEH0040,2024-11-10,,Rescheduled,1,21.15,21
DLV00000201,DLVORD00001318,DRV00077,VEH0018,2022-12-24,2023-01-04,Delivered,1,25.47,63
DLV00000202,DLVORD00000466,DRV00016,VEH0039,2022-10-17,2022-10-17,Delivered,1,10.65,84
DLV00000203,DLVORD00001155,DRV00007,VEH0022,2024-05-21,2024-05-29,Delivered,1,6.84,43
DLV00000204,DLVORD00000009,DRV00036,VEH0017,2024-03-13,2024-03-14,Delivered,1,14.96,17
DLV00000205,DLVORD00000400,DRV00075,VEH0019,2024-07-03,,Failed,1,29.64,19
DLV00000206,DLVORD00002174,DRV00008,VEH0041,2024-12-04,2024-12-04,Delivered,2,6.44,35
DLV00000207,DLVORD00002020,DRV00029,VEH0019,2024-03-05,2024-03-05,Delivered,1,26.46,67
DLV00000208,DLVORD00001072,DRV00012,VEH0024,2022-08-17,2022-08-17,Delivered,1,18.86,17
DLV00000209,DLVORD00002609,DRV00051,VEH0037,2022-12-31,,Failed,1,19.64,51
DLV00000210,DLVORD00001077,DRV00022,VEH0007,2024-10-04,2024-10-05,Delivered,1,2.72,20
DLV00000211,DLVORD00002527,DRV00029,VEH0046,2023-05-31,2023-06-02,Delivered,1,3.89,18
DLV00000212,DLVORD00001967,DRV00069,VEH0043,2023-08-20,,Pending,1,28.19,43
DLV00000213,DLVORD00002761,DRV00035,VEH0026,2023-02-03,2023-02-08,Delivered,1,13.56,52
DLV00000214,DLVORD00000427,DRV00018,VEH0021,2023-07-17,2023-07-26,Delivered,1,20.25,81
DLV00000215,DLVORD00001698,DRV00071,VEH0029,2023-10-24,2023-10-25,Delivered,1,25.69,38
DLV00000216,DLVORD00001832,DRV00046,VEH0041,2023-11-02,,Pending,1,29.84,76
DLV00000217,DLVORD00002009,DRV00021,VEH0014,2024-12-13,,Pending,1,28.37,64
DLV00000218,DLVORD00000326,DRV00011,VEH0006,2024-08-06,2024-08-11,Delivered,1,5.03,9
DLV00000219,DLVORD00000634,DRV00030,VEH0036,2022-07-24,,Failed,1,15.48,41
DLV00000220,DLVORD00002550,DRV00056,VEH0029,2024-02-22,2024-02-24,Delivered,1,13.03,65
DLV00000221,DLVORD00001220,DRV00029,VEH0031,2022-11-02,,Pending,1,17.46,12
DLV00000222,DLVORD00002623,DRV00048,VEH0042,2023-11-06,2023-11-11,Delivered,1,16.28,18
DLV00000223,DLVORD00000825,DRV00030,VEH0045,2022-02-18,,Rescheduled,1,18.82,55
DLV00000224,DLVORD00002005,DRV00025,VEH0046,2024-01-18,2024-01-24,Delivered,1,15.77,90
DLV00000225,DLVORD00002905,DRV00071,VEH0027,2022-05-04,,Rescheduled,1,2.2,11
DLV00000226,DLVORD00000516,DRV00057,VEH0005,2024-05-15,2024-05-16,Delivered,1,27.5,38
DLV00000227,DLVORD00001517,DRV00073,VEH0015,2022-09-16,2022-09-19,Delivered,1,17.42,70
DLV00000228,DLVORD00000066,DRV00036,VEH0032,2023-09-19,,Pending,1,25.37,21
DLV00000229,DLVORD00000616,DRV00016,VEH0020,2024-04-22,,Pending,1,11.83,41
DLV00000230,DLVORD00002601,DRV00038,VEH0004,2023-04-26,,Pending,1,14.05,45
DLV00000231,DLVORD00001305,DRV00057,VEH0004,2022-10-06,2022-10-09,Delivered,1,16.69,63
DLV00000232,DLVORD00001675,DRV00066,VEH0013,2024-01-26,2024-01-26,Delivered,1,29.55,27
DLV00000233,DLVORD00000575,DRV00057,VEH0041,2024-08-15,2024-08-18,Delivered,1,18.63,32
DLV00000234,DLVORD00000554,DRV00016,VEH0040,2023-08-28,,Failed,1,26.74,32
DLV00000235,DLVORD00002561,DRV00080,VEH0029,2022-10-11,,Failed,1,14.46,37
DLV00000236,DLVORD00000064,DRV00046,VEH0007,2022-11-21,,Pending,1,12.13,9
DLV00000237,DLVORD00000803,DRV00029,VEH0018,2024-05-17,,Pending,1,4.73,10
DLV00000238,DLVORD00001722,DRV00079,VEH0017,2023-01-13,,Rescheduled,1,16.3,83
DLV00000239,DLVORD00001948,DRV00037,VEH0016,2024-03-19,,Failed,1,27.02,30
DLV00000240,DLVORD00002501,DRV00018,VEH0021,2024-04-30,,Rescheduled,1,27.84,5
DLV00000241,DLVORD00000952,DRV00015,VEH0009,2023-09-28,2023-09-28,Delivered,1,2.31,41
DLV00000242,DLVORD00000752,DRV00038,VEH0020,2024-03-17,2024-03-19,Delivered,1,7.08,32
DLV00000243,DLVORD00002619,DRV00060,VEH0002,2023-03-28,2023-03-31,Delivered,1,18.88,49
DLV00000244,DLVORD00002462,DRV00077,VEH0030,2023-09-27,,Pending,1,5.72,44
DLV00000245,DLVORD00001340,DRV00044,VEH0012,2023-11-12,2023-11-12,Delivered,1,15.76,52
DLV00000246,DLVORD00001981,DRV00043,VEH0040,2023-02-20,2023-02-21,Delivered,1,21.29,88
DLV00000247,DLVORD00001382,DRV00055,VEH0035,2022-03-07,2022-03-07,Delivered,1,24.88,16
DLV00000248,DLVORD00002689,DRV00079,VEH0020,2023-08-21,2023-08-21,Delivered,1,23.92,5
DLV00000249,DLVORD00001165,DRV00005,VEH0008,2022-02-16,2022-02-16,Delivered,1,15.91,50
DLV00000250,DLVORD00002071,DRV00077,VEH0047,2023-07-06,2023-07-07,Delivered,1,16.88,11
DLV00000251,DLVORD00002307,DRV00078,VEH0014,2024-09-03,2024-09-04,Delivered,1,7.68,57
DLV00000252,DLVORD00001848,DRV00035,VEH0018,2023-10-27,2023-10-27,Delivered,1,20.18,45
DLV00000253,DLVORD00002712,DRV00032,VEH0048,2024-09-04,2024-09-16,Delivered,1,16.06,66
DLV00000254,DLVORD00002905,DRV00048,VEH0021,2022-05-04,2022-05-04,Delivered,1,15.25,83
DLV00000255,DLVORD00001990,DRV00001,VEH0046,2023-12-23,2023-12-23,Delivered,1,26.82,59
DLV00000256,DLVORD00001579,DRV00020,VEH0032,2022-11-17,,Pending,1,17.35,59
DLV00000257,DLVORD00001522,DRV00011,VEH0041,2023-02-07,2023-02-07,Delivered,1,5.61,57
DLV00000258,DLVORD00002810,DRV00073,VEH0035,2024-02-06,2024-02-06,Delivered,1,13.42,8
DLV00000259,DLVORD00000161,DRV00019,VEH0006,2022-12-19,,Rescheduled,1,18.68,10
DLV00000260,DLVORD00002279,DRV00052,VEH0012,2023-08-23,2023-08-23,Delivered,1,5.13,57
DLV00000261,DLVORD00002348,DRV00075,VEH0036,2022-12-28,2022-12-28,Delivered,1,26.07,38
DLV00000262,DLVORD00001458,DRV00068,VEH0031,2023-02-23,2023-03-01,Delivered,1,18.93,26
DLV00000263,DLVORD00002886,DRV00050,VEH0014,2023-12-08,2023-12-08,Delivered,1,3.45,15
DLV00000264,DLVORD00002978,DRV00059,VEH0021,2022-12-24,2022-12-26,Delivered,1,11.52,38
DLV00000265,DLVORD00000462,DRV00077,VEH0038,2022-11-03,2022-11-03,Delivered,1,4.75,36
DLV00000266,DLVORD00001338,DRV00022,VEH0024,2023-06-17,2023-06-17,Delivered,1,23.6,40
DLV00000267,DLVORD00002938,DRV00052,VEH0020,2022-01-16,2022-01-16,Delivered,1,12.11,81
DLV00000268,DLVORD00002210,DRV00032,VEH0022,2022-10-25,,Pending,1,4.52,36
DLV00000269,DLVORD00000879,DRV00007,VEH0030,2024-02-18,2024-02-20,Delivered,1,1.98,62
DLV00000270,DLVORD00001200,DRV00032,VEH0044,2023-03-27,2023-03-30,Delivered,1,27.66,12
DLV00000271,DLVORD00001193,DRV00025,VEH0013,2022-06-23,2022-06-23,Delivered,1,27.48,71
DLV00000272,DLVORD00001699,DRV00043,VEH0002,2022-09-05,2022-09-05,Delivered,1,22.25,58
DLV00000273,DLVORD00001661,DRV00036,VEH0004,2022-02-01,2022-02-08,Delivered,1,12.46,46
DLV00000274,DLVORD00000042,DRV00055,VEH0016,2024-06-28,2024-06-28,Delivered,1,29.34,75
DLV00000275,DLVORD00002402,DRV00060,VEH0037,2022-10-15,2022-10-15,Delivered,1,1.42,45
DLV00000276,DLVORD00000805,DRV00063,VEH0037,2023-11-18,2023-11-18,Delivered,1,29.19,31
DLV00000277,DLVORD00000563,DRV00005,VEH0003,2024-09-20,,Rescheduled,1,12.31,44
DLV00000278,DLVORD00001893,DRV00060,VEH0017,2023-10-19,,Rescheduled,1,11.73,28
DLV00000279,DLVORD00000615,DRV00013,VEH0036,2022-12-13,,Pending,1,19.59,67
DLV00000280,DLVORD00001854,DRV00065,VEH0009,2022-08-30,2022-09-02,Delivered,1,2.73,44
DLV00000281,DLVORD00002143,DRV00035,VEH0040,2024-06-07,2024-06-07,Delivered,1,29.47,5
DLV00000282,DLVORD00002629,DRV00008,VEH0026,2024-05-27,2024-05-27,Delivered,1,8.74,55
DLV00000283,DLVORD00002378,DRV00039,VEH0049,2023-04-09,2023-04-10,Delivered,1,10.92,17
DLV00000284,DLVORD00001356,DRV00061,VEH0015,2024-12-13,,Pending,1,10.52,12
DLV00000285,DLVORD00001816,DRV00046,VEH0038,2023-01-01,2023-01-02,Delivered,1,2.78,8
DLV00000286,DLVORD00002661,DRV00018,VEH0023,2024-05-25,,Rescheduled,1,18.03,81
DLV00000287,DLVORD00000378,DRV00047,VEH0047,2024-07-11,,Rescheduled,1,16.52,58
DLV00000288,DLVORD00000253,DRV00003,VEH0018,2024-09-09,2024-09-12,Delivered,1,22.85,36
DLV00000289,DLVORD00002548,DRV00005,VEH0018,2023-05-04,,Failed,1,3.18,24
DLV00000290,DLVORD00002310,DRV00063,VEH0007,2023-08-21,,Rescheduled,1,27.58,16
DLV00000291,DLVORD00000811,DRV00075,VEH0046,2024-07-05,,Pending,1,3.41,24
DLV00000292,DLVORD00001191,DRV00055,VEH0048,2024-01-24,2024-01-24,Delivered,1,9.38,62
DLV00000293,DLVORD00002114,DRV00035,VEH0045,2023-11-19,2023-11-23,Delivered,1,27.6,21
DLV00000294,DLVORD00000750,DRV00064,VEH0027,2023-08-24,,Rescheduled,1,25.44,80
DLV00000295,DLVORD00001968,DRV00046,VEH0013,2023-09-11,2023-09-14,Delivered,1,12.72,77
DLV00000296,DLVORD00001761,DRV00006,VEH0028,2024-09-20,2024-09-28,Delivered,1,21.02,76
DLV00000297,DLVORD00001611,DRV00037,VEH0043,2024-04-24,,Pending,1,6.57,76
DLV00000298,DLVORD00000797,DRV00016,VEH0046,2022-08-30,,Pending,1,13.54,63
DLV00000299,DLVORD00000669,DRV00039,VEH0020,2024-06-02,2024-06-07,Delivered,1,5.72,17
DLV00000300,DLVORD00001005,DRV00009,VEH0047,2023-05-28,,Rescheduled,1,29.07,28
DLV00000301,DLVORD00001939,DRV00018,VEH0048,2024-02-13,2024-02-17,Delivered,1,28.5,58
DLV00000302,DLVORD00000666,DRV00020,VEH0013,2024-01-19,2024-01-20,Delivered,1,25.14,12
DLV00000303,DLVORD00002871,DRV00003,VEH0036,2023-05-12,2023-05-18,Delivered,1,10.98,60
DLV00000304,DLVORD00002841,DRV00013,VEH0047,2023-11-21,,Failed,1,6.64,52
DLV00000305,DLVORD00002448,DRV00039,VEH0046,2022-11-16,,Pending,2,17.99,66
DLV00000306,DLVORD00000633,DRV00010,VEH0029,2023-08-06,2023-08-06,Delivered,1,17.9,58
DLV00000307,DLVORD00001091,DRV00021,VEH0013,2023-11-01,2023-11-01,Delivered,1,6.19,49
DLV00000308,DLVORD00002304,DRV00025,VEH0024,2024-06-28,2024-07-07,Delivered,1,28.87,7
DLV00000309,DLVORD00002206,DRV00059,VEH0004,2022-11-07,2022-11-07,Delivered,1,2.54,55
DLV00000310,DLVORD00002453,DRV00022,VEH0045,2024-02-17,2024-02-20,Delivered,1,18.83,9
DLV00000311,DLVORD00000948,DRV00063,VEH0021,2023-01-30,2023-01-30,Delivered,1,19.38,33
DLV00000312,DLVORD00002151,DRV00026,VEH0046,2024-08-16,2024-08-16,Delivered,1,8.28,5
DLV00000313,DLVORD00002044,DRV00013,VEH0023,2024-02-26,,Failed,1,9.47,70
DLV00000314,DLVORD00000672,DRV00048,VEH0015,2024-06-27,,Rescheduled,2,8.27,56
DLV00000315,DLVORD00001742,DRV00014,VEH0015,2024-01-02,,Rescheduled,1,24.98,27
DLV00000316,DLVORD00002851,DRV00011,VEH0029,2024-06-07,,Pending,1,4.22,76
DLV00000317,DLVORD00000646,DRV00055,VEH0032,2024-11-11,2024-11-11,Delivered,1,4.5,59
DLV00000318,DLVORD00002872,DRV00067,VEH0044,2022-10-26,2022-10-29,Delivered,1,20.0,11
DLV00000319,DLVORD00000110,DRV00014,VEH0001,2023-03-21,2023-03-25,Delivered,1,26.02,83
DLV00000320,DLVORD00000874,DRV00023,VEH0019,2023-04-30,2023-04-30,Delivered,1,12.31,5
DLV00000321,DLVORD00000765,DRV00056,VEH0020,2023-11-18,2023-11-20,Delivered,1,20.7,12
DLV00000322,DLVORD00000089,DRV00061,VEH0023,2022-02-27,2022-02-27,Delivered,1,6.16,28
DLV00000323,DLVORD00002253,DRV00065,VEH0011,2023-06-19,2023-06-19,Delivered,1,23.02,34
DLV00000324,DLVORD00000668,DRV00065,VEH0035,2023-07-03,2023-07-10,Delivered,1,29.52,40
DLV00000325,DLVORD00000021,DRV00016,VEH0040,2023-12-17,2023-12-21,Delivered,2,6.68,11
DLV00000326,DLVORD00001322,DRV00043,VEH0012,2023-06-03,2023-06-03,Delivered,1,27.14,34
DLV00000327,DLVORD00000143,DRV00063,VEH0038,2024-03-11,,Failed,1,5.18,83
DLV00000328,DLVORD00002844,DRV00021,VEH0038,2024-09-04,2024-09-07,Delivered,1,5.71,37
DLV00000329,DLVORD00002587,DRV00019,VEH0020,2023-06-18,2023-06-18,Delivered,1,12.47,59
DLV00000330,DLVORD00002264,DRV00061,VEH0050,2023-07-01,2023-07-01,Delivered,1,4.31,33
DLV00000331,DLVORD00001885,DRV00047,VEH0033,2022-11-18,,Failed,1,2.56,65
DLV00000332,DLVORD00002347,DRV00039,VEH0038,2022-04-01,,Failed,1,11.93,23
DLV00000333,DLVORD00000247,DRV00028,VEH0041,2022-07-09,2022-07-10,Delivered,1,24.77,69
DLV00000334,DLVORD00000380,DRV00030,VEH0024,2023-08-26,2023-09-08,Delivered,1,11.26,30
DLV00000335,DLVORD00000730,DRV00042,VEH0050,2022-09-21,2022-09-21,Delivered,1,25.75,89
DLV00000336,DLVORD00000979,DRV00023,VEH0050,2023-01-30,2023-01-30,Delivered,1,18.27,28
DLV00000337,DLVORD00002003,DRV00066,VEH0030,2023-12-10,2023-12-11,Delivered,1,26.75,33
DLV00000338,DLVORD00001101,DRV00052,VEH0001,2023-03-30,2023-03-30,Delivered,1,29.2,30
DLV00000339,DLVORD00001985,DRV00067,VEH0027,2023-09-14,2023-09-16,Delivered,1,17.16,17
DLV00000340,DLVORD00002609,DRV00025,VEH0006,2022-12-31,2023-01-07,Delivered,1,5.88,71
DLV00000341,DLVORD00001282,DRV00039,VEH0023,2023-03-17,2023-03-19,Delivered,1,7.48,81
DLV00000342,DLVORD00001487,DRV00007,VEH0014,2024-12-11,2024-12-11,Delivered,1,18.85,32
DLV00000343,DLVORD00001117,DRV00047,VEH0029,2022-08-30,2022-08-30,Delivered,1,14.87,22
DLV00000344,DLVORD00001665,DRV00074,VEH0005,2023-01-20,2023-01-20,Delivered,1,29.51,40
DLV00000345,DLVORD00000889,DRV00049,VEH0048,2024-04-15,2024-04-15,Delivered,1,10.39,26
DLV00000346,DLVORD00002865,DRV00063,VEH0038,2023-07-28,2023-07-30,Delivered,1,23.54,84
DLV00000347,DLVORD00002814,DRV00033,VEH0014,2024-12-25,2024-12-25,Delivered,1,21.26,19
DLV00000348,DLVORD00001772,DRV00079,VEH0027,2023-09-02,2023-09-03,Delivered,1,25.37,88
DLV00000349,DLVORD00001851,DRV00037,VEH0002,2023-05-15,2023-05-18,Delivered,1,9.06,40
DLV00000350,DLVORD00001637,DRV00029,VEH0025,2022-11-07,2022-11-08,Delivered,1,24.31,47
DLV00000351,DLVORD00002861,DRV00057,VEH0035,2024-01-25,,Rescheduled,1,21.38,21
DLV00000352,DLVORD00002142,DRV00036,VEH0005,2023-09-21,,Rescheduled,1,10.27,39
DLV00000353,DLVORD00002782,DRV00068,VEH0044,2022-05-23,,Rescheduled,1,6.08,18
DLV00000354,DLVORD00002786,DRV00022,VEH0023,2022-01-21,,Rescheduled,1,12.96,60
DLV00000355,DLVORD00002561,DRV00063,VEH0018,2022-10-12,,Rescheduled,1,24.25,81
DLV00000356,DLVORD00000981,DRV00048,VEH0026,2023-09-02,2023-09-02,Delivered,1,18.13,75
DLV00000357,DLVORD00002196,DRV00073,VEH0012,2024-03-12,,Failed,1,20.6,38
DLV00000358,DLVORD00002976,DRV00021,VEH0049,2024-06-23,,Rescheduled,1,6.99,56
DLV00000359,DLVORD00002368,DRV00039,VEH0014,2023-05-21,2023-05-21,Delivered,1,5.65,7
DLV00000360,DLVORD00001669,DRV00052,VEH0012,2023-12-21,,Pending,1,11.5,53
DLV00000361,DLVORD00002923,DRV00018,VEH0033,2023-03-02,,Rescheduled,1,3.0,34
DLV00000362,DLVORD00002981,DRV00055,VEH0031,2023-03-26,,Rescheduled,1,16.04,75
DLV00000363,DLVORD00000673,DRV00026,VEH0016,2022-11-09,2022-11-14,Delivered,1,15.5,64
DLV00000364,DLVORD00001084,DRV00034,VEH0050,2022-10-20,2022-10-20,Delivered,1,8.73,89
DLV00000365,DLVORD00002286,DRV00032,VEH0001,2024-06-19,,Failed,1,7.51,50
DLV00000366,DLVORD00000445,DRV00016,VEH0045,2023-02-08,2023-02-08,Delivered,1,19.14,8
DLV00000367,DLVORD00001429,DRV00039,VEH0004,2022-01-26,,Rescheduled,1,21.44,89
DLV00000368,DLVORD00001695,DRV00061,VEH0013,2023-11-27,2023-12-03,Delivered,1,29.74,35
DLV00000369,DLVORD00001313,DRV00079,VEH0016,2024-03-10,2024-03-15,Delivered,1,12.85,59
DLV00000370,DLVORD00002135,DRV00065,VEH0020,2022-11-22,2022-12-02,Delivered,1,22.88,59
DLV00000371,DLVORD00001468,DRV00026,VEH0018,2022-03-23,2022-03-23,Delivered,1,23.74,67
DLV00000372,DLVORD00000481,DRV00025,VEH0047,2023-12-15,2023-12-17,Delivered,1,17.84,67
DLV00000373,DLVORD00001352,DRV00037,VEH0010,2024-04-08,,Pending,1,23.64,27
DLV00000374,DLVORD00000483,DRV00053,VEH0010,2024-12-02,2024-12-06,Delivered,1,2.88,46
DLV00000375,DLVORD00002941,DRV00060,VEH0043,2024-03-25,2024-03-25,Delivered,1,7.96,24
DLV00000376,DLVORD00002417,DRV00021,VEH0011,2024-10-29,2024-10-29,Delivered,1,21.24,63
DLV00000377,DLVORD00001969,DRV00068,VEH0022,2024-04-24,2024-04-26,Delivered,1,10.75,20
DLV00000378,DLVORD00002951,DRV00073,VEH0005,2023-05-31,,Pending,1,3.37,32
DLV00000379,DLVORD00001039,DRV00015,VEH0008,2023-12-03,2023-12-07,Delivered,1,13.53,53
DLV00000380,DLVORD00002214,DRV00038,VEH0038,2024-01-14,2024-01-24,Delivered,1,3.87,54
DLV00000381,DLVORD00000204,DRV00002,VEH0010,2024-09-01,2024-09-01,Delivered,1,5.64,54
DLV00000382,DLVORD00000179,DRV00032,VEH0021,2024-10-12,,Rescheduled,1,27.17,76
DLV00000383,DLVORD00000252,DRV00012,VEH0038,2024-01-15,2024-01-16,Delivered,1,4.62,10
DLV00000384,DLVORD00001380,DRV00009,VEH0038,2024-03-20,2024-03-22,Delivered,1,24.92,23
DLV00000385,DLVORD00000028,DRV00009,VEH0038,2023-10-19,2023-10-19,Delivered,1,29.54,29
DLV00000386,DLVORD00000030,DRV00056,VEH0042,2023-08-21,2023-08-22,Delivered,1,16.89,69
DLV00000387,DLVORD00000281,DRV00040,VEH0001,2023-09-02,2023-09-06,Delivered,1,29.46,89
DLV00000388,DLVORD00000005,DRV00075,VEH0047,2023-10-14,2023-10-19,Delivered,1,19.59,41
DLV00000389,DLVORD00000326,DRV00034,VEH0035,2024-08-06,,Rescheduled,1,29.23,38
DLV00000390,DLVORD00000658,DRV00042,VEH0009,2022-11-16,2022-11-24,Delivered,1,18.4,71
DLV00000391,DLVORD00002195,DRV00040,VEH0009,2022-10-30,,Failed,1,21.21,55
DLV00000392,DLVORD00002153,DRV00016,VEH0033,2023-05-07,2023-05-07,Delivered,1,21.9,26
DLV00000393,DLVORD00002946,DRV00004,VEH0017,2022-05-09,2022-05-09,Delivered,1,28.67,80
DLV00000394,DLVORD00000284,DRV00057,VEH0042,2024-11-25,2024-11-26,Delivered,1,7.24,58
DLV00000395,DLVORD00001618,DRV00079,VEH0009,2023-03-05,2023-03-05,Delivered,1,4.58,73
DLV00000396,DLVORD00002336,DRV00013,VEH0039,2024-07-18,,Failed,1,17.99,74
DLV00000397,DLVORD00000695,DRV00012,VEH0029,2024-01-15,2024-01-19,Delivered,1,10.87,46
DLV00000398,DLVORD00002805,DRV00063,VEH0008,2023-06-29,2023-06-29,Delivered,1,7.3,52
DLV00000399,DLVORD00001783,DRV00001,VEH0016,2024-05-02,2024-05-11,Delivered,1,16.69,22
DLV00000400,DLVORD00001451,DRV00023,VEH0023,2024-05-04,2024-05-06,Delivered,1,17.05,90
DLV00000401,DLVORD00002803,DRV00004,VEH0018,2024-12-25,,Pending,1,9.87,14
DLV00000402,DLVORD00002399,DRV00073,VEH0012,2024-10-04,,Rescheduled,1,17.2,16
DLV00000403,DLVORD00001143,DRV00009,VEH0023,2023-11-23,2023-11-23,Delivered,1,6.79,78
DLV00000404,DLVORD00001591,DRV00010,VEH0036,2024-08-01,2024-08-02,Delivered,1,29.83,36
DLV00000405,DLVORD00001807,DRV00070,VEH0049,2024-03-19,2024-03-19,Delivered,1,28.4,61
DLV00000406,DLVORD00001225,DRV00080,VEH0035,2024-04-26,2024-04-26,Delivered,1,26.92,29
DLV00000407,DLVORD00002021,DRV00065,VEH0002,2023-01-14,2023-01-14,Delivered,1,26.11,75
DLV00000408,DLVORD00000331,DRV00039,VEH0036,2023-11-18,2023-11-18,Delivered,1,21.87,66
DLV00000409,DLVORD00002224,DRV00028,VEH0044,2023-09-17,2023-09-25,Delivered,1,29.28,35
DLV00000410,DLVORD00001744,DRV00046,VEH0003,2022-12-24,,Failed,1,13.24,24
DLV00000411,DLVORD00002252,DRV00027,VEH0022,2022-09-03,2022-09-03,Delivered,1,28.23,85
DLV00000412,DLVORD00002753,DRV00080,VEH0038,2023-02-22,2023-03-01,Delivered,1,5.26,9
DLV00000413,DLVORD00000560,DRV00049,VEH0045,2023-07-22,,Rescheduled,1,13.13,22
DLV00000414,DLVORD00001349,DRV00054,VEH0009,2024-04-09,,Pending,1,23.39,21
DLV00000415,DLVORD00002119,DRV00076,VEH0025,2024-07-27,,Failed,1,12.88,28
DLV00000416,DLVORD00000470,DRV00049,VEH0037,2024-07-09,,Rescheduled,1,22.51,49
DLV00000417,DLVORD00002263,DRV00077,VEH0045,2024-08-10,,Pending,1,28.11,41
DLV00000418,DLVORD00001159,DRV00065,VEH0033,2024-09-20,2024-09-23,Delivered,1,9.54,34
DLV00000419,DLVORD00000916,DRV00004,VEH0015,2024-12-08,,Rescheduled,1,16.57,61
DLV00000420,DLVORD00001791,DRV00054,VEH0040,2023-12-18,,Failed,1,9.72,23
DLV00000421,DLVORD00000271,DRV00064,VEH0046,2024-03-23,2024-03-23,Delivered,1,5.37,49
DLV00000422,DLVORD00001493,DRV00015,VEH0003,2022-10-16,2022-10-20,Delivered,1,12.77,61
DLV00000423,DLVORD00002685,DRV00018,VEH0045,2023-03-14,2023-03-14,Delivered,1,28.66,52
DLV00000424,DLVORD00000371,DRV00016,VEH0039,2023-05-20,2023-05-20,Delivered,1,19.55,84
DLV00000425,DLVORD00000698,DRV00026,VEH0034,2023-03-16,2023-03-16,Delivered,1,10.78,17
DLV00000426,DLVORD00002279,DRV00034,VEH0023,2023-08-21,,Failed,1,28.65,39
DLV00000427,DLVORD00002790,DRV00022,VEH0016,2023-02-15,2023-02-15,Delivered,1,8.47,75
DLV00000428,DLVORD00001304,DRV00047,VEH0035,2022-10-31,2022-11-01,Delivered,1,14.5,28
DLV00000429,DLVORD00000780,DRV00032,VEH0026,2023-11-11,,Rescheduled,2,8.99,48
DLV00000430,DLVORD00001958,DRV00029,VEH0041,2022-10-18,2022-10-20,Delivered,1,8.08,10
DLV00000431,DLVORD00000719,DRV00064,VEH0003,2022-03-04,,Rescheduled,1,24.82,85
DLV00000432,DLVORD00002565,DRV00034,VEH0009,2024-05-30,2024-05-30,Delivered,1,7.07,63
DLV00000433,DLVORD00001595,DRV00063,VEH0018,2022-10-26,2022-11-04,Delivered,1,5.42,43
DLV00000434,DLVORD00002587,DRV00025,VEH0013,2023-06-18,2023-06-18,Delivered,1,22.51,13
DLV00000435,DLVORD00001505,DRV00009,VEH0003,2023-01-23,2023-01-25,Delivered,1,20.21,23
DLV00000436,DLVORD00002721,DRV00033,VEH0002,2023-11-29,2023-11-30,Delivered,1,2.33,42
DLV00000437,DLVORD00000325,DRV00028,VEH0005,2024-04-17,2024-04-21,Delivered,1,28.98,48
DLV00000438,DLVORD00001704,DRV00057,VEH0023,2023-12-17,,Failed,1,19.0,41
DLV00000439,DLVORD00002298,DRV00040,VEH0031,2022-10-03,,Pending,1,7.38,40
DLV00000440,DLVORD00002968,DRV00038,VEH0002,2023-06-05,2023-06-05,Delivered,1,14.32,70
DLV00000441,DLVORD00002238,DRV00026,VEH0022,2022-07-17,2022-07-17,Delivered,1,25.7,53
DLV00000442,DLVORD00000390,DRV00050,VEH0027,2022-11-11,,Rescheduled,1,21.82,15
DLV00000443,DLVORD00000106,DRV00062,VEH0032,2024-10-03,2024-10-03,Delivered,1,27.31,11
DLV00000444,DLVORD00000160,DRV00035,VEH0021,2023-02-27,,Pending,1,2.66,38
DLV00000445,DLVORD00002389,DRV00030,VEH0033,2024-11-23,2024-11-23,Delivered,1,10.01,72
DLV00000446,DLVORD00001245,DRV00079,VEH0042,2024-03-17,,Rescheduled,1,19.32,15
DLV00000447,DLVORD00001886,DRV00019,VEH0033,2024-07-07,2024-07-13,Delivered,1,6.58,27
DLV00000448,DLVORD00001504,DRV00049,VEH0013,2023-03-31,2023-03-31,Delivered,1,10.97,78
DLV00000449,DLVORD00001416,DRV00032,VEH0034,2023-11-23,,Failed,1,14.72,38
DLV00000450,DLVORD00000485,DRV00022,VEH0016,2023-04-05,2023-04-07,Delivered,1,5.26,81
DLV00000451,DLVORD00000248,DRV00037,VEH0041,2022-05-15,2022-05-22,Delivered,1,17.84,56
DLV00000452,DLVORD00002238,DRV00067,VEH0035,2022-07-17,2022-07-17,Delivered,1,27.19,50
DLV00000453,DLVORD00001251,DRV00071,VEH0014,2022-09-06,2022-09-06,Delivered,1,14.34,54
DLV00000454,DLVORD00000953,DRV00011,VEH0018,2024-12-09,2024-12-17,Delivered,1,9.48,29
DLV00000455,DLVORD00001717,DRV00047,VEH0027,2024-01-11,2024-01-11,Delivered,1,9.04,22
DLV00000456,DLVORD00000784,DRV00055,VEH0019,2022-10-27,,Failed,1,12.96,63
DLV00000457,DLVORD00001764,DRV00074,VEH0003,2023-04-12,2023-04-12,Delivered,1,12.54,5
DLV00000458,DLVORD00000763,DRV00079,VEH0001,2024-01-30,,Pending,1,21.48,42
DLV00000459,DLVORD00002900,DRV00022,VEH0032,2024-01-27,2024-01-27,Delivered,1,5.17,14
DLV00000460,DLVORD00000992,DRV00046,VEH0041,2022-03-25,2022-03-28,Delivered,1,18.67,74
DLV00000461,DLVORD00001621,DRV00025,VEH0044,2024-12-21,2024-12-21,Delivered,1,13.58,84
DLV00000462,DLVORD00000599,DRV00029,VEH0035,2024-06-12,,Rescheduled,1,9.6,17
DLV00000463,DLVORD00002524,DRV00028,VEH0001,2024-06-12,2024-06-19,Delivered,1,14.04,21
DLV00000464,DLVORD00002729,DRV00073,VEH0007,2022-06-24,2022-06-24,Delivered,1,1.61,21
DLV00000465,DLVORD00002483,DRV00035,VEH0032,2024-07-04,,Rescheduled,1,1.96,34
DLV00000466,DLVORD00001257,DRV00012,VEH0041,2022-07-03,,Failed,1,16.03,20
DLV00000467,DLVORD00001185,DRV00015,VEH0033,2022-12-28,2022-12-28,Delivered,1,25.0,25
DLV00000468,DLVORD00001297,DRV00071,VEH0006,2023-09-01,2023-09-01,Delivered,1,11.16,89
DLV00000469,DLVORD00000881,DRV00037,VEH0004,2023-04-29,2023-05-02,Delivered,1,12.77,78
DLV00000470,DLVORD00000347,DRV00046,VEH0036,2023-06-04,,Pending,1,7.44,9
DLV00000471,DLVORD00001956,DRV00020,VEH0039,2023-12-11,2023-12-11,Delivered,1,22.17,50
DLV00000472,DLVORD00001988,DRV00039,VEH0029,2024-01-11,,Failed,1,28.78,35
DLV00000473,DLVORD00001304,DRV00033,VEH0007,2022-11-01,2022-11-01,Delivered,1,15.52,86
DLV00000474,DLVORD00001679,DRV00064,VEH0022,2022-08-23,2022-08-30,Delivered,1,15.46,24
DLV00000475,DLVORD00002888,DRV00041,VEH0009,2024-04-08,2024-04-17,Delivered,1,8.07,58
DLV00000476,DLVORD00000817,DRV00029,VEH0031,2023-03-22,2023-03-24,Delivered,1,24.5,18
DLV00000477,DLVORD00000077,DRV00061,VEH0018,2022-05-06,2022-05-06,Delivered,1,15.68,28
DLV00000478,DLVORD00001350,DRV00049,VEH0040,2023-03-05,2023-03-07,Delivered,1,14.24,48
DLV00000479,DLVORD00001059,DRV00041,VEH0025,2023-02-14,,Failed,1,1.28,11
DLV00000480,DLVORD00000537,DRV00030,VEH0002,2024-04-15,2024-04-15,Delivered,1,21.55,61
DLV00000481,DLVORD00000936,DRV00051,VEH0014,2023-02-13,,Failed,1,17.39,48
DLV00000482,DLVORD00001464,DRV00047,VEH0036,2024-03-01,2024-03-01,Delivered,1,13.07,55
DLV00000483,DLVORD00001550,DRV00025,VEH0021,2023-03-07,2023-03-07,Delivered,1,19.34,73
DLV00000484,DLVORD00000467,DRV00064,VEH0022,2023-09-21,,Failed,1,5.31,37
DLV00000485,DLVORD00001778,DRV00016,VEH0022,2023-03-16,2023-03-16,Delivered,1,21.38,39
DLV00000486,DLVORD00002368,DRV00056,VEH0005,2023-05-22,,Pending,1,22.36,54
DLV00000487,DLVORD00001931,DRV00037,VEH0040,2024-02-05,2024-02-08,Delivered,1,26.27,46
DLV00000488,DLVORD00001203,DRV00077,VEH0033,2024-06-16,2024-06-16,Delivered,1,20.93,12
DLV00000489,DLVORD00001419,DRV00050,VEH0022,2024-01-21,2024-01-23,Delivered,1,26.34,76
DLV00000490,DLVORD00002055,DRV00047,VEH0042,2024-08-05,2024-08-10,Delivered,2,6.3,7
DLV00000491,DLVORD00002298,DRV00047,VEH0037,2022-10-02,,Pending,1,26.2,62
DLV00000492,DLVORD00000765,DRV00033,VEH0027,2023-11-20,2023-11-20,Delivered,1,28.25,27
DLV00000493,DLVORD00001875,DRV00027,VEH0001,2023-07-23,,Failed,1,7.58,70
DLV00000494,DLVORD00000496,DRV00051,VEH0046,2022-09-13,,Rescheduled,1,16.05,73
DLV00000495,DLVORD00002614,DRV00065,VEH0034,2023-05-06,2023-05-11,Delivered,1,16.2,81
DLV00000496,DLVORD00002687,DRV00030,VEH0007,2023-06-20,2023-06-22,Delivered,1,23.89,79
DLV00000497,DLVORD00002070,DRV00076,VEH0045,2023-10-06,2023-10-06,Delivered,1,7.39,41
DLV00000498,DLVORD00000243,DRV00074,VEH0034,2022-12-06,2022-12-06,Delivered,1,10.94,80
DLV00000499,DLVORD00001918,DRV00055,VEH0026,2023-06-18,2023-06-19,Delivered,1,3.49,59
DLV00000500,DLVORD00000378,DRV00073,VEH0014,2024-07-11,2024-07-11,Delivered,1,10.6,57
DLV00000501,DLVORD00002216,DRV00018,VEH0030,2024-08-02,2024-08-11,Delivered,1,1.53,57
DLV00000502,DLVORD00000057,DRV00075,VEH0027,2023-06-04,2023-06-04,Delivered,1,19.25,27
DLV00000503,DLVORD00001720,DRV00026,VEH0022,2024-11-26,,Pending,1,28.95,14
DLV00000504,DLVORD00000361,DRV00008,VEH0011,2024-05-22,2024-06-01,Delivered,1,27.77,38
DLV00000505,DLVORD00001148,DRV00029,VEH0028,2023-01-01,2023-01-01,Delivered,1,1.54,26
DLV00000506,DLVORD00000508,DRV00018,VEH0024,2023-07-14,2023-07-14,Delivered,1,18.85,34
DLV00000507,DLVORD00002027,DRV00079,VEH0031,2023-05-04,2023-05-04,Delivered,1,29.87,75
DLV00000508,DLVORD00002013,DRV00035,VEH0043,2022-09-19,2022-09-19,Delivered,1,17.5,8
DLV00000509,DLVORD00002444,DRV00062,VEH0007,2023-06-24,2023-06-24,Delivered,1,21.25,23
DLV00000510,DLVORD00001845,DRV00033,VEH0023,2024-05-28,,Pending,1,27.11,19
DLV00000511,DLVORD00001465,DRV00044,VEH0031,2023-12-24,,Pending,1,16.7,26
DLV00000512,DLVORD00001457,DRV00059,VEH0007,2023-05-15,2023-05-19,Delivered,1,17.64,48
DLV00000513,DLVORD00002139,DRV00047,VEH0033,2024-03-08,2024-03-08,Delivered,1,6.06,15
DLV00000514,DLVORD00001375,DRV00044,VEH0002,2024-09-17,,Rescheduled,1,4.04,85
DLV00000515,DLVORD00001121,DRV00062,VEH0038,2023-10-19,2023-10-19,Delivered,1,22.4,77
DLV00000516,DLVORD00002990,DRV00002,VEH0044,2023-07-27,2023-07-27,Delivered,1,13.22,55
DLV00000517,DLVORD00002717,DRV00053,VEH0021,2024-12-17,2024-12-17,Delivered,1,24.38,81
DLV00000518,DLVORD00002223,DRV00059,VEH0012,2024-07-09,,Failed,1,5.29,45
DLV00000519,DLVORD00002552,DRV00076,VEH0019,2023-11-24,,Rescheduled,1,29.89,66
DLV00000520,DLVORD00000168,DRV00049,VEH0044,2022-05-20,,Rescheduled,1,20.51,63
DLV00000521,DLVORD00001371,DRV00033,VEH0012,2024-08-27,2024-09-06,Delivered,1,24.43,8
DLV00000522,DLVORD00002342,DRV00075,VEH0015,2022-09-11,2022-09-11,Delivered,1,18.21,52
DLV00000523,DLVORD00002504,DRV00028,VEH0044,2024-03-21,2024-03-22,Delivered,1,17.83,70
DLV00000524,DLVORD00000072,DRV00070,VEH0031,2023-06-13,,Failed,1,27.35,34
DLV00000525,DLVORD00002112,DRV00054,VEH0049,2024-03-20,2024-03-31,Delivered,1,3.35,36
DLV00000526,DLVORD00002750,DRV00037,VEH0027,2024-07-20,2024-07-20,Delivered,1,4.23,36
DLV00000527,DLVORD00003000,DRV00065,VEH0016,2024-12-20,,Rescheduled,1,11.36,14
DLV00000528,DLVORD00002796,DRV00015,VEH0015,2024-01-21,2024-01-21,Delivered,1,24.54,85
DLV00000529,DLVORD00000781,DRV00040,VEH0021,2024-01-08,2024-01-11,Delivered,1,16.24,20
DLV00000530,DLVORD00002673,DRV00010,VEH0017,2023-10-23,2023-10-28,Delivered,1,25.74,28
DLV00000531,DLVORD00000587,DRV00003,VEH0029,2024-02-07,2024-02-08,Delivered,1,22.63,51
DLV00000532,DLVORD00000928,DRV00023,VEH0012,2023-10-16,2023-10-16,Delivered,1,23.98,79
DLV00000533,DLVORD00002819,DRV00034,VEH0020,2022-10-25,,Failed,1,3.66,26
DLV00000534,DLVORD00001235,DRV00035,VEH0045,2022-08-27,,Rescheduled,1,29.37,55
DLV00000535,DLVORD00000142,DRV00004,VEH0006,2022-10-22,,Failed,1,12.4,75
DLV00000536,DLVORD00002625,DRV00037,VEH0006,2022-05-26,,Failed,1,12.68,30
DLV00000537,DLVORD00000386,DRV00057,VEH0005,2023-09-09,2023-09-09,Delivered,1,3.12,59
DLV00000538,DLVORD00000356,DRV00018,VEH0049,2023-12-21,2023-12-21,Delivered,1,9.32,79
DLV00000539,DLVORD00000904,DRV00063,VEH0040,2024-07-03,,Pending,1,5.6,31
DLV00000540,DLVORD00002313,DRV00048,VEH0049,2024-01-17,,Pending,1,11.93,14
DLV00000541,DLVORD00001141,DRV00008,VEH0021,2023-06-30,,Rescheduled,1,27.34,13
DLV00000542,DLVORD00002938,DRV00029,VEH0010,2022-01-18,2022-01-18,Delivered,1,15.23,27
DLV00000543,DLVORD00002543,DRV00023,VEH0024,2024-07-04,2024-07-06,Delivered,1,12.77,27
DLV00000544,DLVORD00001386,DRV00060,VEH0034,2024-07-23,,Rescheduled,2,23.27,39
DLV00000545,DLVORD00002374,DRV00046,VEH0010,2022-12-04,,Pending,1,29.58,83
DLV00000546,DLVORD00002997,DRV00047,VEH0011,2023-10-30,2023-11-03,Delivered,1,28.72,52
DLV00000547,DLVORD00001329,DRV00053,VEH0024,2024-06-17,,Failed,1,18.0,66
DLV00000548,DLVORD00002289,DRV00051,VEH0040,2022-02-25,2022-02-25,Delivered,1,16.46,11
DLV00000549,DLVORD00000690,DRV00059,VEH0001,2023-09-13,2023-09-13,Delivered,1,23.13,68
DLV00000550,DLVORD00001538,DRV00004,VEH0020,2024-03-07,2024-03-08,Delivered,3,17.03,28
DLV00000551,DLVORD00000414,DRV00068,VEH0005,2022-11-13,2022-11-13,Delivered,1,18.03,6
DLV00000552,DLVORD00000035,DRV00032,VEH0019,2024-07-14,2024-07-17,Delivered,1,20.14,46
DLV00000553,DLVORD00001907,DRV00004,VEH0008,2024-05-27,2024-05-27,Delivered,1,12.34,89
DLV00000554,DLVORD00002303,DRV00002,VEH0050,2022-02-20,,Pending,1,26.69,54
DLV00000555,DLVORD00000046,DRV00001,VEH0021,2024-01-04,2024-01-04,Delivered,1,21.51,65
DLV00000556,DLVORD00000941,DRV00034,VEH0038,2023-09-29,2023-09-29,Delivered,1,20.59,49
DLV00000557,DLVORD00000474,DRV00068,VEH0009,2023-08-09,2023-08-09,Delivered,1,28.72,24
DLV00000558,DLVORD00000667,DRV00011,VEH0032,2023-01-31,,Rescheduled,1,17.72,87
DLV00000559,DLVORD00000930,DRV00037,VEH0045,2023-05-02,2023-05-02,Delivered,1,8.13,43
DLV00000560,DLVORD00001914,DRV00073,VEH0037,2024-06-22,2024-06-23,Delivered,1,3.16,7
DLV00000561,DLVORD00000574,DRV00079,VEH0001,2023-03-19,2023-03-22,Delivered,1,13.64,30
DLV00000562,DLVORD00001480,DRV00070,VEH0044,2024-01-14,,Pending,1,9.18,45
DLV00000563,DLVORD00000888,DRV00005,VEH0011,2024-07-19,2024-07-29,Delivered,1,26.83,26
DLV00000564,DLVORD00000543,DRV00063,VEH0035,2023-12-30,2023-12-30,Delivered,1,4.47,43
DLV00000565,DLVORD00000919,DRV00010,VEH0010,2024-04-06,2024-04-09,Delivered,1,23.47,47
DLV00000566,DLVORD00001651,DRV00080,VEH0040,2023-04-25,2023-04-25,Delivered,1,6.2,51
DLV00000567,DLVORD00000448,DRV00015,VEH0042,2024-12-20,2024-12-22,Delivered,1,3.46,30
DLV00000568,DLVORD00002625,DRV00064,VEH0043,2022-05-24,2022-06-01,Delivered,1,1.72,90
DLV00000569,DLVORD00001339,DRV00012,VEH0041,2023-01-21,2023-01-21,Delivered,1,27.73,14
DLV00000570,DLVORD00002214,DRV00057,VEH0024,2024-01-14,2024-01-25,Delivered,2,5.98,34
DLV00000571,DLVORD00001145,DRV00043,VEH0007,2023-05-23,,Pending,1,17.15,82
DLV00000572,DLVORD00001045,DRV00056,VEH0037,2024-10-07,2024-10-07,Delivered,1,9.93,9
DLV00000573,DLVORD00000516,DRV00056,VEH0028,2024-05-14,,Rescheduled,1,8.94,72
DLV00000574,DLVORD00001239,DRV00048,VEH0040,2023-06-07,,Rescheduled,1,10.45,5
DLV00000575,DLVORD00001780,DRV00062,VEH0013,2024-01-08,2024-01-08,Delivered,2,24.5,22
DLV00000576,DLVORD00002630,DRV00008,VEH0007,2024-06-17,,Pending,1,27.93,22
DLV00000577,DLVORD00001973,DRV00020,VEH0013,2022-12-30,,Failed,1,14.46,42
DLV00000578,DLVORD00001988,DRV00067,VEH0016,2024-01-09,2024-01-09,Delivered,1,4.44,26
DLV00000579,DLVORD00001628,DRV00065,VEH0038,2024-11-04,2024-11-04,Delivered,1,4.84,8
DLV00000580,DLVORD00000493,DRV00050,VEH0047,2023-10-19,2023-10-20,Delivered,1,21.14,28
DLV00000581,DLVORD00002446,DRV00040,VEH0040,2023-09-04,2023-09-07,Delivered,1,22.15,32
DLV00000582,DLVORD00001572,DRV00040,VEH0004,2022-05-02,2022-05-06,Delivered,1,28.48,9
DLV00000583,DLVORD00000034,DRV00077,VEH0050,2024-04-26,,Rescheduled,1,9.48,50
DLV00000584,DLVORD00001318,DRV00068,VEH0038,2022-12-26,,Failed,1,11.5,40
DLV00000585,DLVORD00000363,DRV00011,VEH0017,2022-11-10,2022-11-10,Delivered,1,28.94,16
DLV00000586,DLVORD00001677,DRV00039,VEH0027,2023-08-11,,Rescheduled,1,23.65,41
DLV00000587,DLVORD00000902,DRV00040,VEH0029,2023-04-23,2023-04-26,Delivered,1,28.99,53
DLV00000588,DLVORD00002086,DRV00067,VEH0013,2024-08-22,,Pending,1,4.74,16
DLV00000589,DLVORD00000708,DRV00059,VEH0030,2023-03-18,2023-03-18,Delivered,1,29.89,36
DLV00000590,DLVORD00000594,DRV00065,VEH0035,2023-12-07,,Rescheduled,1,22.23,35
DLV00000591,DLVORD00002522,DRV00015,VEH0002,2024-10-08,2024-10-08,Delivered,1,16.48,45
DLV00000592,DLVORD00000449,DRV00031,VEH0028,2022-12-31,2023-01-02,Delivered,1,13.24,42
DLV00000593,DLVORD00002516,DRV00046,VEH0033,2023-05-25,2023-05-25,Delivered,1,10.69,40
DLV00000594,DLVORD00000022,DRV00055,VEH0032,2024-11-13,2024-11-13,Delivered,1,12.05,87
DLV00000595,DLVORD00001307,DRV00077,VEH0007,2022-11-04,2022-11-05,Delivered,1,29.88,17
DLV00000596,DLVORD00002267,DRV00014,VEH0044,2024-08-25,2024-08-31,Delivered,1,24.73,16
DLV00000597,DLVORD00001440,DRV00042,VEH0023,2024-03-02,2024-03-02,Delivered,1,13.33,60
DLV00000598,DLVORD00001890,DRV00032,VEH0033,2024-03-21,2024-03-21,Delivered,1,28.38,38
DLV00000599,DLVORD00001165,DRV00059,VEH0033,2022-02-14,,Failed,1,19.89,78
DLV00000600,DLVORD00002056,DRV00016,VEH0044,2023-10-03,2023-10-03,Delivered,1,12.46,78
DLV00000601,DLVORD00002507,DRV00008,VEH0023,2024-08-19,2024-08-19,Delivered,1,24.97,15
DLV00000602,DLVORD00002921,DRV00016,VEH0036,2024-05-30,2024-06-06,Delivered,1,2.86,43
DLV00000603,DLVORD00000904,DRV00051,VEH0005,2024-07-03,,Rescheduled,1,17.27,19
DLV00000604,DLVORD00002294,DRV00065,VEH0045,2023-09-26,2023-09-26,Delivered,2,28.7,19
DLV00000605,DLVORD00000533,DRV00039,VEH0006,2022-07-19,2022-07-23,Delivered,1,29.04,48
DLV00000606,DLVORD00000538,DRV00059,VEH0045,2024-05-26,2024-05-26,Delivered,1,12.32,38
DLV00000607,DLVORD00000078,DRV00025,VEH0043,2023-12-04,,Rescheduled,1,27.2,22
DLV00000608,DLVORD00000255,DRV00029,VEH0047,2024-11-26,2024-11-26,Delivered,1,3.76,34
DLV00000609,DLVORD00002820,DRV00059,VEH0009,2024-10-20,,Failed,1,13.83,81
DLV00000610,DLVORD00000593,DRV00054,VEH0033,2024-11-03,2024-11-03,Delivered,1,21.28,52
DLV00000611,DLVORD00001605,DRV00046,VEH0032,2024-08-14,2024-08-14,Delivered,1,25.89,32
DLV00000612,DLVORD00000239,DRV00012,VEH0002,2024-03-06,2024-03-06,Delivered,1,26.99,19
DLV00000613,DLVORD00002213,DRV00048,VEH0009,2024-10-26,2024-10-26,Delivered,1,13.99,73
DLV00000614,DLVORD00000912,DRV00019,VEH0046,2022-08-05,2022-08-05,Delivered,1,27.47,64
DLV00000615,DLVORD00002896,DRV00030,VEH0020,2022-07-27,2022-08-03,Delivered,1,22.89,73
DLV00000616,DLVORD00002934,DRV00020,VEH0019,2024-03-10,,Rescheduled,1,28.8,17
DLV00000617,DLVORD00002440,DRV00039,VEH0047,2022-10-25,2022-10-27,Delivered,1,19.0,45
DLV00000618,DLVORD00002974,DRV00029,VEH0036,2024-12-27,2024-12-29,Delivered,1,7.95,21
DLV00000619,DLVORD00001595,DRV00032,VEH0024,2022-10-25,2022-11-02,Delivered,1,28.89,36
DLV00000620,DLVORD00000704,DRV00064,VEH0049,2022-09-24,2022-09-27,Delivered,1,29.78,54
DLV00000621,DLVORD00000165,DRV00015,VEH0040,2022-12-25,2022-12-25,Delivered,1,29.83,79
DLV00000622,DLVORD00001585,DRV00032,VEH0028,2022-12-03,2022-12-03,Delivered,1,15.99,31
DLV00000623,DLVORD00000084,DRV00057,VEH0032,2022-03-09,2022-03-13,Delivered,1,15.49,9
DLV00000624,DLVORD00002968,DRV00021,VEH0018,2023-06-03,2023-06-03,Delivered,1,7.6,59
DLV00000625,DLVORD00001549,DRV00060,VEH0009,2024-08-08,2024-08-11,Delivered,1,10.61,54
DLV00000626,DLVORD00000851,DRV00002,VEH0046,2022-10-18,2022-10-20,Delivered,1,24.29,62
DLV00000627,DLVORD00002730,DRV00018,VEH0019,2023-10-14,2023-10-14,Delivered,1,12.27,82
DLV00000628,DLVORD00000242,DRV00032,VEH0004,2022-05-12,,Failed,1,2.0,12
DLV00000629,DLVORD00001188,DRV00040,VEH0006,2024-04-23,2024-04-23,Delivered,1,8.17,77
DLV00000630,DLVORD00002286,DRV00013,VEH0036,2024-06-19,2024-06-19,Delivered,1,15.74,22
DLV00000631,DLVORD00001351,DRV00040,VEH0010,2023-10-24,2023-10-27,Delivered,1,11.16,67
DLV00000632,DLVORD00002197,DRV00060,VEH0011,2023-10-02,2023-10-02,Delivered,1,24.22,52
DLV00000633,DLVORD00002764,DRV00043,VEH0023,2023-04-12,2023-04-13,Delivered,1,15.88,72
DLV00000634,DLVORD00001612,DRV00018,VEH0038,2024-12-03,2024-12-03,Delivered,1,24.36,18
DLV00000635,DLVORD00002835,DRV00036,VEH0003,2024-05-03,2024-05-03,Delivered,1,5.95,40
DLV00000636,DLVORD00000242,DRV00014,VEH0018,2022-05-11,2022-05-14,Delivered,1,5.54,60
DLV00000637,DLVORD00000766,DRV00059,VEH0020,2024-11-25,2024-11-26,Delivered,1,14.76,80
DLV00000638,DLVORD00000020,DRV00009,VEH0001,2024-02-04,,Failed,1,3.72,71
DLV00000639,DLVORD00002650,DRV00031,VEH0022,2024-02-11,,Rescheduled,1,13.01,84
DLV00000640,DLVORD00000175,DRV00050,VEH0002,2023-05-10,2023-05-10,Delivered,1,22.88,75
DLV00000641,DLVORD00001194,DRV00042,VEH0005,2024-06-27,2024-06-27,Delivered,1,9.79,19
DLV00000642,DLVORD00001844,DRV00056,VEH0018,2024-05-17,2024-05-21,Delivered,1,20.43,85
DLV00000643,DLVORD00002498,DRV00042,VEH0023,2022-11-29,2022-11-29,Delivered,1,1.18,54
DLV00000644,DLVORD00002009,DRV00052,VEH0026,2024-12-13,,Rescheduled,1,18.92,58
DLV00000645,DLVORD00001322,DRV00063,VEH0027,2023-06-02,2023-06-02,Delivered,1,11.12,36
DLV00000646,DLVORD00000050,DRV00077,VEH0004,2022-05-03,2022-05-03,Delivered,1,20.02,78
DLV00000647,DLVORD00001346,DRV00023,VEH0006,2022-06-29,2022-06-29,Delivered,1,14.05,54
DLV00000648,DLVORD00001256,DRV00027,VEH0016,2022-11-17,,Failed,1,23.56,49
DLV00000649,DLVORD00001682,DRV00031,VEH0007,2024-08-19,2024-08-19,Delivered,1,13.23,73
DLV00000650,DLVORD00001965,DRV00069,VEH0005,2024-07-23,2024-07-23,Delivered,1,1.18,68
DLV00000651,DLVORD00001417,DRV00012,VEH0031,2022-08-08,,Failed,1,18.7,65
DLV00000652,DLVORD00002282,DRV00080,VEH0043,2023-03-05,2023-03-05,Delivered,1,10.66,76
DLV00000653,DLVORD00001254,DRV00015,VEH0010,2022-11-24,2022-11-24,Delivered,1,18.33,57
DLV00000654,DLVORD00000540,DRV00049,VEH0036,2022-01-05,2022-01-07,Delivered,1,28.15,41
DLV00000655,DLVORD00000978,DRV00002,VEH0046,2024-10-28,,Pending,1,12.78,73
DLV00000656,DLVORD00001044,DRV00030,VEH0048,2022-03-23,,Failed,1,28.83,7
DLV00000657,DLVORD00002215,DRV00022,VEH0033,2024-09-22,2024-09-23,Delivered,1,6.95,23
DLV00000658,DLVORD00002375,DRV00008,VEH0018,2023-04-06,2023-04-07,Delivered,1,2.71,45
DLV00000659,DLVORD00002505,DRV00039,VEH0037,2024-11-21,,Rescheduled,1,9.26,14
DLV00000660,DLVORD00002702,DRV00055,VEH0044,2022-06-28,2022-07-01,Delivered,1,20.67,61
DLV00000661,DLVORD00002022,DRV00010,VEH0030,2024-12-13,2024-12-13,Delivered,1,26.13,57
DLV00000662,DLVORD00001085,DRV00065,VEH0003,2023-08-13,2023-08-13,Delivered,1,4.21,39
DLV00000663,DLVORD00001595,DRV00068,VEH0009,2022-10-27,2022-11-02,Delivered,1,7.85,52
DLV00000664,DLVORD00000607,DRV00027,VEH0039,2023-01-14,2023-01-14,Delivered,1,29.18,47
DLV00000665,DLVORD00001000,DRV00016,VEH0014,2022-10-02,2022-10-02,Delivered,1,12.84,50
DLV00000666,DLVORD00001267,DRV00076,VEH0001,2024-02-26,2024-02-26,Delivered,1,2.09,63
DLV00000667,DLVORD00000903,DRV00025,VEH0004,2024-01-20,2024-01-20,Delivered,1,7.22,37
DLV00000668,DLVORD00000203,DRV00077,VEH0031,2023-03-02,2023-03-02,Delivered,1,4.59,54
DLV00000669,DLVORD00001489,DRV00023,VEH0036,2022-12-08,,Pending,1,17.39,42
DLV00000670,DLVORD00002855,DRV00042,VEH0047,2023-03-11,2023-03-17,Delivered,1,24.93,20
DLV00000671,DLVORD00000160,DRV00056,VEH0039,2023-02-27,,Pending,1,7.95,26
DLV00000672,DLVORD00002411,DRV00048,VEH0038,2024-07-20,2024-07-20,Delivered,1,12.89,54
DLV00000673,DLVORD00002831,DRV00018,VEH0027,2023-08-22,2023-08-22,Delivered,1,11.35,9
DLV00000674,DLVORD00002317,DRV00049,VEH0005,2023-12-09,2023-12-12,Delivered,1,25.68,39
DLV00000675,DLVORD00002433,DRV00008,VEH0018,2023-10-19,2023-10-19,Delivered,1,23.85,14
DLV00000676,DLVORD00002550,DRV00059,VEH0039,2024-02-21,,Failed,1,7.35,37
DLV00000677,DLVORD00000052,DRV00012,VEH0011,2023-12-21,,Rescheduled,1,18.26,45
DLV00000678,DLVORD00002419,DRV00019,VEH0024,2024-08-30,2024-08-30,Delivered,1,15.02,24
DLV00000679,DLVORD00000117,DRV00026,VEH0013,2023-02-21,2023-02-22,Delivered,1,28.49,53
DLV00000680,DLVORD00002697,DRV00057,VEH0038,2023-11-03,2023-11-05,Delivered,1,16.21,6
DLV00000681,DLVORD00001593,DRV00018,VEH0038,2024-08-17,2024-08-19,Delivered,1,13.84,29
DLV00000682,DLVORD00000053,DRV00077,VEH0026,2023-01-27,2023-01-28,Delivered,1,21.84,67
DLV00000683,DLVORD00002570,DRV00004,VEH0040,2024-04-13,2024-04-15,Delivered,1,1.05,75
DLV00000684,DLVORD00000561,DRV00002,VEH0016,2023-07-14,,Failed,1,2.63,63
DLV00000685,DLVORD00002572,DRV00011,VEH0034,2023-11-27,,Rescheduled,1,16.14,52
DLV00000686,DLVORD00000213,DRV00027,VEH0029,2022-08-13,2022-08-14,Delivered,1,21.23,77
DLV00000687,DLVORD00000073,DRV00030,VEH0030,2022-05-27,2022-05-27,Delivered,1,23.94,90
DLV00000688,DLVORD00000256,DRV00064,VEH0043,2023-08-07,2023-08-07,Delivered,1,4.42,81
DLV00000689,DLVORD00002112,DRV00075,VEH0007,2024-03-20,2024-03-29,Delivered,1,7.89,58
DLV00000690,DLVORD00002462,DRV00034,VEH0046,2023-09-26,2023-09-27,Delivered,1,16.39,32
DLV00000691,DLVORD00001092,DRV00039,VEH0018,2023-04-06,2023-04-06,Delivered,1,25.42,31
DLV00000692,DLVORD00002923,DRV00048,VEH0020,2023-03-04,2023-03-04,Delivered,1,23.6,15
DLV00000693,DLVORD00001808,DRV00030,VEH0033,2024-04-11,,Failed,1,29.44,25
DLV00000694,DLVORD00000075,DRV00069,VEH0021,2024-10-14,2024-10-15,Delivered,1,4.82,21
DLV00000695,DLVORD00000952,DRV00020,VEH0030,2023-09-27,2023-09-30,Delivered,1,17.62,52
DLV00000696,DLVORD00001941,DRV00010,VEH0029,2024-04-12,2024-04-20,Delivered,1,18.22,47
DLV00000697,DLVORD00000709,DRV00074,VEH0021,2023-12-07,2023-12-07,Delivered,1,15.07,67
DLV00000698,DLVORD00000373,DRV00014,VEH0002,2024-11-11,2024-11-13,Delivered,1,25.23,20
DLV00000699,DLVORD00000559,DRV00049,VEH0038,2022-08-29,2022-08-29,Delivered,1,10.82,10
DLV00000700,DLVORD00000825,DRV00049,VEH0029,2022-02-18,2022-02-18,Delivered,1,20.78,70
DLV00000701,DLVORD00001267,DRV00049,VEH0027,2024-02-27,2024-02-28,Delivered,1,19.77,21
DLV00000702,DLVORD00002242,DRV00018,VEH0017,2023-03-10,2023-03-11,Delivered,1,16.06,14
DLV00000703,DLVORD00001375,DRV00010,VEH0032,2024-09-17,2024-09-17,Delivered,1,5.08,70
DLV00000704,DLVORD00000447,DRV00005,VEH0026,2023-02-18,,Pending,1,10.08,23
DLV00000705,DLVORD00002144,DRV00014,VEH0047,2024-04-08,2024-04-08,Delivered,1,17.99,85
DLV00000706,DLVORD00001827,DRV00044,VEH0042,2024-09-22,2024-10-03,Delivered,1,6.78,88
DLV00000707,DLVORD00000725,DRV00070,VEH0009,2024-07-15,2024-07-19,Delivered,1,6.43,78
DLV00000708,DLVORD00001324,DRV00020,VEH0002,2023-03-25,2023-03-29,Delivered,1,17.43,61
DLV00000709,DLVORD00002402,DRV00035,VEH0023,2022-10-17,2022-10-17,Delivered,1,9.32,33
DLV00000710,DLVORD00000837,DRV00014,VEH0006,2023-05-27,2023-05-27,Delivered,1,16.03,85
DLV00000711,DLVORD00002946,DRV00002,VEH0048,2022-05-11,,Rescheduled,1,20.72,42
DLV00000712,DLVORD00001251,DRV00025,VEH0031,2022-09-05,2022-09-05,Delivered,1,6.81,20
DLV00000713,DLVORD00001736,DRV00019,VEH0014,2023-01-12,2023-01-12,Delivered,1,13.76,89
DLV00000714,DLVORD00000894,DRV00015,VEH0021,2022-01-07,,Pending,1,13.05,75
DLV00000715,DLVORD00001387,DRV00076,VEH0041,2024-04-11,2024-04-11,Delivered,1,5.1,63
DLV00000716,DLVORD00000730,DRV00038,VEH0011,2022-09-20,2022-09-20,Delivered,1,11.26,78
DLV00000717,DLVORD00002885,DRV00026,VEH0005,2024-07-29,2024-07-29,Delivered,1,10.96,5
DLV00000718,DLVORD00001118,DRV00074,VEH0038,2023-08-12,2023-08-13,Delivered,1,3.73,39
DLV00000719,DLVORD00001867,DRV00059,VEH0025,2024-04-08,2024-04-08,Delivered,1,27.16,57
DLV00000720,DLVORD00001846,DRV00025,VEH0050,2023-01-19,,Pending,1,9.6,5
DLV00000721,DLVORD00001542,DRV00075,VEH0038,2024-04-16,2024-04-18,Delivered,1,9.58,41
DLV00000722,DLVORD00001035,DRV00051,VEH0050,2023-01-05,,Failed,1,22.33,81
DLV00000723,DLVORD00002706,DRV00076,VEH0004,2024-07-09,,Rescheduled,1,27.4,43
DLV00000724,DLVORD00000304,DRV00077,VEH0015,2024-04-15,,Rescheduled,1,21.99,76
DLV00000725,DLVORD00001472,DRV00077,VEH0046,2023-10-30,2023-11-01,Delivered,1,2.48,65
DLV00000726,DLVORD00002763,DRV00079,VEH0021,2024-07-15,2024-07-20,Delivered,1,27.68,67
DLV00000727,DLVORD00001802,DRV00076,VEH0025,2024-12-13,2024-12-13,Delivered,2,21.77,81
DLV00000728,DLVORD00002055,DRV00078,VEH0018,2024-08-06,,Pending,1,28.69,64
DLV00000729,DLVORD00000912,DRV00014,VEH0050,2022-08-06,2022-08-06,Delivered,1,1.96,26
DLV00000730,DLVORD00002388,DRV00053,VEH0036,2024-09-08,2024-09-08,Delivered,1,5.18,36
DLV00000731,DLVORD00000869,DRV00032,VEH0047,2023-10-10,2023-10-10,Delivered,1,8.86,51
DLV00000732,DLVORD00000939,DRV00027,VEH0040,2023-05-27,2023-05-27,Delivered,1,24.1,77
DLV00000733,DLVORD00001899,DRV00026,VEH0014,2022-08-17,2022-08-17,Delivered,1,25.36,86
DLV00000734,DLVORD00000584,DRV00037,VEH0007,2022-02-05,2022-02-05,Delivered,1,16.04,63
DLV00000735,DLVORD00002573,DRV00039,VEH0039,2023-06-10,,Failed,1,8.43,39
DLV00000736,DLVORD00000493,DRV00075,VEH0040,2023-10-19,2023-10-20,Delivered,1,2.4,64
DLV00000737,DLVORD00001001,DRV00026,VEH0022,2024-04-16,2024-04-16,Delivered,1,20.72,24
DLV00000738,DLVORD00001128,DRV00013,VEH0004,2024-03-03,2024-03-04,Delivered,1,6.1,61
DLV00000739,DLVORD00002034,DRV00060,VEH0040,2023-12-31,2024-01-04,Delivered,1,2.69,66
DLV00000740,DLVORD00000919,DRV00068,VEH0038,2024-04-07,,Failed,1,26.33,11
DLV00000741,DLVORD00001937,DRV00030,VEH0039,2023-01-19,2023-01-20,Delivered,1,4.25,84
DLV00000742,DLVORD00001740,DRV00036,VEH0029,2022-03-15,,Rescheduled,1,19.8,49
DLV00000743,DLVORD00001063,DRV00035,VEH0043,2023-01-02,2023-01-02,Delivered,1,29.86,62
DLV00000744,DLVORD00002371,DRV00064,VEH0011,2024-12-19,,Pending,1,2.14,66
DLV00000745,DLVORD00001913,DRV00055,VEH0008,2024-01-30,,Failed,1,13.92,71
DLV00000746,DLVORD00001457,DRV00067,VEH0031,2023-05-15,2023-05-15,Delivered,1,20.55,60
DLV00000747,DLVORD00002837,DRV00016,VEH0020,2023-04-21,2023-04-22,Delivered,1,29.77,57
DLV00000748,DLVORD00001379,DRV00021,VEH0034,2024-06-25,2024-06-25,Delivered,1,13.83,29
DLV00000749,DLVORD00002410,DRV00011,VEH0044,2022-01-23,,Pending,1,21.05,32
DLV00000750,DLVORD00000850,DRV00067,VEH0050,2023-04-04,2023-04-06,Delivered,1,22.47,32
DLV00000751,DLVORD00000511,DRV00015,VEH0030,2023-02-05,,Failed,1,6.12,68
DLV00000752,DLVORD00001507,DRV00026,VEH0045,2023-12-24,,Failed,1,23.74,36
DLV00000753,DLVORD00001247,DRV00012,VEH0001,2024-01-01,2024-01-01,Delivered,1,20.33,61
DLV00000754,DLVORD00001675,DRV00041,VEH0038,2024-01-26,,Pending,1,13.04,31
DLV00000755,DLVORD00002054,DRV00003,VEH0031,2023-10-16,2023-10-19,Delivered,1,21.05,82
DLV00000756,DLVORD00001880,DRV00071,VEH0035,2024-01-09,2024-01-09,Delivered,1,9.57,58
DLV00000757,DLVORD00002106,DRV00061,VEH0036,2024-07-20,2024-07-31,Delivered,1,26.3,7
DLV00000758,DLVORD00002842,DRV00019,VEH0032,2022-09-23,2022-09-23,Delivered,1,19.32,58
DLV00000759,DLVORD00001933,DRV00049,VEH0002,2024-07-09,,Pending,1,19.56,41
DLV00000760,DLVORD00002336,DRV00060,VEH0049,2024-07-17,2024-07-24,Delivered,1,12.12,16
DLV00000761,DLVORD00000241,DRV00028,VEH0014,2024-01-09,2024-01-13,Delivered,1,21.67,20
DLV00000762,DLVORD00002428,DRV00040,VEH0019,2024-03-03,2024-03-03,Delivered,1,27.15,74
DLV00000763,DLVORD00000387,DRV00016,VEH0024,2023-01-24,2023-01-24,Delivered,1,5.46,56
DLV00000764,DLVORD00002564,DRV00050,VEH0026,2023-10-18,,Pending,1,8.41,60
DLV00000765,DLVORD00002690,DRV00071,VEH0018,2023-10-01,2023-10-01,Delivered,1,3.45,86
DLV00000766,DLVORD00002851,DRV00035,VEH0047,2024-06-06,2024-06-06,Delivered,1,23.3,41
DLV00000767,DLVORD00000138,DRV00063,VEH0030,2022-01-03,2022-01-11,Delivered,1,12.75,85
DLV00000768,DLVORD00001930,DRV00042,VEH0034,2023-04-08,2023-04-08,Delivered,1,23.12,82
DLV00000769,DLVORD00002743,DRV00001,VEH0009,2024-02-26,2024-02-29,Delivered,1,8.4,65
DLV00000770,DLVORD00001601,DRV00056,VEH0036,2023-11-29,2023-11-29,Delivered,1,2.41,15
DLV00000771,DLVORD00000759,DRV00007,VEH0005,2024-01-24,,Failed,1,16.47,43
DLV00000772,DLVORD00002018,DRV00064,VEH0037,2023-07-11,2023-07-17,Delivered,1,25.08,21
DLV00000773,DLVORD00001021,DRV00009,VEH0013,2023-11-17,,Pending,1,17.83,59
DLV00000774,DLVORD00001234,DRV00067,VEH0013,2023-08-17,,Pending,1,24.12,64
DLV00000775,DLVORD00001507,DRV00071,VEH0020,2023-12-23,2023-12-23,Delivered,1,21.13,59
DLV00000776,DLVORD00001002,DRV00079,VEH0016,2023-02-23,,Failed,1,9.89,46
DLV00000777,DLVORD00002799,DRV00076,VEH0038,2024-03-04,2024-03-04,Delivered,1,29.25,78
DLV00000778,DLVORD00001527,DRV00043,VEH0039,2024-12-28,2024-12-28,Delivered,1,14.48,35
DLV00000779,DLVORD00001678,DRV00050,VEH0015,2024-07-07,2024-07-07,Delivered,1,17.7,64
DLV00000780,DLVORD00002716,DRV00021,VEH0033,2024-01-28,2024-01-28,Delivered,1,25.62,5
DLV00000781,DLVORD00001839,DRV00057,VEH0001,2024-05-17,2024-05-17,Delivered,1,2.5,45
DLV00000782,DLVORD00002384,DRV00064,VEH0041,2022-07-13,2022-07-17,Delivered,1,2.88,78
DLV00000783,DLVORD00001223,DRV00020,VEH0037,2022-11-01,2022-11-03,Delivered,1,21.86,87
DLV00000784,DLVORD00001205,DRV00033,VEH0044,2024-11-20,2024-11-20,Delivered,1,21.61,39
DLV00000785,DLVORD00000067,DRV00029,VEH0036,2023-04-04,2023-04-04,Delivered,1,7.44,73
DLV00000786,DLVORD00002139,DRV00064,VEH0037,2024-03-09,2024-03-09,Delivered,1,28.57,10
DLV00000787,DLVORD00002086,DRV00075,VEH0042,2024-08-20,2024-08-20,Delivered,1,25.86,89
DLV00000788,DLVORD00000699,DRV00051,VEH0039,2024-07-18,2024-07-19,Delivered,1,22.64,14
DLV00000789,DLVORD00001930,DRV00023,VEH0001,2023-04-09,,Pending,1,9.71,56
DLV00000790,DLVORD00002313,DRV00004,VEH0020,2024-01-16,2024-01-16,Delivered,1,23.97,66
DLV00000791,DLVORD00002192,DRV00032,VEH0018,2022-06-20,2022-06-20,Delivered,1,23.41,12
DLV00000792,DLVORD00001886,DRV00073,VEH0003,2024-07-07,2024-07-09,Delivered,1,21.73,84
DLV00000793,DLVORD00002866,DRV00004,VEH0009,2024-07-23,,Failed,1,22.07,43
DLV00000794,DLVORD00001815,DRV00032,VEH0001,2022-09-25,2022-10-02,Delivered,1,12.19,23
DLV00000795,DLVORD00001995,DRV00052,VEH0027,2022-12-18,,Pending,1,3.7,85
DLV00000796,DLVORD00000435,DRV00031,VEH0016,2023-09-28,2023-09-28,Delivered,1,11.43,47
DLV00000797,DLVORD00002766,DRV00030,VEH0032,2023-01-09,2023-01-15,Delivered,1,26.2,62
DLV00000798,DLVORD00000173,DRV00008,VEH0009,2024-01-09,,Failed,1,13.86,7
DLV00000799,DLVORD00002564,DRV00073,VEH0036,2023-10-19,2023-10-20,Delivered,1,23.27,50
DLV00000800,DLVORD00001851,DRV00016,VEH0024,2023-05-14,,Failed,1,26.03,20
DLV00000801,DLVORD00001346,DRV00035,VEH0019,2022-06-30,,Rescheduled,1,22.24,88
DLV00000802,DLVORD00000960,DRV00071,VEH0005,2023-10-21,2023-10-21,Delivered,1,17.19,44
DLV00000803,DLVORD00001469,DRV00039,VEH0050,2023-10-09,,Failed,1,22.78,64
DLV00000804,DLVORD00000682,DRV00051,VEH0037,2024-06-03,2024-06-03,Delivered,1,1.94,53
DLV00000805,DLVORD00001748,DRV00012,VEH0017,2024-09-10,2024-09-12,Delivered,1,18.39,39
DLV00000806,DLVORD00000615,DRV00005,VEH0038,2022-12-13,2022-12-15,Delivered,1,23.26,24
DLV00000807,DLVORD00002021,DRV00075,VEH0039,2023-01-13,2023-01-14,Delivered,1,18.99,5
DLV00000808,DLVORD00001972,DRV00060,VEH0047,2023-11-07,2023-11-17,Delivered,1,18.76,27
DLV00000809,DLVORD00001656,DRV00020,VEH0048,2022-08-16,,Rescheduled,1,22.59,44
DLV00000810,DLVORD00002373,DRV00020,VEH0029,2022-04-21,2022-04-21,Delivered,1,7.61,60
DLV00000811,DLVORD00002322,DRV00019,VEH0018,2024-06-24,,Pending,1,2.95,70
DLV00000812,DLVORD00001293,DRV00075,VEH0044,2022-07-20,2022-07-20,Delivered,1,17.11,5
DLV00000813,DLVORD00001501,DRV00065,VEH0005,2023-02-17,2023-02-27,Delivered,1,28.35,72
DLV00000814,DLVORD00000071,DRV00070,VEH0032,2023-05-18,2023-05-25,Delivered,1,28.38,79
DLV00000815,DLVORD00001835,DRV00077,VEH0019,2024-03-23,2024-03-24,Delivered,1,15.64,49
DLV00000816,DLVORD00002408,DRV00031,VEH0040,2023-06-28,,Rescheduled,1,2.7,12
DLV00000817,DLVORD00002852,DRV00007,VEH0034,2024-03-27,2024-03-28,Delivered,1,20.88,80
DLV00000818,DLVORD00001849,DRV00071,VEH0028,2024-09-12,2024-09-15,Delivered,1,3.65,68
DLV00000819,DLVORD00002452,DRV00046,VEH0039,2022-12-11,,Rescheduled,1,25.54,64
DLV00000820,DLVORD00000339,DRV00008,VEH0007,2024-12-28,,Failed,1,17.74,90
DLV00000821,DLVORD00001168,DRV00079,VEH0013,2023-11-03,,Pending,1,27.94,58
DLV00000822,DLVORD00002494,DRV00036,VEH0036,2024-01-14,2024-01-14,Delivered,1,8.65,47
DLV00000823,DLVORD00000035,DRV00057,VEH0048,2024-07-14,,Pending,1,11.33,58
DLV00000824,DLVORD00002815,DRV00052,VEH0027,2024-07-24,,Failed,1,9.3,39
DLV00000825,DLVORD00000645,DRV00020,VEH0047,2024-12-05,2024-12-05,Delivered,1,27.02,11
DLV00000826,DLVORD00002342,DRV00011,VEH0042,2022-09-10,,Pending,1,3.2,45
DLV00000827,DLVORD00001409,DRV00031,VEH0007,2023-05-20,2023-05-21,Delivered,1,23.88,18
DLV00000828,DLVORD00002626,DRV00071,VEH0024,2023-09-12,2023-09-12,Delivered,1,5.57,71
DLV00000829,DLVORD00002776,DRV00014,VEH0043,2024-04-25,2024-04-25,Delivered,1,27.59,29
DLV00000830,DLVORD00001530,DRV00078,VEH0050,2023-12-22,2023-12-22,Delivered,1,1.11,57
DLV00000831,DLVORD00002108,DRV00032,VEH0019,2023-03-23,2023-03-27,Delivered,2,5.57,33
DLV00000832,DLVORD00000358,DRV00077,VEH0019,2023-01-14,,Pending,3,29.02,66
DLV00000833,DLVORD00001577,DRV00041,VEH0033,2024-01-20,2024-01-27,Delivered,2,6.88,58
DLV00000834,DLVORD00002883,DRV00076,VEH0020,2024-08-12,2024-08-15,Delivered,1,6.88,50
DLV00000835,DLVORD00000512,DRV00012,VEH0012,2024-06-15,,Rescheduled,1,10.02,69
DLV00000836,DLVORD00002391,DRV00011,VEH0035,2022-05-27,2022-05-28,Delivered,1,15.8,25
DLV00000837,DLVORD00002457,DRV00065,VEH0022,2022-08-28,,Pending,1,3.36,52
DLV00000838,DLVORD00001680,DRV00016,VEH0042,2022-05-18,2022-05-19,Delivered,1,2.67,25
DLV00000839,DLVORD00002256,DRV00014,VEH0038,2023-07-13,2023-07-13,Delivered,1,15.73,50
DLV00000840,DLVORD00001444,DRV00010,VEH0019,2023-07-06,,Rescheduled,1,1.46,14
DLV00000841,DLVORD00001133,DRV00032,VEH0048,2023-04-06,2023-04-09,Delivered,1,18.57,16
DLV00000842,DLVORD00002336,DRV00064,VEH0011,2024-07-17,2024-07-29,Delivered,1,13.34,23
DLV00000843,DLVORD00002628,DRV00053,VEH0025,2023-05-30,,Failed,1,1.74,46
DLV00000844,DLVORD00001674,DRV00048,VEH0023,2023-06-12,2023-06-18,Delivered,1,1.46,17
DLV00000845,DLVORD00001350,DRV00002,VEH0030,2023-03-05,2023-03-10,Delivered,1,27.16,70
DLV00000846,DLVORD00002462,DRV00018,VEH0011,2023-09-25,2023-09-30,Delivered,1,19.42,66
DLV00000847,DLVORD00002800,DRV00071,VEH0037,2023-06-02,2023-06-03,Delivered,1,17.32,23
DLV00000848,DLVORD00000941,DRV00056,VEH0016,2023-09-28,,Failed,1,1.38,85
DLV00000849,DLVORD00001117,DRV00068,VEH0017,2022-08-30,2022-08-31,Delivered,1,25.91,50
DLV00000850,DLVORD00002579,DRV00032,VEH0024,2023-04-14,2023-04-15,Delivered,1,8.81,88
DLV00000851,DLVORD00000399,DRV00052,VEH0018,2024-12-04,,Pending,1,9.04,56
DLV00000852,DLVORD00002493,DRV00046,VEH0034,2022-04-19,2022-04-19,Delivered,1,10.6,9
DLV00000853,DLVORD00002796,DRV00068,VEH0044,2024-01-20,2024-01-20,Delivered,1,22.11,16
DLV00000854,DLVORD00000319,DRV00018,VEH0029,2024-10-24,2024-10-26,Delivered,1,16.3,83
DLV00000855,DLVORD00002572,DRV00027,VEH0020,2023-11-28,2023-11-30,Delivered,1,13.82,31
DLV00000856,DLVORD00000189,DRV00025,VEH0042,2024-12-22,,Rescheduled,1,19.02,26
DLV00000857,DLVORD00001700,DRV00022,VEH0021,2022-11-21,2022-11-21,Delivered,1,4.14,10
DLV00000858,DLVORD00002231,DRV00049,VEH0037,2024-07-29,2024-08-04,Delivered,1,14.16,31
DLV00000859,DLVORD00001394,DRV00070,VEH0021,2022-05-25,2022-05-25,Delivered,2,25.31,67
DLV00000860,DLVORD00000514,DRV00061,VEH0024,2023-11-22,,Failed,1,4.38,8
DLV00000861,DLVORD00001546,DRV00016,VEH0033,2023-01-29,,Rescheduled,1,17.58,51
DLV00000862,DLVORD00001248,DRV00012,VEH0028,2022-10-03,,Failed,2,26.56,51
DLV00000863,DLVORD00002837,DRV00014,VEH0043,2023-04-21,2023-04-21,Delivered,2,10.47,80
DLV00000864,DLVORD00000681,DRV00010,VEH0021,2024-09-06,,Failed,1,9.66,13
DLV00000865,DLVORD00002696,DRV00022,VEH0049,2023-12-02,2023-12-08,Delivered,1,11.15,61
DLV00000866,DLVORD00001165,DRV00030,VEH0001,2022-02-14,2022-02-14,Delivered,1,6.76,83
DLV00000867,DLVORD00002612,DRV00021,VEH0012,2024-04-27,2024-05-01,Delivered,1,24.08,26
DLV00000868,DLVORD00002524,DRV00018,VEH0042,2024-06-12,2024-06-20,Delivered,1,6.11,84
DLV00000869,DLVORD00001477,DRV00005,VEH0039,2024-09-02,2024-09-07,Delivered,1,3.32,7
DLV00000870,DLVORD00002782,DRV00009,VEH0011,2022-05-21,2022-05-24,Delivered,1,15.85,15
DLV00000871,DLVORD00001353,DRV00040,VEH0010,2022-09-07,2022-09-14,Delivered,1,8.77,37
DLV00000872,DLVORD00001749,DRV00034,VEH0029,2023-06-03,2023-06-07,Delivered,1,26.64,43
DLV00000873,DLVORD00002851,DRV00004,VEH0047,2024-06-08,2024-06-08,Delivered,1,14.76,38
DLV00000874,DLVORD00000049,DRV00046,VEH0029,2023-07-01,2023-07-02,Delivered,1,3.12,85
DLV00000875,DLVORD00001622,DRV00054,VEH0045,2024-08-06,2024-08-06,Delivered,1,14.72,46
DLV00000876,DLVORD00000047,DRV00033,VEH0037,2023-11-21,,Failed,1,8.66,80
DLV00000877,DLVORD00002067,DRV00042,VEH0010,2023-01-14,2023-01-19,Delivered,1,12.18,11
DLV00000878,DLVORD00000468,DRV00041,VEH0043,2024-02-15,,Failed,1,15.03,59
DLV00000879,DLVORD00000561,DRV00051,VEH0041,2023-07-13,,Pending,1,29.16,26
DLV00000880,DLVORD00002108,DRV00030,VEH0039,2023-03-24,,Rescheduled,2,23.75,36
DLV00000881,DLVORD00000959,DRV00012,VEH0042,2023-01-05,2023-01-05,Delivered,1,20.72,74
DLV00000882,DLVORD00002130,DRV00032,VEH0022,2024-09-20,2024-09-20,Delivered,1,24.9,83
DLV00000883,DLVORD00002770,DRV00025,VEH0050,2022-12-07,2022-12-07,Delivered,1,17.17,46
DLV00000884,DLVORD00001929,DRV00051,VEH0050,2024-08-18,2024-08-20,Delivered,1,27.73,37
DLV00000885,DLVORD00001760,DRV00074,VEH0042,2024-01-08,2024-01-08,Delivered,1,24.39,85
DLV00000886,DLVORD00000827,DRV00034,VEH0049,2024-01-11,2024-01-16,Delivered,1,27.54,46
DLV00000887,DLVORD00002176,DRV00068,VEH0003,2023-04-24,2023-04-24,Delivered,1,25.64,24
DLV00000888,DLVORD00002984,DRV00021,VEH0025,2022-08-17,2022-08-17,Delivered,1,14.9,77
DLV00000889,DLVORD00001636,DRV00051,VEH0046,2023-10-16,2023-10-16,Delivered,1,4.13,86
DLV00000890,DLVORD00000218,DRV00041,VEH0041,2024-07-16,2024-07-24,Delivered,1,9.85,69
DLV00000891,DLVORD00001956,DRV00009,VEH0032,2023-12-09,2023-12-10,Delivered,1,21.7,59
DLV00000892,DLVORD00000145,DRV00052,VEH0026,2023-12-20,2023-12-23,Delivered,1,8.26,89
DLV00000893,DLVORD00001945,DRV00013,VEH0017,2023-07-17,,Rescheduled,1,9.58,81
DLV00000894,DLVORD00002716,DRV00047,VEH0010,2024-01-27,2024-01-27,Delivered,1,12.61,37
DLV00000895,DLVORD00001328,DRV00048,VEH0028,2022-06-10,2022-06-11,Delivered,1,14.01,29
DLV00000896,DLVORD00002126,DRV00068,VEH0027,2024-01-29,2024-01-29,Delivered,1,13.15,43
DLV00000897,DLVORD00001708,DRV00050,VEH0034,2022-10-09,,Pending,1,22.95,23
DLV00000898,DLVORD00002728,DRV00080,VEH0034,2022-04-08,2022-04-13,Delivered,2,6.79,23
DLV00000899,DLVORD00002121,DRV00080,VEH0004,2024-06-17,2024-06-18,Delivered,2,22.27,83
DLV00000900,DLVORD00001732,DRV00034,VEH0021,2023-12-01,2023-12-01,Delivered,1,1.74,74
DLV00000901,DLVORD00002603,DRV00019,VEH0028,2024-12-05,2024-12-05,Delivered,1,7.29,43
DLV00000902,DLVORD00002958,DRV00028,VEH0036,2023-07-16,2023-07-16,Delivered,1,26.09,57
DLV00000903,DLVORD00001342,DRV00049,VEH0008,2022-05-21,2022-05-25,Delivered,1,19.2,32
DLV00000904,DLVORD00002456,DRV00015,VEH0016,2023-08-09,2023-08-21,Delivered,1,8.78,59
DLV00000905,DLVORD00002442,DRV00042,VEH0034,2024-06-28,2024-07-06,Delivered,1,10.63,74
DLV00000906,DLVORD00002568,DRV00028,VEH0040,2023-09-13,2023-09-17,Delivered,1,25.48,18
DLV00000907,DLVORD00002693,DRV00073,VEH0002,2024-09-15,2024-09-19,Delivered,1,5.09,77
DLV00000908,DLVORD00000051,DRV00022,VEH0042,2022-06-05,2022-06-08,Delivered,1,17.18,70
DLV00000909,DLVORD00001746,DRV00053,VEH0037,2023-03-02,2023-03-09,Delivered,1,20.81,71
DLV00000910,DLVORD00001276,DRV00028,VEH0038,2023-11-30,2023-12-02,Delivered,1,11.61,21
DLV00000911,DLVORD00002386,DRV00041,VEH0035,2024-06-23,2024-07-02,Delivered,1,5.04,33
DLV00000912,DLVORD00001994,DRV00062,VEH0040,2024-12-14,,Rescheduled,1,25.59,53
DLV00000913,DLVORD00000887,DRV00039,VEH0030,2022-03-07,,Rescheduled,1,21.82,48
DLV00000914,DLVORD00002878,DRV00043,VEH0049,2024-06-12,2024-06-12,Delivered,1,23.27,90
DLV00000915,DLVORD00000213,DRV00073,VEH0005,2022-08-15,,Rescheduled,1,21.47,62
DLV00000916,DLVORD00001366,DRV00012,VEH0020,2023-08-21,,Failed,1,22.3,72
DLV00000917,DLVORD00002189,DRV00070,VEH0011,2022-07-18,2022-07-23,Delivered,1,4.36,9
DLV00000918,DLVORD00001480,DRV00051,VEH0011,2024-01-13,2024-01-17,Delivered,2,1.32,32
DLV00000919,DLVORD00002398,DRV00016,VEH0014,2024-05-21,2024-05-21,Delivered,1,14.06,86
DLV00000920,DLVORD00001098,DRV00011,VEH0043,2024-11-16,2024-11-17,Delivered,1,21.31,15
DLV00000921,DLVORD00001561,DRV00078,VEH0008,2024-02-15,2024-02-15,Delivered,1,21.93,33
DLV00000922,DLVORD00000295,DRV00059,VEH0050,2024-04-19,2024-04-19,Delivered,1,12.91,19
DLV00000923,DLVORD00002104,DRV00037,VEH0018,2024-02-28,2024-02-28,Delivered,1,23.42,44
DLV00000924,DLVORD00000543,DRV00065,VEH0030,2023-12-30,2023-12-30,Delivered,1,18.4,60
DLV00000925,DLVORD00002741,DRV00034,VEH0029,2023-06-23,,Rescheduled,1,16.0,71
DLV00000926,DLVORD00002782,DRV00025,VEH0023,2022-05-23,2022-05-23,Delivered,1,26.17,27
DLV00000927,DLVORD00001790,DRV00023,VEH0013,2023-12-13,2023-12-13,Delivered,1,16.78,44
DLV00000928,DLVORD00000527,DRV00027,VEH0018,2023-06-21,2023-06-21,Delivered,1,11.24,68
DLV00000929,DLVORD00001179,DRV00023,VEH0003,2022-03-02,2022-03-02,Delivered,1,10.62,56
DLV00000930,DLVORD00002003,DRV00034,VEH0023,2023-12-11,2023-12-16,Delivered,1,8.63,29
DLV00000931,DLVORD00000971,DRV00064,VEH0019,2024-03-21,2024-03-21,Delivered,1,5.07,7
DLV00000932,DLVORD00000691,DRV00012,VEH0019,2024-04-28,2024-05-06,Delivered,1,16.99,13
DLV00000933,DLVORD00002962,DRV00043,VEH0015,2023-09-26,2023-09-26,Delivered,1,22.16,73
DLV00000934,DLVORD00002718,DRV00047,VEH0026,2024-12-13,2024-12-13,Delivered,1,23.26,53
DLV00000935,DLVORD00000062,DRV00015,VEH0027,2022-02-07,2022-02-07,Delivered,1,16.85,82
DLV00000936,DLVORD00002221,DRV00018,VEH0035,2024-01-25,2024-01-25,Delivered,1,4.51,16
DLV00000937,DLVORD00001749,DRV00073,VEH0032,2023-06-05,2023-06-05,Delivered,1,26.89,25
DLV00000938,DLVORD00000913,DRV00069,VEH0013,2024-06-10,2024-06-10,Delivered,1,23.2,46
DLV00000939,DLVORD00001994,DRV00040,VEH0049,2024-12-14,2024-12-15,Delivered,1,26.28,24
DLV00000940,DLVORD00002069,DRV00031,VEH0024,2023-04-11,2023-04-11,Delivered,1,7.71,26
DLV00000941,DLVORD00001721,DRV00057,VEH0007,2024-10-22,,Failed,1,14.98,38
DLV00000942,DLVORD00000479,DRV00047,VEH0009,2024-08-26,,Pending,1,27.12,75
DLV00000943,DLVORD00000008,DRV00009,VEH0046,2022-01-21,,Failed,1,1.88,78
DLV00000944,DLVORD00002148,DRV00030,VEH0010,2022-04-30,,Rescheduled,1,25.22,27
DLV00000945,DLVORD00001088,DRV00012,VEH0008,2023-10-31,,Failed,1,17.33,78
DLV00000946,DLVORD00000417,DRV00002,VEH0030,2023-10-02,,Failed,2,25.94,15
DLV00000947,DLVORD00000301,DRV00022,VEH0016,2024-04-01,2024-04-02,Delivered,1,23.33,42
DLV00000948,DLVORD00000731,DRV00039,VEH0010,2022-10-23,,Rescheduled,1,21.16,44
DLV00000949,DLVORD00001734,DRV00010,VEH0028,2024-03-22,2024-03-23,Delivered,1,15.04,75
DLV00000950,DLVORD00000532,DRV00015,VEH0037,2022-05-04,2022-05-10,Delivered,1,15.67,31
DLV00000951,DLVORD00001729,DRV00047,VEH0041,2023-01-29,,Pending,1,10.9,10
DLV00000952,DLVORD00000790,DRV00052,VEH0032,2022-12-26,,Rescheduled,1,28.06,10
DLV00000953,DLVORD00002715,DRV00057,VEH0036,2024-01-12,2024-01-12,Delivered,1,7.16,27
DLV00000954,DLVORD00000418,DRV00015,VEH0002,2024-04-25,2024-05-02,Delivered,1,23.52,76
DLV00000955,DLVORD00002882,DRV00016,VEH0039,2024-09-11,2024-09-12,Delivered,1,7.47,13
DLV00000956,DLVORD00001749,DRV00068,VEH0050,2023-06-03,,Pending,1,25.96,38
DLV00000957,DLVORD00002484,DRV00080,VEH0027,2023-03-10,2023-03-17,Delivered,1,19.6,17
DLV00000958,DLVORD00002439,DRV00074,VEH0023,2024-11-03,2024-11-03,Delivered,1,13.11,25
DLV00000959,DLVORD00002686,DRV00039,VEH0004,2023-10-12,2023-10-12,Delivered,1,20.55,63
DLV00000960,DLVORD00002482,DRV00011,VEH0014,2023-10-09,,Rescheduled,1,26.95,10
DLV00000961,DLVORD00001733,DRV00018,VEH0046,2024-04-20,2024-04-20,Delivered,1,8.21,23
DLV00000962,DLVORD00001418,DRV00046,VEH0018,2022-02-22,,Rescheduled,1,9.61,36
DLV00000963,DLVORD00000113,DRV00037,VEH0005,2024-02-22,,Failed,1,28.59,36
DLV00000964,DLVORD00001608,DRV00032,VEH0035,2023-03-25,,Rescheduled,1,13.25,83
DLV00000965,DLVORD00002344,DRV00067,VEH0050,2024-11-06,,Failed,1,13.94,27
DLV00000966,DLVORD00001100,DRV00010,VEH0027,2023-07-08,,Failed,1,19.1,86
DLV00000967,DLVORD00000411,DRV00031,VEH0024,2024-11-02,2024-11-02,Delivered,1,11.6,20
DLV00000968,DLVORD00000878,DRV00023,VEH0019,2023-12-31,2023-12-31,Delivered,1,15.94,42
DLV00000969,DLVORD00001697,DRV00062,VEH0021,2024-05-17,2024-05-17,Delivered,1,28.3,39
DLV00000970,DLVORD00000548,DRV00015,VEH0046,2022-06-27,2022-07-02,Delivered,1,21.28,5
DLV00000971,DLVORD00000228,DRV00060,VEH0045,2024-03-08,2024-03-08,Delivered,1,5.23,18
DLV00000972,DLVORD00002172,DRV00052,VEH0031,2023-12-03,2023-12-03,Delivered,1,26.65,85
DLV00000973,DLVORD00001700,DRV00068,VEH0011,2022-11-21,2022-11-21,Delivered,1,1.86,51
DLV00000974,DLVORD00002992,DRV00005,VEH0044,2023-05-23,2023-05-23,Delivered,1,2.18,32
DLV00000975,DLVORD00002759,DRV00043,VEH0008,2024-07-30,,Rescheduled,1,6.69,32
DLV00000976,DLVORD00001294,DRV00026,VEH0046,2024-08-09,2024-08-17,Delivered,1,28.16,82
DLV00000977,DLVORD00002506,DRV00063,VEH0011,2023-04-11,,Pending,1,21.34,72
DLV00000978,DLVORD00002103,DRV00040,VEH0050,2022-08-17,2022-08-17,Delivered,1,27.08,87
DLV00000979,DLVORD00001141,DRV00061,VEH0017,2023-07-01,2023-07-01,Delivered,1,11.69,29
DLV00000980,DLVORD00002945,DRV00047,VEH0022,2022-10-04,2022-10-04,Delivered,1,17.49,70
DLV00000981,DLVORD00001175,DRV00046,VEH0006,2022-12-20,,Pending,1,10.33,31
DLV00000982,DLVORD00001644,DRV00074,VEH0012,2024-07-11,,Rescheduled,1,7.0,41
DLV00000983,DLVORD00001156,DRV00028,VEH0042,2023-09-29,2023-10-03,Delivered,1,18.31,32
DLV00000984,DLVORD00002631,DRV00020,VEH0013,2023-10-29,2023-10-29,Delivered,1,24.88,28
DLV00000985,DLVORD00001800,DRV00036,VEH0045,2022-03-12,2022-03-17,Delivered,1,16.63,84
DLV00000986,DLVORD00001202,DRV00020,VEH0028,2024-12-12,2024-12-13,Delivered,1,16.48,90
DLV00000987,DLVORD00002921,DRV00064,VEH0023,2024-05-30,,Rescheduled,1,20.13,51
DLV00000988,DLVORD00001009,DRV00012,VEH0003,2023-05-01,2023-05-02,Delivered,1,13.33,25
DLV00000989,DLVORD00000903,DRV00012,VEH0036,2024-01-21,2024-01-21,Delivered,1,20.54,31
DLV00000990,DLVORD00001384,DRV00080,VEH0033,2023-07-25,2023-07-27,Delivered,1,20.42,6
DLV00000991,DLVORD00002104,DRV00019,VEH0019,2024-02-27,,Pending,1,14.15,16
DLV00000992,DLVORD00000368,DRV00035,VEH0024,2024-10-11,,Rescheduled,1,24.61,24
DLV00000993,DLVORD00001645,DRV00016,VEH0024,2023-08-15,2023-08-16,Delivered,1,7.22,62
DLV00000994,DLVORD00002507,DRV00078,VEH0017,2024-08-17,2024-08-17,Delivered,1,11.24,58
DLV00000995,DLVORD00000293,DRV00032,VEH0020,2022-08-10,2022-08-10,Delivered,1,26.28,18
DLV00000996,DLVORD00001325,DRV00014,VEH0045,2022-11-01,2022-11-01,Delivered,1,3.76,6
DLV00000997,DLVORD00000482,DRV00057,VEH0039,2024-02-29,,Failed,1,5.86,71
DLV00000998,DLVORD00001837,DRV00054,VEH0021,2024-10-19,,Pending,1,20.8,69
DLV00000999,DLVORD00000257,DRV00057,VEH0006,2022-01-09,2022-01-09,Delivered,1,2.07,12
DLV00001000,DLVORD00000937,DRV00067,VEH0013,2023-10-20,,Rescheduled,1,26.74,73
DLV00001001,DLVORD00002789,DRV00011,VEH0033,2023-07-10,,Pending,1,13.07,27
DLV00001002,DLVORD00002970,DRV00014,VEH0013,2023-06-19,2023-06-19,Delivered,1,6.04,52
DLV00001003,DLVORD00001231,DRV00015,VEH0025,2022-12-13,2022-12-15,Delivered,1,16.03,84
DLV00001004,DLVORD00000400,DRV00050,VEH0005,2024-07-03,2024-07-03,Delivered,1,11.86,59
DLV00001005,DLVORD00001105,DRV00019,VEH0032,2024-01-01,2024-01-07,Delivered,1,1.45,65
DLV00001006,DLVORD00001013,DRV00067,VEH0021,2022-09-04,2022-09-04,Delivered,1,24.06,67
DLV00001007,DLVORD00001499,DRV00009,VEH0034,2023-11-04,2023-11-06,Delivered,1,26.73,37
DLV00001008,DLVORD00000930,DRV00056,VEH0014,2023-05-01,2023-05-01,Delivered,1,18.45,52
DLV00001009,DLVORD00001837,DRV00043,VEH0019,2024-10-19,2024-10-19,Delivered,2,27.89,62
DLV00001010,DLVORD00001118,DRV00015,VEH0040,2023-08-12,2023-08-12,Delivered,1,23.52,76
DLV00001011,DLVORD00000018,DRV00003,VEH0023,2023-09-20,2023-09-20,Delivered,1,14.67,11
DLV00001012,DLVORD00002531,DRV00070,VEH0044,2024-09-01,,Pending,1,17.48,75
DLV00001013,DLVORD00001283,DRV00034,VEH0015,2022-10-18,2022-10-18,Delivered,1,18.35,18
DLV00001014,DLVORD00000949,DRV00062,VEH0043,2024-09-17,2024-09-18,Delivered,1,26.65,89
DLV00001015,DLVORD00000737,DRV00034,VEH0011,2023-03-13,,Failed,1,26.95,43
DLV00001016,DLVORD00002295,DRV00060,VEH0036,2023-01-22,2023-01-23,Delivered,1,6.5,55
DLV00001017,DLVORD00002063,DRV00057,VEH0040,2023-09-08,2023-09-08,Delivered,1,22.75,46
DLV00001018,DLVORD00000818,DRV00011,VEH0033,2024-05-01,,Rescheduled,1,2.9,15
DLV00001019,DLVORD00001615,DRV00037,VEH0028,2023-08-19,2023-08-26,Delivered,1,8.68,13
DLV00001020,DLVORD00002580,DRV00031,VEH0047,2023-11-06,2023-11-06,Delivered,1,27.14,19
DLV00001021,DLVORD00002129,DRV00018,VEH0044,2024-03-22,2024-03-22,Delivered,1,8.94,68
DLV00001022,DLVORD00000082,DRV00014,VEH0028,2023-03-27,2023-03-27,Delivered,1,10.63,51
DLV00001023,DLVORD00001425,DRV00011,VEH0049,2023-06-23,2023-06-23,Delivered,1,9.04,48
DLV00001024,DLVORD00000972,DRV00075,VEH0001,2023-05-29,2023-06-01,Delivered,1,19.99,47
DLV00001025,DLVORD00002470,DRV00016,VEH0006,2023-07-26,2023-07-27,Delivered,1,7.93,24
DLV00001026,DLVORD00000044,DRV00069,VEH0046,2023-11-12,2023-11-26,Delivered,1,6.28,22
DLV00001027,DLVORD00002881,DRV00002,VEH0031,2024-07-22,2024-07-23,Delivered,1,7.23,21
DLV00001028,DLVORD00002449,DRV00028,VEH0003,2023-02-28,2023-03-02,Delivered,1,12.66,68
DLV00001029,DLVORD00002000,DRV00071,VEH0005,2023-09-28,2023-09-28,Delivered,1,28.42,30
DLV00001030,DLVORD00001806,DRV00022,VEH0037,2023-06-26,2023-06-27,Delivered,1,2.24,8
DLV00001031,DLVORD00002260,DRV00023,VEH0039,2023-04-10,2023-04-18,Delivered,1,21.74,31
DLV00001032,DLVORD00002741,DRV00027,VEH0010,2023-06-22,2023-06-30,Delivered,1,3.47,5
DLV00001033,DLVORD00001781,DRV00047,VEH0012,2023-09-16,,Pending,1,13.47,88
DLV00001034,DLVORD00001972,DRV00026,VEH0001,2023-11-08,,Pending,1,16.42,9
DLV00001035,DLVORD00000962,DRV00049,VEH0041,2024-12-30,2024-12-30,Delivered,1,9.63,40
DLV00001036,DLVORD00000039,DRV00016,VEH0030,2024-09-01,,Pending,1,29.01,11
DLV00001037,DLVORD00001708,DRV00080,VEH0008,2022-10-09,,Rescheduled,1,27.38,67
DLV00001038,DLVORD00002084,DRV00070,VEH0016,2024-10-24,2024-11-03,Delivered,1,22.82,84
DLV00001039,DLVORD00000423,DRV00061,VEH0027,2024-01-19,2024-01-19,Delivered,1,12.08,84
DLV00001040,DLVORD00000844,DRV00018,VEH0031,2024-12-17,2024-12-17,Delivered,1,28.78,32
DLV00001041,DLVORD00000140,DRV00015,VEH0034,2022-12-24,2023-01-02,Delivered,1,24.77,52
DLV00001042,DLVORD00002817,DRV00057,VEH0031,2023-07-28,2023-07-28,Delivered,1,8.5,9
DLV00001043,DLVORD00002333,DRV00010,VEH0041,2024-04-29,2024-04-30,Delivered,1,5.05,88
DLV00001044,DLVORD00000416,DRV00054,VEH0040,2024-10-09,,Pending,1,14.85,52
DLV00001045,DLVORD00002223,DRV00063,VEH0033,2024-07-10,2024-07-10,Delivered,1,19.01,90
DLV00001046,DLVORD00000480,DRV00049,VEH0025,2024-01-29,2024-02-05,Delivered,1,25.97,84
DLV00001047,DLVORD00001660,DRV00011,VEH0012,2024-11-22,2024-11-22,Delivered,1,28.2,75
DLV00001048,DLVORD00000437,DRV00044,VEH0003,2024-08-24,2024-08-27,Delivered,1,23.35,84
DLV00001049,DLVORD00001942,DRV00032,VEH0048,2024-04-24,2024-04-25,Delivered,1,22.29,36
DLV00001050,DLVORD00000950,DRV00016,VEH0015,2023-05-19,2023-05-23,Delivered,1,27.81,23
DLV00001051,DLVORD00001964,DRV00078,VEH0015,2024-07-01,2024-07-01,Delivered,1,3.4,26
DLV00001052,DLVORD00001444,DRV00037,VEH0038,2023-07-05,,Rescheduled,1,13.02,83
DLV00001053,DLVORD00000354,DRV00003,VEH0002,2023-06-26,2023-06-26,Delivered,1,21.64,54
DLV00001054,DLVORD00001667,DRV00066,VEH0040,2023-12-26,,Pending,1,6.42,46
DLV00001055,DLVORD00000710,DRV00069,VEH0025,2024-02-07,2024-02-09,Delivered,1,10.93,60
DLV00001056,DLVORD00001259,DRV00061,VEH0001,2022-04-20,2022-04-20,Delivered,1,27.53,39
DLV00001057,DLVORD00001644,DRV00049,VEH0018,2024-07-11,2024-07-11,Delivered,1,24.97,82
DLV00001058,DLVORD00002812,DRV00031,VEH0043,2023-08-13,,Failed,1,19.64,41
DLV00001059,DLVORD00001363,DRV00040,VEH0009,2022-04-27,2022-05-02,Delivered,1,27.76,31
DLV00001060,DLVORD00002433,DRV00052,VEH0001,2023-10-20,2023-10-20,Delivered,2,29.0,78
DLV00001061,DLVORD00000199,DRV00049,VEH0013,2022-05-02,2022-05-03,Delivered,1,17.51,84
DLV00001062,DLVORD00000220,DRV00013,VEH0023,2024-03-19,2024-03-28,Delivered,1,7.15,66
DLV00001063,DLVORD00001341,DRV00022,VEH0050,2024-06-06,2024-06-06,Delivered,2,27.26,16
DLV00001064,DLVORD00000244,DRV00021,VEH0022,2024-01-23,2024-01-25,Delivered,1,14.79,49
DLV00001065,DLVORD00001032,DRV00010,VEH0007,2023-10-30,2023-10-30,Delivered,1,5.06,19
DLV00001066,DLVORD00001929,DRV00074,VEH0005,2024-08-19,2024-08-21,Delivered,1,5.89,89
DLV00001067,DLVORD00000433,DRV00036,VEH0022,2023-12-12,2023-12-12,Delivered,1,20.47,70
DLV00001068,DLVORD00000714,DRV00015,VEH0032,2024-11-14,2024-11-16,Delivered,1,15.91,26
DLV00001069,DLVORD00001242,DRV00051,VEH0033,2022-11-17,2022-11-17,Delivered,1,24.42,5
DLV00001070,DLVORD00001917,DRV00035,VEH0018,2024-07-31,2024-08-02,Delivered,1,20.03,53
DLV00001071,DLVORD00001884,DRV00061,VEH0023,2024-06-17,2024-06-25,Delivered,1,21.89,76
DLV00001072,DLVORD00002050,DRV00005,VEH0001,2024-12-10,2024-12-11,Delivered,1,28.32,66
DLV00001073,DLVORD00001720,DRV00016,VEH0040,2024-11-27,,Rescheduled,1,17.15,90
DLV00001074,DLVORD00000943,DRV00069,VEH0030,2024-03-23,2024-03-23,Delivered,2,22.39,13
DLV00001075,DLVORD00000512,DRV00047,VEH0003,2024-06-15,2024-06-15,Delivered,1,14.72,52
DLV00001076,DLVORD00002784,DRV00034,VEH0040,2023-09-08,2023-09-08,Delivered,1,28.78,44
DLV00001077,DLVORD00002552,DRV00021,VEH0008,2023-11-25,2023-11-27,Delivered,1,22.63,79
DLV00001078,DLVORD00000115,DRV00033,VEH0049,2024-10-12,2024-10-12,Delivered,1,19.29,90
DLV00001079,DLVORD00002313,DRV00059,VEH0019,2024-01-16,2024-01-16,Delivered,1,29.24,78
DLV00001080,DLVORD00001186,DRV00075,VEH0043,2024-04-08,,Rescheduled,1,1.22,55
DLV00001081,DLVORD00000555,DRV00023,VEH0046,2023-12-10,2023-12-11,Delivered,1,17.31,56
DLV00001082,DLVORD00002581,DRV00055,VEH0048,2023-04-02,,Failed,1,8.68,30
DLV00001083,DLVORD00001187,DRV00047,VEH0034,2024-03-24,2024-04-04,Delivered,1,7.97,60
DLV00001084,DLVORD00002631,DRV00018,VEH0044,2023-10-30,2023-10-30,Delivered,1,21.15,52
DLV00001085,DLVORD00001784,DRV00032,VEH0038,2022-04-23,2022-04-23,Delivered,1,28.76,18
DLV00001086,DLVORD00001114,DRV00011,VEH0001,2023-08-03,2023-08-11,Delivered,1,29.88,17
DLV00001087,DLVORD00002805,DRV00025,VEH0018,2023-07-01,2023-07-01,Delivered,1,29.64,40
DLV00001088,DLVORD00002652,DRV00011,VEH0045,2022-08-02,2022-08-02,Delivered,1,23.09,89
DLV00001089,DLVORD00001425,DRV00042,VEH0047,2023-06-21,2023-06-21,Delivered,1,8.66,60
DLV00001090,DLVORD00001045,DRV00070,VEH0034,2024-10-06,2024-10-06,Delivered,1,27.79,11
DLV00001091,DLVORD00001101,DRV00061,VEH0044,2023-03-31,2023-03-31,Delivered,1,19.32,82
DLV00001092,DLVORD00001840,DRV00059,VEH0029,2024-02-16,,Pending,1,18.07,49
DLV00001093,DLVORD00001510,DRV00018,VEH0039,2023-03-30,2023-03-31,Delivered,1,5.72,60
DLV00001094,DLVORD00002343,DRV00065,VEH0021,2023-05-20,,Failed,1,21.99,9
DLV00001095,DLVORD00002024,DRV00042,VEH0021,2022-08-09,,Failed,1,11.27,16
DLV00001096,DLVORD00001536,DRV00068,VEH0042,2022-08-22,,Rescheduled,1,13.33,75
DLV00001097,DLVORD00000504,DRV00032,VEH0030,2023-08-06,2023-08-07,Delivered,1,21.4,56
DLV00001098,DLVORD00002552,DRV00034,VEH0016,2023-11-24,,Pending,1,14.8,49
DLV00001099,DLVORD00002240,DRV00049,VEH0015,2023-08-24,2023-08-30,Delivered,1,10.38,39
DLV00001100,DLVORD00000868,DRV00027,VEH0029,2022-12-29,2022-12-29,Delivered,1,24.92,76
DLV00001101,DLVORD00002147,DRV00039,VEH0030,2023-05-30,2023-05-30,Delivered,1,26.61,84
DLV00001102,DLVORD00002862,DRV00041,VEH0023,2024-06-16,2024-06-17,Delivered,1,17.17,79
DLV00001103,DLVORD00002934,DRV00015,VEH0018,2024-03-11,2024-03-17,Delivered,1,23.75,69
DLV00001104,DLVORD00001362,DRV00079,VEH0048,2024-05-18,2024-05-18,Delivered,1,5.32,17
DLV00001105,DLVORD00000114,DRV00048,VEH0033,2023-09-05,2023-09-07,Delivered,1,2.51,8
DLV00001106,DLVORD00000305,DRV00044,VEH0021,2024-11-03,2024-11-03,Delivered,1,7.29,40
DLV00001107,DLVORD00002617,DRV00049,VEH0046,2022-08-24,2022-08-25,Delivered,1,22.38,18
DLV00001108,DLVORD00000313,DRV00075,VEH0033,2023-01-23,2023-01-29,Delivered,2,1.81,9
DLV00001109,DLVORD00000261,DRV00056,VEH0027,2023-08-06,2023-08-07,Delivered,1,28.53,53
DLV00001110,DLVORD00000120,DRV00074,VEH0018,2022-01-13,2022-01-13,Delivered,1,11.14,37
DLV00001111,DLVORD00001090,DRV00037,VEH0006,2023-12-26,2023-12-30,Delivered,1,3.79,8
DLV00001112,DLVORD00002477,DRV00075,VEH0037,2023-10-09,2023-10-14,Delivered,1,20.82,47
DLV00001113,DLVORD00000490,DRV00027,VEH0047,2023-07-26,2023-07-27,Delivered,1,15.61,21
DLV00001114,DLVORD00002366,DRV00065,VEH0027,2022-12-05,2022-12-05,Delivered,1,6.46,53
DLV00001115,DLVORD00002828,DRV00015,VEH0047,2023-09-13,2023-09-15,Delivered,1,25.28,10
DLV00001116,DLVORD00002094,DRV00026,VEH0034,2023-08-11,2023-08-20,Delivered,1,25.11,51
DLV00001117,DLVORD00001032,DRV00019,VEH0012,2023-10-28,2023-11-01,Delivered,1,29.93,22
DLV00001118,DLVORD00002608,DRV00023,VEH0038,2024-04-11,,Pending,1,19.72,15
DLV00001119,DLVORD00001714,DRV00046,VEH0034,2022-09-23,2022-09-23,Delivered,1,17.53,20
DLV00001120,DLVORD00001231,DRV00020,VEH0005,2022-12-14,2022-12-14,Delivered,1,27.45,45
DLV00001121,DLVORD00001834,DRV00039,VEH0002,2023-06-04,2023-06-04,Delivered,1,24.99,8
DLV00001122,DLVORD00002656,DRV00006,VEH0035,2024-05-15,2024-05-24,Delivered,1,20.3,17
DLV00001123,DLVORD00000089,DRV00032,VEH0006,2022-02-27,2022-03-04,Delivered,1,26.05,13
DLV00001124,DLVORD00001390,DRV00050,VEH0048,2022-07-02,2022-07-09,Delivered,1,19.34,27
DLV00001125,DLVORD00000975,DRV00037,VEH0044,2022-03-04,2022-03-04,Delivered,1,7.52,34
DLV00001126,DLVORD00002774,DRV00016,VEH0013,2024-06-11,2024-06-11,Delivered,1,1.05,48
DLV00001127,DLVORD00002042,DRV00011,VEH0008,2024-03-23,2024-03-24,Delivered,1,24.64,11
DLV00001128,DLVORD00002641,DRV00070,VEH0021,2024-09-28,,Rescheduled,1,2.12,20
DLV00001129,DLVORD00001518,DRV00062,VEH0015,2023-11-04,,Failed,1,19.47,61
DLV00001130,DLVORD00001406,DRV00016,VEH0012,2023-12-16,2023-12-16,Delivered,1,28.06,35
DLV00001131,DLVORD00000716,DRV00048,VEH0020,2024-09-15,,Rescheduled,1,15.6,52
DLV00001132,DLVORD00001178,DRV00038,VEH0047,2023-09-05,,Rescheduled,1,26.51,16
DLV00001133,DLVORD00002677,DRV00077,VEH0009,2023-05-04,2023-05-04,Delivered,1,1.95,65
DLV00001134,DLVORD00002549,DRV00048,VEH0028,2024-02-07,,Pending,1,5.19,67
DLV00001135,DLVORD00002817,DRV00079,VEH0047,2023-07-28,,Rescheduled,1,21.4,28
DLV00001136,DLVORD00000399,DRV00036,VEH0008,2024-12-02,,Rescheduled,1,21.61,59
DLV00001137,DLVORD00001435,DRV00069,VEH0023,2024-06-22,2024-06-23,Delivered,1,21.8,62
DLV00001138,DLVORD00002352,DRV00047,VEH0001,2024-07-17,2024-07-17,Delivered,1,8.1,66
DLV00001139,DLVORD00001452,DRV00046,VEH0031,2024-05-12,,Pending,1,2.63,15
DLV00001140,DLVORD00001068,DRV00023,VEH0048,2023-12-01,2023-12-01,Delivered,1,21.68,8
DLV00001141,DLVORD00001184,DRV00040,VEH0035,2024-03-08,2024-03-12,Delivered,1,28.63,11
DLV00001142,DLVORD00000888,DRV00023,VEH0015,2024-07-21,,Failed,2,23.19,83
DLV00001143,DLVORD00001882,DRV00052,VEH0024,2023-03-21,,Rescheduled,1,23.02,67
DLV00001144,DLVORD00002152,DRV00027,VEH0047,2022-07-21,2022-07-21,Delivered,1,27.43,65
DLV00001145,DLVORD00001051,DRV00079,VEH0030,2023-04-17,,Failed,1,9.09,83
DLV00001146,DLVORD00001705,DRV00005,VEH0014,2024-05-15,2024-05-16,Delivered,1,28.67,50
DLV00001147,DLVORD00002830,DRV00011,VEH0034,2024-01-17,2024-01-19,Delivered,1,11.19,55
DLV00001148,DLVORD00002333,DRV00047,VEH0007,2024-04-29,2024-04-29,Delivered,1,5.69,70
DLV00001149,DLVORD00001731,DRV00073,VEH0014,2024-04-18,2024-04-18,Delivered,1,26.59,17
DLV00001150,DLVORD00001973,DRV00065,VEH0022,2022-12-30,2022-12-30,Delivered,1,16.41,88
DLV00001151,DLVORD00000058,DRV00013,VEH0011,2023-02-27,2023-02-27,Delivered,2,20.61,61
DLV00001152,DLVORD00002153,DRV00027,VEH0002,2023-05-07,,Failed,1,25.75,87
DLV00001153,DLVORD00002782,DRV00002,VEH0019,2022-05-22,2022-05-22,Delivered,1,22.8,30
DLV00001154,DLVORD00000516,DRV00046,VEH0038,2024-05-13,2024-05-13,Delivered,2,13.36,39
DLV00001155,DLVORD00002600,DRV00059,VEH0011,2025-01-01,2025-01-01,Delivered,1,4.15,77
DLV00001156,DLVORD00001453,DRV00059,VEH0036,2023-07-21,,Failed,1,28.11,24
DLV00001157,DLVORD00001646,DRV00006,VEH0008,2024-06-12,2024-06-14,Delivered,1,27.17,30
DLV00001158,DLVORD00000606,DRV00003,VEH0029,2024-10-11,2024-10-20,Delivered,1,19.57,20
DLV00001159,DLVORD00002423,DRV00074,VEH0011,2022-05-05,2022-05-05,Delivered,1,5.51,50
DLV00001160,DLVORD00000032,DRV00051,VEH0003,2023-01-12,,Failed,1,27.17,16
DLV00001161,DLVORD00001536,DRV00022,VEH0042,2022-08-24,2022-08-24,Delivered,1,9.08,22
DLV00001162,DLVORD00000636,DRV00016,VEH0046,2022-05-15,2022-05-15,Delivered,1,9.02,73
DLV00001163,DLVORD00002465,DRV00011,VEH0036,2023-04-23,2023-04-23,Delivered,2,3.06,26
DLV00001164,DLVORD00002530,DRV00077,VEH0001,2022-08-16,2022-08-16,Delivered,1,27.55,84
DLV00001165,DLVORD00002926,DRV00046,VEH0021,2023-03-26,2023-04-02,Delivered,1,7.35,40
DLV00001166,DLVORD00000992,DRV00013,VEH0049,2022-03-25,,Rescheduled,1,15.79,39
DLV00001167,DLVORD00002821,DRV00060,VEH0029,2024-10-31,2024-10-31,Delivered,1,29.84,13
DLV00001168,DLVORD00002154,DRV00035,VEH0013,2023-09-07,2023-09-10,Delivered,1,6.46,55
DLV00001169,DLVORD00001218,DRV00060,VEH0001,2022-08-03,2022-08-03,Delivered,1,4.63,71
DLV00001170,DLVORD00002401,DRV00064,VEH0018,2024-10-11,2024-10-11,Delivered,1,14.74,26
DLV00001171,DLVORD00002498,DRV00029,VEH0002,2022-11-28,,Rescheduled,1,21.67,34
DLV00001172,DLVORD00000523,DRV00079,VEH0003,2023-04-23,2023-04-24,Delivered,1,9.55,45
DLV00001173,DLVORD00001789,DRV00057,VEH0008,2022-06-29,,Rescheduled,1,23.53,73
DLV00001174,DLVORD00000957,DRV00004,VEH0045,2023-07-17,2023-07-24,Delivered,1,28.45,32
DLV00001175,DLVORD00001732,DRV00008,VEH0001,2023-12-01,2023-12-01,Delivered,2,29.04,55
DLV00001176,DLVORD00001961,DRV00022,VEH0050,2023-06-26,2023-06-29,Delivered,1,14.53,55
DLV00001177,DLVORD00002804,DRV00009,VEH0049,2023-11-23,,Pending,1,8.61,70
DLV00001178,DLVORD00002037,DRV00071,VEH0027,2023-09-27,2023-09-28,Delivered,1,24.85,11
DLV00001179,DLVORD00002285,DRV00019,VEH0019,2024-06-24,2024-06-30,Delivered,1,17.11,35
DLV00001180,DLVORD00002327,DRV00051,VEH0008,2023-05-18,2023-05-23,Delivered,1,12.77,27
DLV00001181,DLVORD00000070,DRV00022,VEH0029,2023-02-06,2023-02-06,Delivered,1,16.16,49
DLV00001182,DLVORD00002251,DRV00009,VEH0048,2023-08-09,2023-08-11,Delivered,1,19.59,68
DLV00001183,DLVORD00000160,DRV00039,VEH0047,2023-02-26,2023-02-26,Delivered,1,25.15,44
DLV00001184,DLVORD00001327,DRV00034,VEH0016,2024-02-17,,Pending,1,4.43,76
DLV00001185,DLVORD00001011,DRV00020,VEH0022,2024-10-17,2024-10-17,Delivered,1,3.14,25
DLV00001186,DLVORD00000311,DRV00071,VEH0027,2024-07-15,,Failed,1,11.89,77
DLV00001187,DLVORD00000783,DRV00041,VEH0003,2023-11-13,2023-11-13,Delivered,1,21.07,69
DLV00001188,DLVORD00001544,DRV00059,VEH0037,2022-03-01,,Rescheduled,1,22.17,71
DLV00001189,DLVORD00002736,DRV00014,VEH0031,2023-07-25,2023-07-25,Delivered,1,19.4,8
DLV00001190,DLVORD00001802,DRV00011,VEH0040,2024-12-13,,Pending,1,5.24,25
DLV00001191,DLVORD00000142,DRV00034,VEH0003,2022-10-21,,Pending,1,3.7,10
DLV00001192,DLVORD00002628,DRV00047,VEH0017,2023-05-29,2023-05-29,Delivered,1,12.65,12
DLV00001193,DLVORD00002164,DRV00070,VEH0015,2023-11-22,2023-11-25,Delivered,1,26.12,30
DLV00001194,DLVORD00000044,DRV00026,VEH0013,2023-11-13,2023-11-25,Delivered,1,28.9,10
DLV00001195,DLVORD00000509,DRV00022,VEH0012,2024-08-27,2024-08-27,Delivered,1,17.64,48
DLV00001196,DLVORD00000663,DRV00067,VEH0014,2024-08-28,2024-09-03,Delivered,1,19.13,83
DLV00001197,DLVORD00001847,DRV00049,VEH0005,2022-02-27,2022-02-28,Delivered,1,6.39,67
DLV00001198,DLVORD00002473,DRV00050,VEH0039,2022-07-16,2022-07-16,Delivered,1,13.19,53
DLV00001199,DLVORD00000844,DRV00059,VEH0037,2024-12-17,2024-12-17,Delivered,1,22.14,13
DLV00001200,DLVORD00000177,DRV00065,VEH0022,2023-04-14,2023-04-20,Delivered,1,11.04,26
DLV00001201,DLVORD00000307,DRV00026,VEH0031,2022-04-29,,Pending,1,3.62,55
DLV00001202,DLVORD00001003,DRV00019,VEH0041,2022-02-06,2022-02-06,Delivered,2,22.76,38
DLV00001203,DLVORD00001830,DRV00020,VEH0050,2022-11-02,2022-11-02,Delivered,1,18.78,80
DLV00001204,DLVORD00000727,DRV00002,VEH0043,2024-10-20,2024-10-20,Delivered,1,12.84,47
DLV00001205,DLVORD00000016,DRV00052,VEH0003,2024-09-09,2024-09-12,Delivered,1,16.78,75
DLV00001206,DLVORD00002819,DRV00046,VEH0047,2022-10-23,,Failed,1,13.86,22
DLV00001207,DLVORD00000902,DRV00029,VEH0038,2023-04-23,,Pending,1,29.85,26
DLV00001208,DLVORD00002127,DRV00075,VEH0007,2024-11-03,2024-11-03,Delivered,1,6.53,74
DLV00001209,DLVORD00000354,DRV00003,VEH0048,2023-06-26,2023-06-27,Delivered,1,15.76,47
DLV00001210,DLVORD00000933,DRV00071,VEH0027,2024-04-16,2024-04-16,Delivered,1,24.54,75
DLV00001211,DLVORD00000700,DRV00080,VEH0015,2023-10-17,,Pending,1,17.64,49
DLV00001212,DLVORD00001742,DRV00028,VEH0001,2024-01-02,2024-01-02,Delivered,1,3.35,86
DLV00001213,DLVORD00002261,DRV00067,VEH0014,2023-01-13,2023-01-15,Delivered,1,27.57,81
DLV00001214,DLVORD00002487,DRV00013,VEH0030,2023-05-25,,Failed,1,13.54,30
DLV00001215,DLVORD00000912,DRV00020,VEH0028,2022-08-05,2022-08-05,Delivered,1,19.11,40
DLV00001216,DLVORD00000415,DRV00060,VEH0033,2023-12-08,2023-12-14,Delivered,1,5.08,26
DLV00001217,DLVORD00000148,DRV00015,VEH0037,2022-03-07,2022-03-09,Delivered,1,3.99,87
DLV00001218,DLVORD00002977,DRV00030,VEH0029,2023-12-28,2023-12-28,Delivered,1,15.86,76
DLV00001219,DLVORD00002657,DRV00038,VEH0023,2023-06-28,2023-07-05,Delivered,1,4.73,79
DLV00001220,DLVORD00000529,DRV00031,VEH0019,2024-07-31,2024-07-31,Delivered,1,20.56,49
DLV00001221,DLVORD00000320,DRV00022,VEH0037,2023-10-31,2023-10-31,Delivered,1,8.32,18
DLV00001222,DLVORD00002210,DRV00073,VEH0010,2022-10-24,2022-10-24,Delivered,1,14.12,87
DLV00001223,DLVORD00002165,DRV00076,VEH0041,2024-02-14,2024-02-17,Delivered,1,7.83,54
DLV00001224,DLVORD00000849,DRV00079,VEH0005,2024-12-01,2024-12-01,Delivered,1,12.04,21
DLV00001225,DLVORD00000204,DRV00022,VEH0050,2024-09-01,2024-09-03,Delivered,1,18.94,74
DLV00001226,DLVORD00001339,DRV00042,VEH0004,2023-01-21,2023-01-21,Delivered,1,19.61,53
DLV00001227,DLVORD00001780,DRV00026,VEH0004,2024-01-06,,Failed,1,13.28,50
DLV00001228,DLVORD00001494,DRV00004,VEH0042,2024-07-21,,Failed,1,9.71,32
DLV00001229,DLVORD00001719,DRV00035,VEH0019,2024-12-24,2024-12-27,Delivered,1,10.63,29
DLV00001230,DLVORD00000265,DRV00062,VEH0034,2024-06-28,2024-07-01,Delivered,1,6.18,73
DLV00001231,DLVORD00000544,DRV00043,VEH0003,2023-08-27,2023-09-02,Delivered,1,20.83,52
DLV00001232,DLVORD00001929,DRV00029,VEH0032,2024-08-19,,Rescheduled,1,29.0,33
DLV00001233,DLVORD00002914,DRV00012,VEH0040,2022-01-05,2022-01-05,Delivered,1,26.48,55
DLV00001234,DLVORD00000576,DRV00063,VEH0048,2023-10-20,2023-10-21,Delivered,1,19.27,58
DLV00001235,DLVORD00002578,DRV00018,VEH0009,2023-12-17,2023-12-24,Delivered,1,21.97,54
DLV00001236,DLVORD00001914,DRV00077,VEH0033,2024-06-21,2024-06-22,Delivered,1,29.11,36
DLV00001237,DLVORD00002225,DRV00023,VEH0048,2024-11-21,2024-11-21,Delivered,1,15.28,6
DLV00001238,DLVORD00002932,DRV00052,VEH0032,2023-09-20,2023-09-20,Delivered,1,13.0,23
DLV00001239,DLVORD00001549,DRV00007,VEH0021,2024-08-07,,Rescheduled,1,18.34,23
DLV00001240,DLVORD00001786,DRV00023,VEH0022,2024-02-18,2024-02-18,Delivered,1,9.17,10
DLV00001241,DLVORD00002823,DRV00074,VEH0048,2023-11-04,2023-11-04,Delivered,1,25.39,21
DLV00001242,DLVORD00002702,DRV00029,VEH0003,2022-06-28,2022-07-02,Delivered,1,24.85,53
DLV00001243,DLVORD00000723,DRV00060,VEH0025,2023-12-08,,Pending,2,11.96,27
DLV00001244,DLVORD00001354,DRV00043,VEH0001,2022-04-06,2022-04-06,Delivered,1,28.75,68
DLV00001245,DLVORD00000651,DRV00064,VEH0021,2024-01-17,2024-01-23,Delivered,1,25.07,34
DLV00001246,DLVORD00001309,DRV00012,VEH0047,2024-05-22,,Pending,1,22.97,90
DLV00001247,DLVORD00001501,DRV00032,VEH0025,2023-02-19,,Rescheduled,2,22.18,54
DLV00001248,DLVORD00001774,DRV00041,VEH0043,2023-01-02,2023-01-08,Delivered,1,27.04,20
DLV00001249,DLVORD00000689,DRV00080,VEH0021,2024-01-01,,Pending,1,19.11,38
DLV00001250,DLVORD00002898,DRV00057,VEH0014,2023-06-16,2023-06-17,Delivered,1,27.25,69
DLV00001251,DLVORD00002747,DRV00059,VEH0036,2023-06-05,2023-06-05,Delivered,1,3.51,82
DLV00001252,DLVORD00001797,DRV00042,VEH0024,2023-07-17,2023-07-21,Delivered,1,18.07,86
DLV00001253,DLVORD00000991,DRV00040,VEH0028,2024-05-08,,Pending,1,13.3,31
DLV00001254,DLVORD00001293,DRV00049,VEH0024,2022-07-19,,Rescheduled,1,26.6,20
DLV00001255,DLVORD00001692,DRV00075,VEH0004,2023-10-06,,Rescheduled,1,20.76,29
DLV00001256,DLVORD00000082,DRV00015,VEH0002,2023-03-26,,Failed,1,17.98,73
DLV00001257,DLVORD00002597,DRV00050,VEH0036,2024-04-02,2024-04-02,Delivered,1,12.73,23
DLV00001258,DLVORD00000373,DRV00033,VEH0033,2024-11-13,2024-11-13,Delivered,2,7.78,34
DLV00001259,DLVORD00001969,DRV00021,VEH0041,2024-04-25,2024-04-27,Delivered,1,21.35,57
DLV00001260,DLVORD00002833,DRV00033,VEH0019,2024-01-08,,Failed,1,15.12,81
DLV00001261,DLVORD00002604,DRV00025,VEH0037,2024-10-19,2024-10-20,Delivered,1,4.72,12
DLV00001262,DLVORD00001828,DRV00019,VEH0010,2023-11-11,2023-11-12,Delivered,1,7.15,47
DLV00001263,DLVORD00002228,DRV00037,VEH0038,2023-10-07,2023-10-09,Delivered,1,16.8,80
DLV00001264,DLVORD00002004,DRV00054,VEH0014,2024-12-01,2024-12-01,Delivered,2,16.9,38
DLV00001265,DLVORD00002469,DRV00021,VEH0033,2024-10-13,,Pending,1,4.57,65
DLV00001266,DLVORD00000218,DRV00012,VEH0012,2024-07-15,2024-07-23,Delivered,1,8.03,36
DLV00001267,DLVORD00002352,DRV00016,VEH0040,2024-07-18,2024-07-18,Delivered,1,23.05,67
DLV00001268,DLVORD00000157,DRV00042,VEH0041,2022-08-04,,Failed,1,9.4,28
DLV00001269,DLVORD00000336,DRV00034,VEH0050,2023-04-01,,Failed,1,21.67,37
DLV00001270,DLVORD00000208,DRV00030,VEH0041,2024-03-26,2024-04-03,Delivered,1,22.45,18
DLV00001271,DLVORD00002745,DRV00005,VEH0040,2023-03-05,,Rescheduled,1,12.57,28
DLV00001272,DLVORD00000500,DRV00003,VEH0012,2024-01-23,2024-02-02,Delivered,1,23.39,34
DLV00001273,DLVORD00002189,DRV00071,VEH0029,2022-07-17,2022-07-25,Delivered,1,10.91,72
DLV00001274,DLVORD00002386,DRV00077,VEH0018,2024-06-23,2024-07-05,Delivered,1,14.02,15
DLV00001275,DLVORD00001492,DRV00031,VEH0014,2022-10-28,2022-10-28,Delivered,1,6.5,48
DLV00001276,DLVORD00001295,DRV00019,VEH0003,2023-01-30,2023-02-02,Delivered,1,3.37,79
DLV00001277,DLVORD00002245,DRV00056,VEH0012,2024-02-17,2024-02-17,Delivered,1,16.14,67
DLV00001278,DLVORD00001468,DRV00014,VEH0047,2022-03-23,2022-03-23,Delivered,1,6.1,30
DLV00001279,DLVORD00001414,DRV00070,VEH0028,2023-09-25,2023-09-25,Delivered,1,6.6,79
DLV00001280,DLVORD00001524,DRV00034,VEH0005,2023-10-28,,Rescheduled,1,1.05,11
DLV00001281,DLVORD00000335,DRV00023,VEH0047,2023-09-16,2023-09-16,Delivered,1,18.23,68
DLV00001282,DLVORD00002491,DRV00016,VEH0045,2022-12-07,2022-12-07,Delivered,1,11.29,67
DLV00001283,DLVORD00002829,DRV00016,VEH0021,2023-10-22,,Rescheduled,1,6.82,32
DLV00001284,DLVORD00002114,DRV00077,VEH0016,2023-11-20,,Failed,1,25.55,89
DLV00001285,DLVORD00002492,DRV00050,VEH0049,2024-08-20,2024-08-21,Delivered,1,9.96,53
DLV00001286,DLVORD00000779,DRV00079,VEH0049,2023-11-23,2023-11-23,Delivered,1,27.93,44
DLV00001287,DLVORD00000709,DRV00021,VEH0045,2023-12-07,2023-12-07,Delivered,1,28.68,63
DLV00001288,DLVORD00000466,DRV00065,VEH0030,2022-10-15,2022-10-16,Delivered,1,23.09,68
DLV00001289,DLVORD00001249,DRV00039,VEH0046,2022-10-02,2022-10-04,Delivered,1,4.1,50
DLV00001290,DLVORD00001050,DRV00068,VEH0042,2022-01-15,2022-01-15,Delivered,1,7.3,13
DLV00001291,DLVORD00001448,DRV00048,VEH0029,2022-03-03,2022-03-04,Delivered,1,29.42,7
DLV00001292,DLVORD00001928,DRV00028,VEH0030,2023-01-29,,Failed,1,1.54,57
DLV00001293,DLVORD00002803,DRV00075,VEH0013,2024-12-26,2024-12-26,Delivered,1,14.74,46
DLV00001294,DLVORD00001398,DRV00037,VEH0010,2023-01-11,2023-01-11,Delivered,1,26.54,88
DLV00001295,DLVORD00001957,DRV00030,VEH0032,2024-05-08,2024-05-08,Delivered,1,2.96,52
DLV00001296,DLVORD00000412,DRV00013,VEH0021,2022-05-13,2022-05-13,Delivered,1,4.12,32
DLV00001297,DLVORD00000955,DRV00040,VEH0040,2023-01-08,2023-01-08,Delivered,1,19.67,47
DLV00001298,DLVORD00001648,DRV00063,VEH0007,2023-11-16,2023-11-19,Delivered,1,19.01,83
DLV00001299,DLVORD00000229,DRV00006,VEH0029,2024-06-16,2024-06-16,Delivered,1,13.9,30
DLV00001300,DLVORD00001713,DRV00057,VEH0044,2023-04-23,2023-04-23,Delivered,2,6.07,69
DLV00001301,DLVORD00001511,DRV00077,VEH0002,2022-05-04,2022-05-06,Delivered,1,4.35,80
DLV00001302,DLVORD00002209,DRV00065,VEH0041,2023-09-08,2023-09-10,Delivered,1,27.95,48
DLV00001303,DLVORD00002082,DRV00004,VEH0005,2023-06-24,2023-06-25,Delivered,1,14.12,18
DLV00001304,DLVORD00002532,DRV00020,VEH0041,2023-02-12,,Rescheduled,1,13.75,49
DLV00001305,DLVORD00001721,DRV00020,VEH0038,2024-10-22,2024-10-22,Delivered,1,8.2,19
DLV00001306,DLVORD00000405,DRV00027,VEH0011,2022-07-23,2022-07-25,Delivered,1,21.1,57
DLV00001307,DLVORD00002030,DRV00034,VEH0006,2023-09-18,2023-09-18,Delivered,1,14.05,75
DLV00001308,DLVORD00000700,DRV00060,VEH0020,2023-10-17,2023-10-19,Delivered,1,6.76,44
DLV00001309,DLVORD00000534,DRV00030,VEH0021,2024-03-16,,Pending,1,27.24,82
DLV00001310,DLVORD00002702,DRV00046,VEH0044,2022-06-28,2022-06-29,Delivered,1,5.92,83
DLV00001311,DLVORD00001111,DRV00047,VEH0010,2022-08-15,2022-08-22,Delivered,1,14.1,79
DLV00001312,DLVORD00001789,DRV00025,VEH0027,2022-06-27,,Failed,1,13.26,90
DLV00001313,DLVORD00001592,DRV00012,VEH0017,2023-08-01,2023-08-01,Delivered,1,19.69,12
DLV00001314,DLVORD00000465,DRV00055,VEH0045,2024-03-20,2024-03-21,Delivered,1,12.48,31
DLV00001315,DLVORD00002958,DRV00005,VEH0024,2023-07-14,,Rescheduled,1,4.08,43
DLV00001316,DLVORD00002900,DRV00008,VEH0030,2024-01-28,2024-02-01,Delivered,1,20.46,5
DLV00001317,DLVORD00002822,DRV00012,VEH0041,2023-10-03,,Rescheduled,1,15.83,70
DLV00001318,DLVORD00002983,DRV00019,VEH0037,2022-09-12,2022-09-18,Delivered,1,18.52,14
DLV00001319,DLVORD00001772,DRV00075,VEH0003,2023-09-03,2023-09-03,Delivered,1,17.05,38
DLV00001320,DLVORD00001775,DRV00040,VEH0044,2023-04-26,2023-04-26,Delivered,1,7.93,49
DLV00001321,DLVORD00002696,DRV00019,VEH0031,2023-12-01,2023-12-07,Delivered,1,11.04,63
DLV00001322,DLVORD00000320,DRV00019,VEH0021,2023-10-31,2023-10-31,Delivered,1,19.06,18
DLV00001323,DLVORD00000414,DRV00023,VEH0044,2022-11-12,2022-11-14,Delivered,1,3.59,32
DLV00001324,DLVORD00000896,DRV00035,VEH0009,2024-02-15,2024-02-21,Delivered,1,18.07,82
DLV00001325,DLVORD00000076,DRV00068,VEH0040,2024-02-14,2024-02-26,Delivered,1,22.06,64
DLV00001326,DLVORD00000490,DRV00075,VEH0002,2023-07-28,2023-07-28,Delivered,1,24.83,81
DLV00001327,DLVORD00000272,DRV00035,VEH0037,2022-01-26,,Pending,1,8.24,72
DLV00001328,DLVORD00000033,DRV00031,VEH0001,2023-07-26,,Rescheduled,1,26.71,20
DLV00001329,DLVORD00001573,DRV00073,VEH0020,2022-06-11,,Failed,1,23.59,86
DLV00001330,DLVORD00001181,DRV00069,VEH0006,2024-01-25,2024-01-30,Delivered,1,10.94,72
DLV00001331,DLVORD00002015,DRV00035,VEH0023,2022-03-25,2022-04-02,Delivered,1,18.28,41
DLV00001332,DLVORD00000874,DRV00002,VEH0011,2023-04-30,,Rescheduled,1,9.11,60
DLV00001333,DLVORD00001925,DRV00036,VEH0037,2022-10-20,,Pending,1,14.03,59
DLV00001334,DLVORD00001682,DRV00001,VEH0032,2024-08-17,2024-08-17,Delivered,1,7.67,27
DLV00001335,DLVORD00002813,DRV00069,VEH0005,2024-05-19,,Rescheduled,1,13.6,49
DLV00001336,DLVORD00000956,DRV00049,VEH0016,2023-04-29,2023-05-02,Delivered,1,11.47,8
DLV00001337,DLVORD00002017,DRV00067,VEH0023,2023-11-27,2023-11-29,Delivered,1,6.31,40
DLV00001338,DLVORD00001984,DRV00025,VEH0030,2023-06-04,2023-06-10,Delivered,1,25.33,67
DLV00001339,DLVORD00001231,DRV00061,VEH0006,2022-12-15,,Failed,1,17.88,54
DLV00001340,DLVORD00001041,DRV00005,VEH0042,2024-05-01,2024-05-06,Delivered,1,28.52,42
DLV00001341,DLVORD00002197,DRV00062,VEH0025,2023-10-02,2023-10-02,Delivered,1,11.48,71
DLV00001342,DLVORD00002457,DRV00040,VEH0034,2022-08-28,2022-08-30,Delivered,1,27.32,60
DLV00001343,DLVORD00002423,DRV00032,VEH0021,2022-05-05,2022-05-05,Delivered,1,4.68,51
DLV00001344,DLVORD00001079,DRV00073,VEH0005,2023-02-04,2023-02-08,Delivered,1,22.78,75
DLV00001345,DLVORD00000881,DRV00015,VEH0038,2023-04-28,2023-05-03,Delivered,1,2.8,46
DLV00001346,DLVORD00001586,DRV00051,VEH0034,2023-01-17,2023-01-17,Delivered,1,2.25,5
DLV00001347,DLVORD00001957,DRV00074,VEH0043,2024-05-07,2024-05-08,Delivered,1,5.27,55
DLV00001348,DLVORD00000039,DRV00073,VEH0019,2024-08-30,2024-08-30,Delivered,1,4.89,20
DLV00001349,DLVORD00001742,DRV00065,VEH0026,2024-01-02,2024-01-02,Delivered,1,11.26,86
DLV00001350,DLVORD00001736,DRV00048,VEH0043,2023-01-12,2023-01-12,Delivered,1,27.72,17
DLV00001351,DLVORD00000291,DRV00018,VEH0040,2023-08-01,2023-08-05,Delivered,1,21.15,28
DLV00001352,DLVORD00000397,DRV00046,VEH0035,2024-03-03,2024-03-03,Delivered,1,21.36,15
DLV00001353,DLVORD00002476,DRV00046,VEH0047,2024-07-27,2024-07-27,Delivered,1,27.97,30
DLV00001354,DLVORD00001888,DRV00037,VEH0011,2024-04-23,2024-04-24,Delivered,1,2.5,27
DLV00001355,DLVORD00002501,DRV00069,VEH0020,2024-04-30,2024-04-30,Delivered,1,29.13,75
DLV00001356,DLVORD00002428,DRV00048,VEH0027,2024-03-04,,Failed,1,3.77,28
DLV00001357,DLVORD00002682,DRV00003,VEH0006,2023-06-11,2023-06-11,Delivered,1,27.34,86
DLV00001358,DLVORD00000831,DRV00064,VEH0043,2022-11-16,,Failed,1,8.94,90
DLV00001359,DLVORD00002869,DRV00060,VEH0030,2023-10-16,,Failed,1,17.94,18
DLV00001360,DLVORD00000489,DRV00065,VEH0011,2024-04-16,2024-04-16,Delivered,1,14.18,19
DLV00001361,DLVORD00000481,DRV00055,VEH0037,2023-12-13,2023-12-14,Delivered,1,5.78,25
DLV00001362,DLVORD00000992,DRV00052,VEH0046,2022-03-25,2022-03-25,Delivered,1,16.24,84
DLV00001363,DLVORD00001955,DRV00076,VEH0049,2023-04-28,,Failed,1,8.2,61
DLV00001364,DLVORD00000510,DRV00023,VEH0011,2022-11-27,2022-11-29,Delivered,2,11.81,79
DLV00001365,DLVORD00000955,DRV00022,VEH0009,2023-01-09,2023-01-09,Delivered,1,9.63,38
DLV00001366,DLVORD00002900,DRV00027,VEH0015,2024-01-29,,Failed,1,26.3,80
DLV00001367,DLVORD00001088,DRV00020,VEH0042,2023-10-30,,Failed,1,11.48,42
DLV00001368,DLVORD00001262,DRV00052,VEH0020,2024-09-22,2024-09-22,Delivered,1,15.24,11
DLV00001369,DLVORD00002360,DRV00031,VEH0020,2023-02-07,2023-02-07,Delivered,1,10.03,14
DLV00001370,DLVORD00001201,DRV00068,VEH0013,2023-01-03,,Pending,1,27.69,45
DLV00001371,DLVORD00000951,DRV00050,VEH0023,2024-10-23,2024-11-02,Delivered,1,1.02,80
DLV00001372,DLVORD00000127,DRV00022,VEH0032,2024-03-29,2024-03-29,Delivered,1,17.99,51
DLV00001373,DLVORD00002651,DRV00061,VEH0015,2023-01-03,2023-01-03,Delivered,1,17.6,45
DLV00001374,DLVORD00000573,DRV00021,VEH0035,2022-05-28,2022-06-04,Delivered,1,23.09,35
DLV00001375,DLVORD00002312,DRV00004,VEH0012,2022-06-23,2022-06-23,Delivered,2,15.08,40
DLV00001376,DLVORD00001835,DRV00032,VEH0040,2024-03-22,2024-03-26,Delivered,1,12.18,59
DLV00001377,DLVORD00001044,DRV00051,VEH0040,2022-03-23,,Failed,1,28.67,51
DLV00001378,DLVORD00001715,DRV00039,VEH0041,2022-07-24,2022-07-29,Delivered,1,23.22,66
DLV00001379,DLVORD00001597,DRV00023,VEH0037,2023-05-24,2023-05-26,Delivered,1,13.28,25
DLV00001380,DLVORD00002545,DRV00018,VEH0029,2023-04-30,2023-04-30,Delivered,1,19.64,73
DLV00001381,DLVORD00000045,DRV00031,VEH0045,2024-03-26,2024-03-26,Delivered,1,19.85,34
DLV00001382,DLVORD00000259,DRV00014,VEH0048,2023-04-11,2023-04-11,Delivered,1,4.52,48
DLV00001383,DLVORD00001432,DRV00043,VEH0049,2022-12-31,,Rescheduled,1,20.11,69
DLV00001384,DLVORD00000883,DRV00047,VEH0028,2022-04-06,2022-04-09,Delivered,1,20.61,66
DLV00001385,DLVORD00001765,DRV00067,VEH0039,2022-12-19,2022-12-25,Delivered,1,6.67,78
DLV00001386,DLVORD00001154,DRV00060,VEH0012,2024-07-16,2024-07-17,Delivered,1,3.39,16
DLV00001387,DLVORD00000133,DRV00035,VEH0046,2024-11-16,2024-11-24,Delivered,1,24.29,53
DLV00001388,DLVORD00000284,DRV00053,VEH0038,2024-11-24,2024-11-24,Delivered,1,16.74,58
DLV00001389,DLVORD00001866,DRV00008,VEH0002,2023-06-20,2023-06-23,Delivered,1,11.08,86
DLV00001390,DLVORD00001645,DRV00067,VEH0019,2023-08-16,2023-08-16,Delivered,1,7.1,25
DLV00001391,DLVORD00001513,DRV00043,VEH0039,2024-05-12,2024-05-18,Delivered,1,11.35,26
DLV00001392,DLVORD00002106,DRV00062,VEH0017,2024-07-20,,Rescheduled,1,24.41,90
DLV00001393,DLVORD00001068,DRV00016,VEH0046,2023-11-30,2023-11-30,Delivered,1,7.55,23
DLV00001394,DLVORD00000330,DRV00012,VEH0009,2024-08-22,2024-08-29,Delivered,1,12.61,20
DLV00001395,DLVORD00002681,DRV00009,VEH0005,2023-11-24,2023-11-28,Delivered,1,28.4,32
DLV00001396,DLVORD00001211,DRV00037,VEH0030,2023-04-14,,Pending,1,9.85,43
DLV00001397,DLVORD00000035,DRV00007,VEH0020,2024-07-14,2024-07-17,Delivered,1,24.97,20
DLV00001398,DLVORD00000543,DRV00075,VEH0045,2023-12-29,,Rescheduled,1,6.36,37
DLV00001399,DLVORD00001689,DRV00052,VEH0002,2022-01-22,,Failed,2,16.35,75
DLV00001400,DLVORD00001155,DRV00021,VEH0029,2024-05-22,2024-05-27,Delivered,1,16.75,12
DLV00001401,DLVORD00002034,DRV00029,VEH0034,2023-12-29,2024-01-09,Delivered,1,10.13,65
DLV00001402,DLVORD00001489,DRV00037,VEH0038,2022-12-07,2022-12-09,Delivered,1,26.99,64
DLV00001403,DLVORD00001227,DRV00041,VEH0045,2023-05-01,2023-05-11,Delivered,1,17.98,85
DLV00001404,DLVORD00000871,DRV00051,VEH0004,2023-08-01,2023-08-04,Delivered,1,17.73,33
DLV00001405,DLVORD00000377,DRV00071,VEH0014,2024-07-26,,Rescheduled,1,21.5,24
DLV00001406,DLVORD00001886,DRV00002,VEH0004,2024-07-07,2024-07-14,Delivered,1,14.52,42
DLV00001407,DLVORD00001443,DRV00010,VEH0040,2024-11-17,2024-11-17,Delivered,1,15.97,5
DLV00001408,DLVORD00002012,DRV00012,VEH0006,2024-04-27,2024-04-30,Delivered,1,29.67,27
DLV00001409,DLVORD00000602,DRV00070,VEH0010,2023-04-27,2023-04-30,Delivered,1,12.69,51
DLV00001410,DLVORD00000915,DRV00040,VEH0032,2023-07-03,2023-07-03,Delivered,1,17.05,33
DLV00001411,DLVORD00002498,DRV00061,VEH0041,2022-11-29,2022-11-29,Delivered,1,15.31,44
DLV00001412,DLVORD00002034,DRV00062,VEH0036,2023-12-29,2024-01-05,Delivered,2,27.38,50
DLV00001413,DLVORD00002083,DRV00073,VEH0004,2024-01-22,,Pending,1,7.46,16
DLV00001414,DLVORD00000378,DRV00027,VEH0026,2024-07-10,2024-07-10,Delivered,1,23.65,55
DLV00001415,DLVORD00000371,DRV00073,VEH0047,2023-05-20,2023-05-21,Delivered,2,1.97,45
DLV00001416,DLVORD00000265,DRV00021,VEH0018,2024-06-28,2024-07-02,Delivered,1,10.41,80
DLV00001417,DLVORD00001292,DRV00075,VEH0017,2023-11-07,2023-11-09,Delivered,1,25.18,67
DLV00001418,DLVORD00002347,DRV00074,VEH0032,2022-04-01,2022-04-01,Delivered,1,28.64,86
DLV00001419,DLVORD00001329,DRV00003,VEH0009,2024-06-17,,Pending,1,22.57,86
DLV00001420,DLVORD00000446,DRV00014,VEH0015,2023-06-30,2023-07-10,Delivered,1,5.19,60
DLV00001421,DLVORD00002897,DRV00021,VEH0001,2023-09-10,2023-09-10,Delivered,1,16.94,19
DLV00001422,DLVORD00000992,DRV00050,VEH0012,2022-03-27,2022-03-29,Delivered,1,20.24,61
DLV00001423,DLVORD00000807,DRV00038,VEH0012,2023-03-03,2023-03-03,Delivered,1,19.65,51
DLV00001424,DLVORD00000415,DRV00030,VEH0039,2023-12-08,2023-12-13,Delivered,1,27.86,43
DLV00001425,DLVORD00001666,DRV00076,VEH0011,2023-11-14,,Failed,1,17.95,79
DLV00001426,DLVORD00002137,DRV00048,VEH0014,2024-01-21,2024-01-21,Delivered,1,2.03,65
DLV00001427,DLVORD00002858,DRV00022,VEH0047,2022-12-23,2022-12-23,Delivered,1,27.54,16
DLV00001428,DLVORD00002311,DRV00055,VEH0018,2023-12-03,2023-12-03,Delivered,1,10.49,67
DLV00001429,DLVORD00002375,DRV00047,VEH0026,2023-04-05,2023-04-05,Delivered,1,13.58,78
DLV00001430,DLVORD00000785,DRV00021,VEH0048,2022-02-20,2022-02-24,Delivered,1,16.2,62
DLV00001431,DLVORD00002350,DRV00016,VEH0025,2024-12-05,2024-12-06,Delivered,1,15.42,30
DLV00001432,DLVORD00001377,DRV00065,VEH0009,2023-12-14,,Pending,1,2.45,37
DLV00001433,DLVORD00001893,DRV00044,VEH0035,2023-10-19,2023-10-20,Delivered,1,11.1,67
DLV00001434,DLVORD00002404,DRV00060,VEH0039,2024-04-17,2024-04-17,Delivered,1,28.43,34
DLV00001435,DLVORD00001505,DRV00025,VEH0038,2023-01-23,2023-01-24,Delivered,1,1.73,78
DLV00001436,DLVORD00000483,DRV00003,VEH0038,2024-12-04,2024-12-07,Delivered,2,2.41,15
DLV00001437,DLVORD00002816,DRV00050,VEH0006,2023-07-01,2023-07-01,Delivered,1,3.94,79
DLV00001438,DLVORD00001265,DRV00009,VEH0001,2025-01-01,2025-01-01,Delivered,1,29.42,29
DLV00001439,DLVORD00000212,DRV00032,VEH0024,2024-11-27,2024-11-30,Delivered,1,29.08,42
DLV00001440,DLVORD00002596,DRV00034,VEH0034,2025-01-01,,Pending,1,5.66,25
DLV00001441,DLVORD00000823,DRV00039,VEH0009,2024-01-01,2024-01-01,Delivered,1,7.8,23
DLV00001442,DLVORD00000238,DRV00029,VEH0048,2022-10-03,2022-10-03,Delivered,1,28.08,17
DLV00001443,DLVORD00001458,DRV00011,VEH0007,2023-02-23,2023-02-26,Delivered,1,9.35,20
DLV00001444,DLVORD00000179,DRV00007,VEH0049,2024-10-12,,Failed,1,9.98,69
DLV00001445,DLVORD00002322,DRV00050,VEH0001,2024-06-23,2024-06-23,Delivered,1,24.57,12
DLV00001446,DLVORD00002850,DRV00009,VEH0025,2023-05-26,2023-05-27,Delivered,1,20.85,66
DLV00001447,DLVORD00001246,DRV00071,VEH0005,2023-01-04,2023-01-07,Delivered,1,1.96,13
DLV00001448,DLVORD00000389,DRV00063,VEH0029,2024-07-01,2024-07-01,Delivered,1,14.88,57
DLV00001449,DLVORD00001454,DRV00028,VEH0038,2024-09-05,2024-09-05,Delivered,1,25.08,41
DLV00001450,DLVORD00002601,DRV00012,VEH0011,2023-04-26,2023-05-01,Delivered,1,4.68,13
DLV00001451,DLVORD00002708,DRV00073,VEH0004,2024-01-10,,Pending,1,27.4,30
DLV00001452,DLVORD00000958,DRV00034,VEH0036,2022-10-14,2022-10-14,Delivered,2,5.54,88
DLV00001453,DLVORD00000433,DRV00074,VEH0046,2023-12-11,2023-12-16,Delivered,1,22.81,55
DLV00001454,DLVORD00002070,DRV00049,VEH0050,2023-10-05,2023-10-05,Delivered,1,27.11,16
DLV00001455,DLVORD00001785,DRV00041,VEH0014,2023-06-20,2023-06-20,Delivered,1,15.29,86
DLV00001456,DLVORD00000210,DRV00046,VEH0020,2024-02-18,,Pending,1,12.03,61
DLV00001457,DLVORD00002814,DRV00001,VEH0008,2024-12-26,2024-12-26,Delivered,1,8.53,50
DLV00001458,DLVORD00000163,DRV00066,VEH0042,2024-08-24,,Pending,2,20.92,69
DLV00001459,DLVORD00002777,DRV00051,VEH0011,2022-12-19,2022-12-19,Delivered,1,27.67,53
DLV00001460,DLVORD00000126,DRV00073,VEH0034,2023-03-05,2023-03-12,Delivered,1,17.55,66
DLV00001461,DLVORD00000539,DRV00071,VEH0011,2023-09-03,2023-09-08,Delivered,1,5.41,29
DLV00001462,DLVORD00001558,DRV00038,VEH0022,2024-10-07,2024-10-08,Delivered,1,13.04,46
DLV00001463,DLVORD00002580,DRV00064,VEH0003,2023-11-06,2023-11-09,Delivered,1,5.62,49
DLV00001464,DLVORD00000111,DRV00005,VEH0041,2023-05-18,,Pending,1,29.69,31
DLV00001465,DLVORD00002212,DRV00073,VEH0017,2022-03-04,2022-03-08,Delivered,2,27.68,88
DLV00001466,DLVORD00002510,DRV00007,VEH0047,2024-03-23,2024-03-24,Delivered,1,23.67,28
DLV00001467,DLVORD00002703,DRV00006,VEH0017,2024-05-18,,Rescheduled,1,16.19,41
DLV00001468,DLVORD00002401,DRV00075,VEH0028,2024-10-09,2024-10-09,Delivered,1,2.47,43
DLV00001469,DLVORD00000830,DRV00018,VEH0028,2024-03-03,2024-03-06,Delivered,1,23.45,40
DLV00001470,DLVORD00000570,DRV00033,VEH0029,2023-07-26,2023-07-26,Delivered,1,2.96,10
DLV00001471,DLVORD00000868,DRV00023,VEH0033,2022-12-30,2023-01-01,Delivered,1,6.39,8
DLV00001472,DLVORD00002057,DRV00055,VEH0001,2023-01-14,2023-01-14,Delivered,1,1.84,36
DLV00001473,DLVORD00000242,DRV00052,VEH0016,2022-05-10,,Rescheduled,1,28.15,39
DLV00001474,DLVORD00001685,DRV00007,VEH0036,2024-03-21,,Pending,1,25.92,68
DLV00001475,DLVORD00001956,DRV00047,VEH0025,2023-12-11,2023-12-11,Delivered,1,24.93,85
DLV00001476,DLVORD00002152,DRV00002,VEH0024,2022-07-21,2022-07-22,Delivered,1,1.66,10
DLV00001477,DLVORD00002118,DRV00050,VEH0004,2023-10-31,2023-11-03,Delivered,1,17.7,59
DLV00001478,DLVORD00001587,DRV00003,VEH0036,2023-03-22,2023-03-22,Delivered,1,3.93,11
DLV00001479,DLVORD00001040,DRV00036,VEH0043,2023-03-11,,Failed,1,9.08,51
DLV00001480,DLVORD00000296,DRV00005,VEH0044,2024-02-02,,Rescheduled,1,29.12,20
DLV00001481,DLVORD00000081,DRV00074,VEH0033,2024-09-20,2024-09-20,Delivered,1,11.37,84
DLV00001482,DLVORD00002346,DRV00032,VEH0026,2024-04-11,2024-04-11,Delivered,1,3.37,15
DLV00001483,DLVORD00002882,DRV00032,VEH0028,2024-09-11,,Pending,1,25.55,16
DLV00001484,DLVORD00001625,DRV00025,VEH0028,2023-10-05,2023-10-05,Delivered,1,16.1,59
DLV00001485,DLVORD00001843,DRV00043,VEH0021,2024-07-28,,Pending,1,18.72,67
DLV00001486,DLVORD00000481,DRV00071,VEH0022,2023-12-15,,Failed,1,29.03,52
DLV00001487,DLVORD00001160,DRV00020,VEH0014,2023-01-23,2023-01-26,Delivered,1,22.6,43
DLV00001488,DLVORD00001173,DRV00026,VEH0015,2023-05-15,2023-05-15,Delivered,1,26.77,88
DLV00001489,DLVORD00001316,DRV00040,VEH0002,2024-09-23,2024-09-23,Delivered,1,3.28,45
DLV00001490,DLVORD00000537,DRV00066,VEH0020,2024-04-15,,Rescheduled,1,4.18,72
DLV00001491,DLVORD00000930,DRV00061,VEH0018,2023-05-01,2023-05-01,Delivered,1,17.12,57
DLV00001492,DLVORD00001022,DRV00064,VEH0040,2024-10-18,2024-10-18,Delivered,1,18.36,85
DLV00001493,DLVORD00001447,DRV00044,VEH0001,2024-03-01,2024-03-01,Delivered,1,18.32,56
DLV00001494,DLVORD00000526,DRV00059,VEH0030,2024-04-25,2024-04-25,Delivered,1,26.27,41
DLV00001495,DLVORD00001050,DRV00070,VEH0004,2022-01-14,2022-01-14,Delivered,1,16.64,32
DLV00001496,DLVORD00001669,DRV00057,VEH0038,2023-12-20,2023-12-26,Delivered,1,12.73,37
DLV00001497,DLVORD00000183,DRV00029,VEH0045,2024-05-26,2024-05-26,Delivered,1,2.33,45
DLV00001498,DLVORD00002693,DRV00077,VEH0025,2024-09-15,2024-09-15,Delivered,1,23.3,88
DLV00001499,DLVORD00002999,DRV00018,VEH0010,2024-01-17,2024-01-23,Delivered,1,1.93,32
DLV00001500,DLVORD00001089,DRV00037,VEH0034,2024-03-05,2024-03-05,Delivered,1,28.73,8
DLV00001501,DLVORD00001542,DRV00014,VEH0017,2024-04-16,2024-04-16,Delivered,1,18.01,80
DLV00001502,DLVORD00002023,DRV00046,VEH0028,2023-10-13,2023-10-13,Delivered,1,9.77,88
DLV00001503,DLVORD00002258,DRV00031,VEH0007,2024-05-29,2024-05-29,Delivered,1,6.89,48
DLV00001504,DLVORD00002892,DRV00035,VEH0007,2023-09-11,2023-09-11,Delivered,1,29.72,63
DLV00001505,DLVORD00000877,DRV00080,VEH0015,2023-09-19,,Pending,1,10.76,90
DLV00001506,DLVORD00002778,DRV00002,VEH0009,2023-03-04,,Pending,1,16.99,27
DLV00001507,DLVORD00001483,DRV00033,VEH0019,2022-10-30,2022-10-30,Delivered,1,3.22,85
DLV00001508,DLVORD00002965,DRV00053,VEH0033,2024-08-08,2024-08-09,Delivered,1,1.84,50
DLV00001509,DLVORD00000628,DRV00075,VEH0039,2022-03-31,2022-03-31,Delivered,2,3.73,23
DLV00001510,DLVORD00002684,DRV00016,VEH0018,2023-07-02,2023-07-02,Delivered,1,13.76,74
DLV00001511,DLVORD00001125,DRV00057,VEH0049,2022-11-03,2022-11-03,Delivered,1,26.61,52
DLV00001512,DLVORD00001019,DRV00052,VEH0028,2022-11-11,2022-11-15,Delivered,1,13.15,59
DLV00001513,DLVORD00000327,DRV00080,VEH0031,2024-02-05,,Rescheduled,1,12.35,62
DLV00001514,DLVORD00002372,DRV00014,VEH0033,2024-04-03,2024-04-03,Delivered,1,20.86,18
DLV00001515,DLVORD00000064,DRV00050,VEH0014,2022-11-19,2022-11-29,Delivered,1,16.76,53
DLV00001516,DLVORD00000774,DRV00057,VEH0023,2024-01-05,2024-01-05,Delivered,1,4.66,56
DLV00001517,DLVORD00002638,DRV00012,VEH0018,2023-09-26,2023-09-26,Delivered,1,15.38,38
DLV00001518,DLVORD00000647,DRV00062,VEH0015,2024-10-11,2024-10-18,Delivered,1,27.47,72
DLV00001519,DLVORD00001385,DRV00066,VEH0049,2024-05-20,2024-05-20,Delivered,1,10.76,6
DLV00001520,DLVORD00002942,DRV00014,VEH0004,2024-03-01,2024-03-08,Delivered,1,10.75,49
DLV00001521,DLVORD00000876,DRV00004,VEH0042,2023-06-15,2023-06-15,Delivered,1,14.54,62
DLV00001522,DLVORD00000420,DRV00011,VEH0037,2024-10-07,,Failed,1,4.3,16
DLV00001523,DLVORD00000816,DRV00052,VEH0047,2023-08-19,2023-08-19,Delivered,1,26.48,45
DLV00001524,DLVORD00002159,DRV00062,VEH0034,2023-09-26,2023-09-28,Delivered,1,17.13,69
DLV00001525,DLVORD00002716,DRV00047,VEH0011,2024-01-27,2024-01-27,Delivered,1,22.42,66
DLV00001526,DLVORD00001655,DRV00010,VEH0049,2023-04-26,2023-04-26,Delivered,1,21.74,66
DLV00001527,DLVORD00000084,DRV00059,VEH0008,2022-03-09,2022-03-11,Delivered,1,2.62,32
DLV00001528,DLVORD00001833,DRV00079,VEH0009,2023-10-20,2023-10-23,Delivered,1,21.9,89
DLV00001529,DLVORD00000969,DRV00009,VEH0036,2024-05-22,2024-05-23,Delivered,1,9.37,9
DLV00001530,DLVORD00000664,DRV00026,VEH0036,2022-10-25,2022-10-25,Delivered,1,29.34,78
DLV00001531,DLVORD00000932,DRV00019,VEH0031,2023-10-15,2023-10-15,Delivered,1,16.43,48
DLV00001532,DLVORD00001741,DRV00041,VEH0014,2023-08-19,2023-08-19,Delivered,1,12.35,72
DLV00001533,DLVORD00002633,DRV00020,VEH0021,2022-02-26,2022-02-27,Delivered,1,23.89,22
DLV00001534,DLVORD00002178,DRV00057,VEH0038,2024-08-08,2024-08-13,Delivered,1,8.99,55
DLV00001535,DLVORD00001682,DRV00018,VEH0019,2024-08-18,2024-08-18,Delivered,1,15.52,68
DLV00001536,DLVORD00001668,DRV00073,VEH0023,2023-12-13,2023-12-16,Delivered,1,20.02,34
DLV00001537,DLVORD00000018,DRV00041,VEH0004,2023-09-20,2023-09-20,Delivered,1,21.1,30
DLV00001538,DLVORD00001378,DRV00050,VEH0037,2023-04-25,2023-04-25,Delivered,1,29.28,84
DLV00001539,DLVORD00000844,DRV00070,VEH0029,2024-12-17,2024-12-17,Delivered,2,11.24,64
DLV00001540,DLVORD00001041,DRV00004,VEH0037,2024-05-01,2024-05-08,Delivered,1,13.12,15
DLV00001541,DLVORD00002861,DRV00037,VEH0028,2024-01-23,,Failed,1,18.67,81
DLV00001542,DLVORD00002675,DRV00004,VEH0025,2023-11-06,2023-11-13,Delivered,1,14.26,53
DLV00001543,DLVORD00001051,DRV00059,VEH0029,2023-04-17,2023-04-20,Delivered,1,28.46,49
DLV00001544,DLVORD00002404,DRV00041,VEH0026,2024-04-18,2024-04-18,Delivered,1,17.55,45
DLV00001545,DLVORD00001798,DRV00028,VEH0016,2024-07-06,2024-07-06,Delivered,1,13.09,51
DLV00001546,DLVORD00002612,DRV00056,VEH0040,2024-04-26,2024-05-01,Delivered,1,16.59,52
DLV00001547,DLVORD00001700,DRV00059,VEH0019,2022-11-19,2022-11-19,Delivered,1,26.61,85
DLV00001548,DLVORD00001691,DRV00063,VEH0011,2022-05-23,2022-06-01,Delivered,1,26.34,16
DLV00001549,DLVORD00001207,DRV00042,VEH0019,2023-03-25,2023-03-25,Delivered,1,28.11,82
DLV00001550,DLVORD00001273,DRV00031,VEH0007,2024-11-28,2024-12-10,Delivered,1,14.86,60
DLV00001551,DLVORD00002181,DRV00055,VEH0039,2023-08-17,2023-08-17,Delivered,1,22.23,42
DLV00001552,DLVORD00001840,DRV00060,VEH0022,2024-02-14,2024-02-22,Delivered,1,23.88,8
DLV00001553,DLVORD00001912,DRV00051,VEH0016,2023-08-24,2023-08-24,Delivered,2,2.64,10
DLV00001554,DLVORD00002815,DRV00061,VEH0031,2024-07-25,2024-07-25,Delivered,1,10.8,61
DLV00001555,DLVORD00002932,DRV00011,VEH0020,2023-09-19,2023-09-20,Delivered,1,22.62,84
DLV00001556,DLVORD00002965,DRV00068,VEH0023,2024-08-08,,Rescheduled,1,25.22,50
DLV00001557,DLVORD00002940,DRV00048,VEH0042,2024-04-24,2024-05-04,Delivered,1,14.59,30
DLV00001558,DLVORD00002772,DRV00071,VEH0050,2022-02-13,2022-02-15,Delivered,1,9.96,24
DLV00001559,DLVORD00001078,DRV00041,VEH0040,2023-08-12,,Failed,1,18.91,88
DLV00001560,DLVORD00001333,DRV00036,VEH0033,2022-04-17,2022-04-17,Delivered,1,13.16,49
DLV00001561,DLVORD00000330,DRV00026,VEH0049,2024-08-20,2024-09-01,Delivered,1,14.13,41
DLV00001562,DLVORD00001444,DRV00003,VEH0031,2023-07-07,,Rescheduled,1,20.4,19
DLV00001563,DLVORD00001449,DRV00075,VEH0046,2022-07-15,2022-07-15,Delivered,1,3.16,70
DLV00001564,DLVORD00000229,DRV00022,VEH0033,2024-06-15,2024-06-16,Delivered,1,17.84,28
DLV00001565,DLVORD00002642,DRV00031,VEH0030,2023-07-24,2023-07-24,Delivered,1,18.88,81
DLV00001566,DLVORD00000041,DRV00077,VEH0008,2023-11-05,,Pending,1,28.58,51
DLV00001567,DLVORD00002563,DRV00051,VEH0009,2023-12-29,,Rescheduled,1,6.57,17
DLV00001568,DLVORD00000935,DRV00032,VEH0049,2023-01-06,2023-01-10,Delivered,1,16.21,58
DLV00001569,DLVORD00000399,DRV00016,VEH0001,2024-12-03,2024-12-07,Delivered,1,17.67,54
DLV00001570,DLVORD00002668,DRV00071,VEH0011,2024-12-09,2024-12-09,Delivered,1,20.09,90
DLV00001571,DLVORD00002136,DRV00065,VEH0002,2023-06-14,2023-06-14,Delivered,1,27.17,66
DLV00001572,DLVORD00001060,DRV00050,VEH0025,2023-07-22,2023-07-26,Delivered,1,18.32,71
DLV00001573,DLVORD00000049,DRV00034,VEH0048,2023-07-02,2023-07-02,Delivered,1,10.51,51
DLV00001574,DLVORD00002895,DRV00032,VEH0015,2023-11-16,2023-11-16,Delivered,1,15.98,25
DLV00001575,DLVORD00000951,DRV00076,VEH0031,2024-10-24,2024-10-24,Delivered,1,18.15,89
DLV00001576,DLVORD00001652,DRV00036,VEH0048,2024-10-05,2024-10-05,Delivered,1,10.29,49
DLV00001577,DLVORD00000842,DRV00071,VEH0034,2022-08-25,2022-08-25,Delivered,1,12.68,37
DLV00001578,DLVORD00002001,DRV00009,VEH0019,2024-07-16,,Failed,1,28.6,27
DLV00001579,DLVORD00001068,DRV00003,VEH0008,2023-11-30,2023-11-30,Delivered,1,4.63,69
DLV00001580,DLVORD00001548,DRV00022,VEH0010,2023-09-03,2023-09-03,Delivered,1,12.37,46
DLV00001581,DLVORD00002337,DRV00071,VEH0049,2024-08-04,2024-08-08,Delivered,1,15.4,20
DLV00001582,DLVORD00002924,DRV00003,VEH0034,2024-02-14,,Rescheduled,1,15.13,44
DLV00001583,DLVORD00001927,DRV00023,VEH0013,2023-01-20,2023-01-20,Delivered,1,16.63,43
DLV00001584,DLVORD00001646,DRV00035,VEH0028,2024-06-12,2024-06-13,Delivered,1,25.28,90
DLV00001585,DLVORD00002164,DRV00016,VEH0036,2023-11-21,2023-11-28,Delivered,1,14.87,6
DLV00001586,DLVORD00000560,DRV00041,VEH0022,2023-07-21,2023-07-26,Delivered,1,2.23,87
DLV00001587,DLVORD00000257,DRV00012,VEH0035,2022-01-08,,Pending,1,16.36,81
DLV00001588,DLVORD00000796,DRV00060,VEH0012,2024-12-10,,Rescheduled,1,25.84,75
DLV00001589,DLVORD00000684,DRV00061,VEH0039,2023-09-29,2023-09-29,Delivered,1,10.66,78
DLV00001590,DLVORD00001204,DRV00033,VEH0021,2024-04-01,,Rescheduled,1,13.9,87
DLV00001591,DLVORD00001322,DRV00035,VEH0003,2023-06-03,2023-06-03,Delivered,1,22.49,40
DLV00001592,DLVORD00002245,DRV00035,VEH0032,2024-02-17,2024-02-17,Delivered,1,25.64,19
DLV00001593,DLVORD00002353,DRV00080,VEH0009,2023-04-01,2023-04-01,Delivered,1,26.43,33
DLV00001594,DLVORD00001574,DRV00003,VEH0041,2024-10-12,2024-10-22,Delivered,1,17.81,21
DLV00001595,DLVORD00002125,DRV00070,VEH0008,2024-07-15,,Failed,1,18.73,84
DLV00001596,DLVORD00000845,DRV00019,VEH0038,2022-02-20,2022-02-20,Delivered,1,20.89,63
DLV00001597,DLVORD00002982,DRV00059,VEH0013,2024-10-07,2024-10-09,Delivered,1,16.66,76
DLV00001598,DLVORD00001517,DRV00073,VEH0031,2022-09-18,2022-09-18,Delivered,1,2.2,41
DLV00001599,DLVORD00000749,DRV00048,VEH0005,2024-01-06,2024-01-07,Delivered,1,10.28,19
DLV00001600,DLVORD00000721,DRV00049,VEH0029,2022-06-22,,Pending,1,17.08,38
DLV00001601,DLVORD00002432,DRV00051,VEH0017,2022-09-03,2022-09-03,Delivered,1,12.63,78
DLV00001602,DLVORD00002138,DRV00057,VEH0050,2022-01-30,,Failed,1,3.55,5
DLV00001603,DLVORD00001223,DRV00037,VEH0024,2022-11-02,2022-11-03,Delivered,1,15.66,29
DLV00001604,DLVORD00001422,DRV00004,VEH0022,2023-10-09,,Failed,1,14.12,67
DLV00001605,DLVORD00000032,DRV00014,VEH0028,2023-01-13,2023-01-15,Delivered,1,17.16,29
DLV00001606,DLVORD00000314,DRV00079,VEH0031,2024-01-25,2024-01-26,Delivered,1,15.86,69
DLV00001607,DLVORD00001162,DRV00070,VEH0047,2023-11-13,,Pending,1,7.78,44
DLV00001608,DLVORD00001094,DRV00035,VEH0044,2024-10-29,2024-11-06,Delivered,1,29.88,18
DLV00001609,DLVORD00000169,DRV00064,VEH0017,2024-12-31,2024-12-31,Delivered,1,6.65,72
DLV00001610,DLVORD00000224,DRV00062,VEH0028,2023-06-14,2023-06-14,Delivered,1,28.62,17
DLV00001611,DLVORD00000861,DRV00048,VEH0027,2023-06-15,2023-06-15,Delivered,1,21.61,19
DLV00001612,DLVORD00000597,DRV00080,VEH0031,2022-07-18,2022-07-18,Delivered,1,5.49,30
DLV00001613,DLVORD00000035,DRV00078,VEH0047,2024-07-12,2024-07-19,Delivered,1,21.5,73
DLV00001614,DLVORD00002039,DRV00041,VEH0044,2023-06-17,2023-06-18,Delivered,1,13.9,26
DLV00001615,DLVORD00001477,DRV00039,VEH0050,2024-09-04,2024-09-04,Delivered,1,11.68,60
DLV00001616,DLVORD00002463,DRV00064,VEH0028,2023-02-19,2023-02-19,Delivered,1,20.06,59
DLV00001617,DLVORD00001230,DRV00079,VEH0044,2023-08-28,,Rescheduled,1,25.03,82
DLV00001618,DLVORD00002990,DRV00028,VEH0032,2023-07-26,2023-07-26,Delivered,2,12.45,14
DLV00001619,DLVORD00002239,DRV00012,VEH0048,2024-12-17,2024-12-17,Delivered,1,5.73,29
DLV00001620,DLVORD00002333,DRV00025,VEH0041,2024-04-28,2024-04-28,Delivered,1,6.04,38
DLV00001621,DLVORD00002179,DRV00055,VEH0033,2023-08-07,,Rescheduled,1,19.48,19
DLV00001622,DLVORD00000288,DRV00065,VEH0038,2023-03-06,2023-03-06,Delivered,2,6.93,57
DLV00001623,DLVORD00002448,DRV00034,VEH0029,2022-11-16,2022-11-16,Delivered,1,15.28,62
DLV00001624,DLVORD00002660,DRV00021,VEH0003,2024-03-25,2024-03-29,Delivered,1,27.64,27
DLV00001625,DLVORD00002196,DRV00040,VEH0008,2024-03-12,2024-03-12,Delivered,1,18.33,56
DLV00001626,DLVORD00000257,DRV00052,VEH0031,2022-01-10,2022-01-10,Delivered,1,20.94,31
DLV00001627,DLVORD00002734,DRV00013,VEH0010,2022-10-29,2022-10-29,Delivered,1,4.46,53
DLV00001628,DLVORD00002378,DRV00027,VEH0038,2023-04-07,2023-04-09,Delivered,1,26.58,23
DLV00001629,DLVORD00002576,DRV00052,VEH0024,2023-11-02,2023-11-02,Delivered,1,14.52,51
DLV00001630,DLVORD00001409,DRV00018,VEH0006,2023-05-19,2023-05-19,Delivered,1,20.16,85
DLV00001631,DLVORD00001534,DRV00051,VEH0038,2024-04-01,2024-04-03,Delivered,1,9.97,48
DLV00001632,DLVORD00002931,DRV00009,VEH0028,2024-05-25,2024-05-29,Delivered,1,25.74,51
DLV00001633,DLVORD00002810,DRV00046,VEH0031,2024-02-06,2024-02-06,Delivered,1,4.05,25
DLV00001634,DLVORD00002260,DRV00064,VEH0029,2023-04-12,2023-04-21,Delivered,1,24.37,79
DLV00001635,DLVORD00002560,DRV00013,VEH0001,2022-06-01,2022-06-11,Delivered,1,18.48,24
DLV00001636,DLVORD00000948,DRV00025,VEH0025,2023-01-29,2023-01-30,Delivered,1,9.68,56
DLV00001637,DLVORD00000824,DRV00016,VEH0018,2023-07-07,,Pending,1,29.05,40
DLV00001638,DLVORD00000217,DRV00049,VEH0004,2023-02-09,2023-02-09,Delivered,1,17.03,66
DLV00001639,DLVORD00002678,DRV00034,VEH0028,2023-12-14,2023-12-16,Delivered,2,2.66,16
DLV00001640,DLVORD00000707,DRV00050,VEH0034,2024-02-12,2024-02-13,Delivered,1,16.75,27
DLV00001641,DLVORD00000939,DRV00016,VEH0029,2023-05-26,,Failed,1,29.25,65
DLV00001642,DLVORD00000534,DRV00019,VEH0032,2024-03-17,,Rescheduled,1,16.29,63
DLV00001643,DLVORD00001170,DRV00011,VEH0032,2023-06-04,2023-06-07,Delivered,1,19.65,23
DLV00001644,DLVORD00000414,DRV00031,VEH0050,2022-11-11,2022-11-14,Delivered,1,29.27,64
DLV00001645,DLVORD00000166,DRV00042,VEH0027,2023-02-17,,Failed,1,27.65,72
DLV00001646,DLVORD00002212,DRV00025,VEH0027,2022-03-03,2022-03-06,Delivered,1,8.12,43
DLV00001647,DLVORD00001522,DRV00030,VEH0040,2023-02-07,2023-02-08,Delivered,1,27.84,51
DLV00001648,DLVORD00002373,DRV00051,VEH0001,2022-04-19,,Rescheduled,1,23.61,71
DLV00001649,DLVORD00001585,DRV00016,VEH0011,2022-12-04,2022-12-04,Delivered,1,20.3,11
DLV00001650,DLVORD00000536,DRV00066,VEH0013,2024-12-18,2024-12-18,Delivered,1,3.19,23
DLV00001651,DLVORD00000723,DRV00038,VEH0030,2023-12-08,2023-12-13,Delivered,1,26.18,5
DLV00001652,DLVORD00001195,DRV00067,VEH0012,2024-08-07,2024-08-07,Delivered,1,3.74,57
DLV00001653,DLVORD00001955,DRV00016,VEH0013,2023-04-30,2023-04-30,Delivered,1,28.69,41
DLV00001654,DLVORD00002389,DRV00059,VEH0042,2024-11-23,2024-11-23,Delivered,1,6.78,31
DLV00001655,DLVORD00001728,DRV00068,VEH0030,2022-12-26,2022-12-26,Delivered,1,20.11,82
DLV00001656,DLVORD00001486,DRV00001,VEH0015,2024-08-24,2024-09-03,Delivered,1,10.01,50
DLV00001657,DLVORD00000779,DRV00039,VEH0024,2023-11-23,2023-11-23,Delivered,1,5.82,34
DLV00001658,DLVORD00001768,DRV00052,VEH0046,2024-04-23,2024-04-28,Delivered,1,5.51,18
DLV00001659,DLVORD00002217,DRV00068,VEH0005,2024-05-18,,Failed,1,29.21,63
DLV00001660,DLVORD00001055,DRV00032,VEH0008,2024-12-21,2024-12-23,Delivered,1,29.85,29
DLV00001661,DLVORD00000598,DRV00074,VEH0019,2023-04-08,2023-04-12,Delivered,3,23.31,27
DLV00001662,DLVORD00000390,DRV00061,VEH0026,2022-11-10,2022-11-15,Delivered,1,21.74,20
DLV00001663,DLVORD00002770,DRV00038,VEH0045,2022-12-08,2022-12-08,Delivered,1,24.44,48
DLV00001664,DLVORD00002120,DRV00060,VEH0025,2024-12-28,,Pending,1,12.55,86
DLV00001665,DLVORD00002662,DRV00067,VEH0006,2022-06-05,2022-06-06,Delivered,1,12.61,54
DLV00001666,DLVORD00001348,DRV00075,VEH0005,2024-01-01,,Pending,1,8.34,82
DLV00001667,DLVORD00001265,DRV00006,VEH0029,2025-01-01,,Failed,1,20.47,58
DLV00001668,DLVORD00001970,DRV00031,VEH0042,2022-10-17,2022-10-17,Delivered,1,16.87,24
DLV00001669,DLVORD00000958,DRV00021,VEH0050,2022-10-12,2022-10-12,Delivered,1,10.32,13
DLV00001670,DLVORD00000771,DRV00064,VEH0038,2024-08-13,2024-08-21,Delivered,1,13.46,17
DLV00001671,DLVORD00002668,DRV00073,VEH0010,2024-12-09,2024-12-09,Delivered,1,2.08,52
DLV00001672,DLVORD00001990,DRV00063,VEH0047,2023-12-23,,Rescheduled,1,29.32,11
DLV00001673,DLVORD00002891,DRV00075,VEH0019,2024-07-14,2024-07-14,Delivered,1,24.08,38
DLV00001674,DLVORD00000845,DRV00030,VEH0005,2022-02-20,2022-02-20,Delivered,1,7.85,15
DLV00001675,DLVORD00002439,DRV00035,VEH0027,2024-11-04,,Pending,1,3.12,36
DLV00001676,DLVORD00001469,DRV00037,VEH0011,2023-10-07,,Rescheduled,1,2.56,50
DLV00001677,DLVORD00002453,DRV00014,VEH0032,2024-02-15,2024-02-21,Delivered,1,15.17,34
DLV00001678,DLVORD00000072,DRV00048,VEH0006,2023-06-14,2023-06-14,Delivered,1,1.38,46
DLV00001679,DLVORD00000235,DRV00038,VEH0010,2024-11-22,,Rescheduled,1,7.47,66
DLV00001680,DLVORD00000372,DRV00019,VEH0037,2024-05-23,2024-05-23,Delivered,2,11.64,21
DLV00001681,DLVORD00000404,DRV00047,VEH0025,2024-03-19,2024-03-19,Delivered,1,25.74,13
DLV00001682,DLVORD00001002,DRV00023,VEH0021,2023-02-23,2023-02-23,Delivered,1,29.16,64
DLV00001683,DLVORD00001261,DRV00052,VEH0028,2023-06-22,2023-06-22,Delivered,1,29.45,36
DLV00001684,DLVORD00002015,DRV00011,VEH0016,2022-03-26,2022-03-29,Delivered,1,6.44,30
DLV00001685,DLVORD00000707,DRV00073,VEH0048,2024-02-13,2024-02-13,Delivered,1,18.99,12
DLV00001686,DLVORD00000404,DRV00060,VEH0050,2024-03-19,2024-03-19,Delivered,1,19.07,46
DLV00001687,DLVORD00000333,DRV00049,VEH0030,2022-01-15,2022-01-15,Delivered,1,16.25,31
DLV00001688,DLVORD00002667,DRV00054,VEH0001,2023-12-12,2023-12-12,Delivered,1,2.86,45
DLV00001689,DLVORD00002453,DRV00055,VEH0004,2024-02-16,2024-02-17,Delivered,1,19.07,6
DLV00001690,DLVORD00002362,DRV00015,VEH0018,2022-08-06,2022-08-07,Delivered,1,17.12,62
DLV00001691,DLVORD00002477,DRV00079,VEH0023,2023-10-09,2023-10-11,Delivered,1,1.84,55
DLV00001692,DLVORD00001262,DRV00073,VEH0028,2024-09-24,2024-09-24,Delivered,1,28.24,69
DLV00001693,DLVORD00001525,DRV00064,VEH0029,2023-04-06,,Rescheduled,1,1.32,49
DLV00001694,DLVORD00002129,DRV00064,VEH0027,2024-03-20,,Pending,1,26.94,47
DLV00001695,DLVORD00002264,DRV00030,VEH0047,2023-07-02,2023-07-02,Delivered,1,2.66,19
DLV00001696,DLVORD00000737,DRV00005,VEH0014,2023-03-14,2023-03-14,Delivered,1,10.02,20
DLV00001697,DLVORD00002415,DRV00007,VEH0004,2024-01-03,2024-01-07,Delivered,1,16.73,55
DLV00001698,DLVORD00001748,DRV00026,VEH0017,2024-09-10,2024-09-10,Delivered,1,19.98,56
DLV00001699,DLVORD00001750,DRV00018,VEH0021,2023-07-17,2023-07-19,Delivered,1,9.98,30
DLV00001700,DLVORD00000472,DRV00061,VEH0003,2023-02-20,2023-02-26,Delivered,1,11.88,90
DLV00001701,DLVORD00000663,DRV00009,VEH0038,2024-08-29,2024-08-29,Delivered,1,17.78,33
DLV00001702,DLVORD00000170,DRV00030,VEH0034,2023-07-04,2023-07-04,Delivered,1,8.27,21
DLV00001703,DLVORD00000469,DRV00042,VEH0015,2023-09-06,2023-09-07,Delivered,1,18.96,80
DLV00001704,DLVORD00000802,DRV00029,VEH0044,2024-05-28,2024-05-28,Delivered,1,9.24,48
DLV00001705,DLVORD00000427,DRV00005,VEH0030,2023-07-16,2023-07-25,Delivered,1,1.27,61
DLV00001706,DLVORD00001662,DRV00004,VEH0020,2023-08-21,2023-08-29,Delivered,1,6.23,67
DLV00001707,DLVORD00001383,DRV00033,VEH0010,2024-07-10,2024-07-10,Delivered,1,28.92,64
DLV00001708,DLVORD00002637,DRV00046,VEH0037,2022-06-16,2022-06-17,Delivered,2,21.07,85
DLV00001709,DLVORD00001721,DRV00067,VEH0007,2024-10-22,2024-10-23,Delivered,2,5.22,6
DLV00001710,DLVORD00000652,DRV00071,VEH0021,2022-09-17,2022-09-20,Delivered,1,12.18,18
DLV00001711,DLVORD00002085,DRV00071,VEH0033,2024-09-27,,Rescheduled,1,15.42,77
DLV00001712,DLVORD00001957,DRV00067,VEH0021,2024-05-07,2024-05-07,Delivered,1,21.07,31
DLV00001713,DLVORD00001868,DRV00042,VEH0042,2024-12-05,2024-12-05,Delivered,1,25.59,38
DLV00001714,DLVORD00000199,DRV00029,VEH0007,2022-05-04,2022-05-04,Delivered,1,12.69,22
DLV00001715,DLVORD00002414,DRV00009,VEH0012,2023-02-01,2023-02-03,Delivered,1,29.37,6
DLV00001716,DLVORD00002328,DRV00036,VEH0043,2022-11-09,,Pending,1,27.55,43
DLV00001717,DLVORD00000444,DRV00018,VEH0015,2024-03-16,2024-03-16,Delivered,1,22.92,47
DLV00001718,DLVORD00002855,DRV00056,VEH0011,2023-03-11,2023-03-16,Delivered,1,7.82,82
DLV00001719,DLVORD00002499,DRV00074,VEH0020,2024-03-10,,Rescheduled,1,5.38,22
DLV00001720,DLVORD00001330,DRV00028,VEH0032,2024-05-03,2024-05-04,Delivered,1,21.49,64
DLV00001721,DLVORD00000209,DRV00067,VEH0015,2023-09-10,2023-09-15,Delivered,1,10.96,77
DLV00001722,DLVORD00001924,DRV00012,VEH0032,2023-09-06,2023-09-06,Delivered,1,24.26,16
DLV00001723,DLVORD00002966,DRV00060,VEH0026,2023-07-29,2023-07-29,Delivered,1,12.07,50
DLV00001724,DLVORD00001232,DRV00013,VEH0014,2022-11-30,2022-12-01,Delivered,1,27.01,42
DLV00001725,DLVORD00000752,DRV00059,VEH0028,2024-03-17,2024-03-20,Delivered,1,1.81,68
DLV00001726,DLVORD00001083,DRV00009,VEH0047,2024-05-01,2024-05-11,Delivered,1,7.23,69
DLV00001727,DLVORD00000257,DRV00032,VEH0043,2022-01-10,2022-01-10,Delivered,2,7.32,49
DLV00001728,DLVORD00000637,DRV00019,VEH0018,2024-04-05,2024-04-05,Delivered,1,13.97,49
DLV00001729,DLVORD00002008,DRV00021,VEH0047,2024-07-17,2024-07-17,Delivered,1,7.75,79
DLV00001730,DLVORD00002555,DRV00031,VEH0036,2023-06-26,2023-06-26,Delivered,1,27.92,54
DLV00001731,DLVORD00000645,DRV00031,VEH0017,2024-12-04,2024-12-04,Delivered,1,6.23,60
DLV00001732,DLVORD00001307,DRV00004,VEH0006,2022-11-03,,Rescheduled,1,24.42,36
DLV00001733,DLVORD00001151,DRV00036,VEH0038,2024-12-30,,Failed,1,10.74,33
DLV00001734,DLVORD00000003,DRV00049,VEH0002,2023-09-02,,Failed,1,6.76,80
DLV00001735,DLVORD00002872,DRV00013,VEH0014,2022-10-25,,Pending,1,15.71,20
DLV00001736,DLVORD00001682,DRV00005,VEH0015,2024-08-17,2024-08-17,Delivered,1,8.64,86
DLV00001737,DLVORD00002402,DRV00077,VEH0015,2022-10-15,2022-10-15,Delivered,1,9.63,74
DLV00001738,DLVORD00002991,DRV00061,VEH0001,2024-08-11,2024-08-14,Delivered,1,19.17,70
DLV00001739,DLVORD00002146,DRV00055,VEH0015,2023-06-05,2023-06-09,Delivered,1,6.1,6
DLV00001740,DLVORD00000655,DRV00052,VEH0038,2023-01-22,2023-01-22,Delivered,1,11.84,8
DLV00001741,DLVORD00000506,DRV00063,VEH0012,2022-08-14,2022-08-17,Delivered,1,27.42,55
DLV00001742,DLVORD00000178,DRV00048,VEH0041,2024-12-28,,Failed,2,7.22,53
DLV00001743,DLVORD00001167,DRV00010,VEH0009,2023-07-18,2023-07-19,Delivered,1,11.56,17
DLV00001744,DLVORD00000315,DRV00080,VEH0020,2022-05-24,,Pending,1,12.08,36
DLV00001745,DLVORD00001014,DRV00016,VEH0012,2023-07-11,,Failed,1,2.29,69
DLV00001746,DLVORD00000855,DRV00052,VEH0002,2024-12-30,2025-01-03,Delivered,1,6.93,33
DLV00001747,DLVORD00001550,DRV00032,VEH0010,2023-03-07,2023-03-08,Delivered,1,5.2,20
DLV00001748,DLVORD00000147,DRV00004,VEH0049,2024-05-05,,Failed,1,23.99,36
DLV00001749,DLVORD00002249,DRV00075,VEH0024,2022-08-25,,Pending,1,26.87,18
DLV00001750,DLVORD00000957,DRV00029,VEH0012,2023-07-17,2023-07-25,Delivered,1,26.92,17
DLV00001751,DLVORD00002782,DRV00004,VEH0038,2022-05-22,2022-05-22,Delivered,1,8.85,54
DLV00001752,DLVORD00000009,DRV00036,VEH0013,2024-03-14,,Rescheduled,1,4.78,42
DLV00001753,DLVORD00002169,DRV00021,VEH0005,2022-09-30,2022-09-30,Delivered,1,29.51,59
DLV00001754,DLVORD00002769,DRV00065,VEH0032,2022-12-01,2022-12-02,Delivered,1,29.39,38
DLV00001755,DLVORD00001823,DRV00052,VEH0037,2023-01-19,2023-01-21,Delivered,1,2.94,65
DLV00001756,DLVORD00000024,DRV00080,VEH0009,2022-06-25,2022-07-05,Delivered,1,29.18,10
DLV00001757,DLVORD00000752,DRV00026,VEH0050,2024-03-16,,Failed,2,4.86,65
DLV00001758,DLVORD00001314,DRV00030,VEH0017,2023-05-12,2023-05-13,Delivered,1,6.39,40
DLV00001759,DLVORD00002818,DRV00022,VEH0006,2024-08-09,2024-08-12,Delivered,1,29.13,33
DLV00001760,DLVORD00001736,DRV00033,VEH0033,2023-01-12,2023-01-12,Delivered,1,29.26,58
DLV00001761,DLVORD00000160,DRV00053,VEH0050,2023-02-26,2023-02-26,Delivered,1,6.19,34
DLV00001762,DLVORD00000709,DRV00026,VEH0028,2023-12-05,2023-12-06,Delivered,1,18.79,75
DLV00001763,DLVORD00000531,DRV00040,VEH0037,2022-08-25,,Failed,1,5.4,88
DLV00001764,DLVORD00002967,DRV00052,VEH0021,2022-04-09,2022-04-09,Delivered,1,22.53,49
DLV00001765,DLVORD00000680,DRV00026,VEH0014,2022-11-11,2022-11-11,Delivered,1,17.65,46
DLV00001766,DLVORD00002147,DRV00020,VEH0012,2023-05-29,2023-05-29,Delivered,1,25.39,38
DLV00001767,DLVORD00000437,DRV00007,VEH0022,2024-08-25,2024-08-25,Delivered,1,29.23,64
DLV00001768,DLVORD00000176,DRV00040,VEH0022,2023-09-13,2023-09-13,Delivered,1,11.63,52
DLV00001769,DLVORD00002115,DRV00040,VEH0003,2023-10-09,,Failed,1,25.5,45
DLV00001770,DLVORD00002472,DRV00014,VEH0045,2023-06-03,2023-06-05,Delivered,2,24.35,53
DLV00001771,DLVORD00002385,DRV00062,VEH0028,2024-02-03,2024-02-06,Delivered,1,16.71,46
DLV00001772,DLVORD00002840,DRV00073,VEH0023,2023-10-19,,Rescheduled,3,15.72,69
DLV00001773,DLVORD00001412,DRV00031,VEH0015,2024-03-17,2024-03-21,Delivered,1,25.45,17
DLV00001774,DLVORD00000224,DRV00036,VEH0025,2023-06-14,2023-06-16,Delivered,1,18.31,58
DLV00001775,DLVORD00002913,DRV00065,VEH0004,2024-04-23,2024-04-27,Delivered,1,14.63,58
DLV00001776,DLVORD00002381,DRV00021,VEH0023,2022-02-18,2022-02-18,Delivered,1,25.11,12
DLV00001777,DLVORD00000131,DRV00032,VEH0028,2022-07-15,2022-07-15,Delivered,1,17.96,67
DLV00001778,DLVORD00001014,DRV00065,VEH0025,2023-07-12,2023-07-12,Delivered,1,20.73,27
DLV00001779,DLVORD00001277,DRV00048,VEH0016,2023-02-25,2023-03-05,Delivered,1,7.76,7
DLV00001780,DLVORD00002371,DRV00040,VEH0039,2024-12-19,2024-12-19,Delivered,1,27.18,27
DLV00001781,DLVORD00002718,DRV00053,VEH0007,2024-12-13,,Rescheduled,1,22.34,71
DLV00001782,DLVORD00001629,DRV00079,VEH0038,2024-04-19,2024-04-19,Delivered,1,7.88,36
DLV00001783,DLVORD00000530,DRV00031,VEH0021,2022-08-05,2022-08-05,Delivered,1,28.43,7
DLV00001784,DLVORD00002056,DRV00069,VEH0027,2023-10-04,2023-10-04,Delivered,1,27.86,66
DLV00001785,DLVORD00000801,DRV00040,VEH0011,2022-11-04,2022-11-06,Delivered,2,11.99,80
DLV00001786,DLVORD00000831,DRV00073,VEH0042,2022-11-16,2022-11-16,Delivered,2,23.62,46
DLV00001787,DLVORD00001783,DRV00005,VEH0002,2024-05-02,2024-05-06,Delivered,1,27.16,72
DLV00001788,DLVORD00002111,DRV00074,VEH0040,2023-06-26,2023-06-27,Delivered,1,21.33,80
DLV00001789,DLVORD00000932,DRV00022,VEH0043,2023-10-16,2023-10-16,Delivered,1,26.51,38
DLV00001790,DLVORD00000306,DRV00075,VEH0037,2023-11-12,2023-11-12,Delivered,1,20.11,58
DLV00001791,DLVORD00000731,DRV00002,VEH0034,2022-10-22,,Rescheduled,1,10.64,38
DLV00001792,DLVORD00000508,DRV00004,VEH0018,2023-07-14,2023-07-15,Delivered,1,14.86,50
DLV00001793,DLVORD00002267,DRV00031,VEH0015,2024-08-26,2024-08-26,Delivered,1,6.62,61
DLV00001794,DLVORD00002026,DRV00011,VEH0047,2024-11-24,,Rescheduled,1,2.11,83
DLV00001795,DLVORD00000946,DRV00003,VEH0005,2023-08-18,2023-08-26,Delivered,1,1.03,81
DLV00001796,DLVORD00001258,DRV00036,VEH0010,2024-08-05,2024-08-05,Delivered,1,28.87,17
DLV00001797,DLVORD00002789,DRV00070,VEH0038,2023-07-08,2023-07-08,Delivered,1,22.26,44
DLV00001798,DLVORD00002947,DRV00069,VEH0001,2024-07-31,2024-07-31,Delivered,1,26.34,30
DLV00001799,DLVORD00001100,DRV00059,VEH0014,2023-07-07,2023-07-07,Delivered,1,15.88,75
DLV00001800,DLVORD00001698,DRV00079,VEH0031,2023-10-25,2023-10-25,Delivered,1,6.79,74
DLV00001801,DLVORD00001962,DRV00060,VEH0031,2022-06-07,2022-06-09,Delivered,1,29.11,44
DLV00001802,DLVORD00001889,DRV00079,VEH0013,2024-08-27,2024-08-27,Delivered,1,18.8,70
DLV00001803,DLVORD00000724,DRV00052,VEH0025,2023-10-02,2023-10-06,Delivered,1,9.12,29
DLV00001804,DLVORD00001584,DRV00023,VEH0033,2023-06-10,,Rescheduled,1,17.78,16
DLV00001805,DLVORD00001063,DRV00053,VEH0035,2023-01-01,2023-01-03,Delivered,2,28.75,19
DLV00001806,DLVORD00002693,DRV00047,VEH0032,2024-09-14,,Rescheduled,1,8.21,56
DLV00001807,DLVORD00000897,DRV00021,VEH0010,2024-12-02,2024-12-04,Delivered,1,18.74,26
DLV00001808,DLVORD00002854,DRV00030,VEH0014,2022-07-21,,Rescheduled,1,27.02,20
DLV00001809,DLVORD00002732,DRV00038,VEH0002,2023-03-12,,Pending,1,12.89,19
DLV00001810,DLVORD00002995,DRV00039,VEH0038,2023-07-09,2023-07-14,Delivered,1,16.17,47
DLV00001811,DLVORD00000436,DRV00079,VEH0027,2023-05-03,2023-05-06,Delivered,1,23.66,23
DLV00001812,DLVORD00000331,DRV00002,VEH0045,2023-11-17,,Pending,1,2.9,30
DLV00001813,DLVORD00002802,DRV00078,VEH0042,2024-12-07,,Failed,1,16.59,79
DLV00001814,DLVORD00000407,DRV00012,VEH0023,2024-09-06,2024-09-07,Delivered,1,17.92,68
DLV00001815,DLVORD00002126,DRV00061,VEH0048,2024-01-30,2024-01-30,Delivered,1,18.03,30
DLV00001816,DLVORD00000755,DRV00009,VEH0013,2023-10-23,2023-10-23,Delivered,1,16.25,27
DLV00001817,DLVORD00000918,DRV00075,VEH0021,2023-07-25,2023-07-25,Delivered,1,21.82,43
DLV00001818,DLVORD00002937,DRV00047,VEH0043,2022-12-18,2022-12-23,Delivered,1,14.79,86
DLV00001819,DLVORD00001995,DRV00077,VEH0029,2022-12-20,,Rescheduled,1,25.45,45
DLV00001820,DLVORD00000491,DRV00051,VEH0044,2023-05-24,2023-05-24,Delivered,1,17.17,65
DLV00001821,DLVORD00000257,DRV00063,VEH0026,2022-01-08,2022-01-09,Delivered,1,12.01,82
DLV00001822,DLVORD00001512,DRV00041,VEH0038,2024-11-26,2024-11-26,Delivered,1,17.8,69
DLV00001823,DLVORD00001725,DRV00038,VEH0031,2024-02-24,2024-03-03,Delivered,1,20.16,28
DLV00001824,DLVORD00001226,DRV00047,VEH0041,2023-09-17,,Rescheduled,1,18.47,54
DLV00001825,DLVORD00002071,DRV00018,VEH0026,2023-07-04,2023-07-08,Delivered,1,9.45,23
DLV00001826,DLVORD00000802,DRV00028,VEH0002,2024-05-28,,Rescheduled,1,3.17,12
DLV00001827,DLVORD00000627,DRV00057,VEH0014,2023-08-22,2023-08-22,Delivered,1,6.13,19
DLV00001828,DLVORD00000257,DRV00049,VEH0006,2022-01-09,2022-01-09,Delivered,2,6.15,53
DLV00001829,DLVORD00001635,DRV00026,VEH0010,2024-05-09,2024-05-09,Delivered,1,16.52,33
DLV00001830,DLVORD00002340,DRV00022,VEH0012,2023-09-10,2023-09-10,Delivered,1,25.22,55
DLV00001831,DLVORD00000231,DRV00002,VEH0018,2023-08-03,2023-08-03,Delivered,2,21.46,69
DLV00001832,DLVORD00000213,DRV00073,VEH0049,2022-08-14,,Failed,1,19.89,55
DLV00001833,DLVORD00001440,DRV00002,VEH0014,2024-03-03,2024-03-03,Delivered,1,15.96,5
DLV00001834,DLVORD00002443,DRV00038,VEH0045,2024-02-28,2024-02-28,Delivered,2,19.14,69
DLV00001835,DLVORD00001426,DRV00005,VEH0013,2022-05-26,2022-06-01,Delivered,1,15.06,49
DLV00001836,DLVORD00001984,DRV00079,VEH0028,2023-06-04,2023-06-15,Delivered,1,11.58,35
DLV00001837,DLVORD00001808,DRV00068,VEH0034,2024-04-10,,Failed,1,11.68,37
DLV00001838,DLVORD00002702,DRV00068,VEH0011,2022-06-27,2022-07-04,Delivered,1,29.85,13
DLV00001839,DLVORD00002705,DRV00074,VEH0026,2024-07-18,2024-07-18,Delivered,1,16.9,41
DLV00001840,DLVORD00000147,DRV00062,VEH0004,2024-05-05,2024-05-05,Delivered,1,28.67,44
DLV00001841,DLVORD00001033,DRV00037,VEH0036,2024-05-28,2024-06-04,Delivered,1,23.34,84
DLV00001842,DLVORD00002309,DRV00005,VEH0005,2022-07-23,,Pending,1,25.66,82
DLV00001843,DLVORD00000020,DRV00037,VEH0007,2024-02-06,2024-02-09,Delivered,1,29.53,77
DLV00001844,DLVORD00000458,DRV00047,VEH0029,2024-07-20,2024-07-27,Delivered,1,10.7,72
DLV00001845,DLVORD00002965,DRV00055,VEH0006,2024-08-09,2024-08-09,Delivered,1,1.86,5
DLV00001846,DLVORD00002526,DRV00041,VEH0022,2024-03-26,2024-04-01,Delivered,1,10.16,32
DLV00001847,DLVORD00000217,DRV00080,VEH0011,2023-02-09,2023-02-09,Delivered,3,27.12,37
DLV00001848,DLVORD00002228,DRV00070,VEH0004,2023-10-07,,Failed,1,25.99,67
DLV00001849,DLVORD00000184,DRV00057,VEH0025,2024-04-12,2024-04-12,Delivered,1,13.72,49
DLV00001850,DLVORD00000656,DRV00014,VEH0026,2022-02-28,2022-02-28,Delivered,1,4.97,51
DLV00001851,DLVORD00001166,DRV00052,VEH0039,2024-01-03,2024-01-03,Delivered,1,21.22,51
DLV00001852,DLVORD00000318,DRV00036,VEH0002,2024-04-18,2024-04-18,Delivered,1,13.6,60
DLV00001853,DLVORD00001256,DRV00033,VEH0011,2022-11-18,2022-11-25,Delivered,1,20.34,26
DLV00001854,DLVORD00000477,DRV00041,VEH0003,2024-12-09,,Pending,1,28.28,41
DLV00001855,DLVORD00001591,DRV00003,VEH0019,2024-07-31,2024-08-03,Delivered,2,5.97,40
DLV00001856,DLVORD00000659,DRV00051,VEH0012,2022-09-23,,Failed,1,18.63,83
DLV00001857,DLVORD00001056,DRV00067,VEH0013,2022-08-20,2022-08-20,Delivered,1,13.24,17
DLV00001858,DLVORD00001056,DRV00061,VEH0030,2022-08-20,2022-08-23,Delivered,1,29.29,33
DLV00001859,DLVORD00001346,DRV00046,VEH0029,2022-06-29,2022-06-29,Delivered,1,2.22,53
DLV00001860,DLVORD00001931,DRV00021,VEH0033,2024-02-05,2024-02-09,Delivered,1,27.85,6
DLV00001861,DLVORD00001054,DRV00013,VEH0026,2024-09-19,2024-09-19,Delivered,1,15.72,90
DLV00001862,DLVORD00002438,DRV00040,VEH0010,2024-08-12,,Rescheduled,1,15.52,89
DLV00001863,DLVORD00000693,DRV00060,VEH0047,2024-02-17,2024-02-20,Delivered,1,29.02,58
DLV00001864,DLVORD00002050,DRV00078,VEH0049,2024-12-09,2024-12-09,Delivered,3,12.6,63
DLV00001865,DLVORD00001342,DRV00002,VEH0010,2022-05-21,2022-05-27,Delivered,2,29.24,33
DLV00001866,DLVORD00001668,DRV00036,VEH0009,2023-12-11,2023-12-15,Delivered,1,27.54,79
DLV00001867,DLVORD00001945,DRV00013,VEH0001,2023-07-17,2023-07-17,Delivered,1,12.53,30
DLV00001868,DLVORD00002788,DRV00040,VEH0013,2024-09-22,2024-09-24,Delivered,1,11.42,50
DLV00001869,DLVORD00002388,DRV00042,VEH0010,2024-09-07,,Pending,1,28.93,35
DLV00001870,DLVORD00000159,DRV00076,VEH0019,2024-12-09,2024-12-09,Delivered,1,10.01,48
DLV00001871,DLVORD00000888,DRV00049,VEH0029,2024-07-21,2024-07-26,Delivered,1,12.56,23
DLV00001872,DLVORD00002126,DRV00037,VEH0007,2024-01-29,2024-01-29,Delivered,1,13.66,11
DLV00001873,DLVORD00002846,DRV00016,VEH0017,2024-08-23,,Pending,1,17.08,42
DLV00001874,DLVORD00002526,DRV00002,VEH0003,2024-03-26,,Pending,1,28.7,61
DLV00001875,DLVORD00002894,DRV00011,VEH0030,2023-10-08,2023-10-09,Delivered,1,23.65,38
DLV00001876,DLVORD00001437,DRV00063,VEH0004,2023-06-15,,Failed,1,2.86,31
DLV00001877,DLVORD00001815,DRV00038,VEH0022,2022-09-27,2022-09-28,Delivered,1,23.54,38
DLV00001878,DLVORD00002040,DRV00033,VEH0014,2023-04-16,,Rescheduled,2,16.41,36
DLV00001879,DLVORD00001687,DRV00067,VEH0041,2023-01-29,,Pending,1,19.18,48
DLV00001880,DLVORD00002307,DRV00071,VEH0015,2024-09-03,2024-09-03,Delivered,1,12.77,50
DLV00001881,DLVORD00000066,DRV00025,VEH0023,2023-09-20,,Rescheduled,1,27.67,9
DLV00001882,DLVORD00000783,DRV00026,VEH0038,2023-11-14,2023-11-15,Delivered,1,24.82,27
DLV00001883,DLVORD00002801,DRV00032,VEH0033,2024-11-28,2024-11-28,Delivered,1,28.31,80
DLV00001884,DLVORD00002640,DRV00054,VEH0009,2024-11-11,2024-11-13,Delivered,1,29.94,28
DLV00001885,DLVORD00002409,DRV00046,VEH0012,2024-02-25,2024-02-25,Delivered,1,10.84,68
DLV00001886,DLVORD00002457,DRV00063,VEH0019,2022-08-28,2022-08-28,Delivered,1,28.6,14
DLV00001887,DLVORD00000612,DRV00015,VEH0011,2024-05-01,2024-05-06,Delivered,1,9.27,15
DLV00001888,DLVORD00000383,DRV00061,VEH0009,2022-06-19,2022-06-23,Delivered,1,4.85,84
DLV00001889,DLVORD00001577,DRV00012,VEH0012,2024-01-19,2024-01-23,Delivered,1,13.0,20
DLV00001890,DLVORD00001570,DRV00056,VEH0042,2024-02-09,2024-02-09,Delivered,1,21.19,71
DLV00001891,DLVORD00001443,DRV00071,VEH0008,2024-11-18,,Rescheduled,1,26.65,75
DLV00001892,DLVORD00002306,DRV00053,VEH0008,2024-09-23,2024-09-23,Delivered,1,10.26,78
DLV00001893,DLVORD00000148,DRV00016,VEH0013,2022-03-05,,Rescheduled,1,29.78,29
DLV00001894,DLVORD00002832,DRV00074,VEH0032,2023-09-06,2023-09-10,Delivered,1,7.3,41
DLV00001895,DLVORD00001267,DRV00012,VEH0037,2024-02-27,2024-02-27,Delivered,1,14.58,68
DLV00001896,DLVORD00000080,DRV00030,VEH0025,2023-02-27,2023-02-27,Delivered,1,26.78,7
DLV00001897,DLVORD00001876,DRV00070,VEH0017,2024-08-06,2024-08-06,Delivered,3,28.15,43
DLV00001898,DLVORD00000936,DRV00040,VEH0021,2023-02-13,2023-02-13,Delivered,2,12.2,8
DLV00001899,DLVORD00001439,DRV00068,VEH0004,2024-12-13,,Rescheduled,1,11.84,7
DLV00001900,DLVORD00000094,DRV00033,VEH0028,2023-11-03,2023-11-03,Delivered,1,7.32,45
DLV00001901,DLVORD00000520,DRV00036,VEH0038,2024-10-16,2024-10-23,Delivered,1,24.86,39
DLV00001902,DLVORD00001420,DRV00056,VEH0049,2023-02-24,2023-02-24,Delivered,1,18.06,74
DLV00001903,DLVORD00001529,DRV00071,VEH0044,2023-10-24,,Pending,1,3.6,63
DLV00001904,DLVORD00002510,DRV00060,VEH0025,2024-03-22,2024-03-23,Delivered,1,25.18,11
DLV00001905,DLVORD00002568,DRV00060,VEH0019,2023-09-12,2023-09-12,Delivered,1,29.15,24
DLV00001906,DLVORD00001395,DRV00079,VEH0024,2023-08-06,2023-08-07,Delivered,1,12.52,87
DLV00001907,DLVORD00002044,DRV00011,VEH0004,2024-02-26,2024-02-26,Delivered,1,23.38,82
DLV00001908,DLVORD00001655,DRV00005,VEH0039,2023-04-26,2023-04-26,Delivered,1,17.72,60
DLV00001909,DLVORD00001564,DRV00043,VEH0012,2024-06-24,2024-06-24,Delivered,1,29.81,48
DLV00001910,DLVORD00000756,DRV00027,VEH0016,2024-05-03,2024-05-06,Delivered,1,9.51,6
DLV00001911,DLVORD00000840,DRV00023,VEH0004,2023-03-17,2023-03-17,Delivered,1,14.35,15
DLV00001912,DLVORD00002208,DRV00009,VEH0039,2024-08-30,2024-09-07,Delivered,1,27.39,36
DLV00001913,DLVORD00000785,DRV00074,VEH0025,2022-02-21,2022-02-25,Delivered,1,17.05,73
DLV00001914,DLVORD00001861,DRV00038,VEH0010,2023-11-27,2023-11-27,Delivered,1,17.73,42
DLV00001915,DLVORD00000291,DRV00053,VEH0032,2023-08-02,2023-08-02,Delivered,1,9.63,78
DLV00001916,DLVORD00002799,DRV00035,VEH0043,2024-03-02,2024-03-02,Delivered,1,25.2,7
DLV00001917,DLVORD00001699,DRV00020,VEH0023,2022-09-05,2022-09-05,Delivered,1,5.57,82
DLV00001918,DLVORD00001943,DRV00054,VEH0019,2023-10-24,,Pending,1,6.19,80
DLV00001919,DLVORD00002849,DRV00031,VEH0043,2023-03-03,2023-03-04,Delivered,1,18.18,72
DLV00001920,DLVORD00001981,DRV00003,VEH0039,2023-02-21,2023-02-21,Delivered,2,13.6,24
DLV00001921,DLVORD00002159,DRV00068,VEH0018,2023-09-26,2023-09-26,Delivered,1,12.04,67
DLV00001922,DLVORD00000581,DRV00075,VEH0015,2024-10-12,,Rescheduled,1,3.15,58
DLV00001923,DLVORD00000357,DRV00002,VEH0011,2024-07-04,2024-07-08,Delivered,1,11.55,14
DLV00001924,DLVORD00001403,DRV00046,VEH0030,2022-07-26,2022-07-27,Delivered,1,13.8,83
DLV00001925,DLVORD00002950,DRV00038,VEH0034,2023-12-09,2023-12-09,Delivered,1,6.04,76
DLV00001926,DLVORD00001641,DRV00048,VEH0038,2023-05-06,,Pending,1,23.45,22
DLV00001927,DLVORD00001602,DRV00077,VEH0036,2023-12-23,2023-12-24,Delivered,2,17.48,81
DLV00001928,DLVORD00002315,DRV00032,VEH0028,2023-09-03,2023-09-04,Delivered,1,18.22,14
DLV00001929,DLVORD00001780,DRV00057,VEH0050,2024-01-06,,Rescheduled,1,2.17,74
DLV00001930,DLVORD00002480,DRV00011,VEH0030,2024-03-04,,Pending,1,23.8,81
DLV00001931,DLVORD00002101,DRV00025,VEH0030,2022-12-25,2022-12-25,Delivered,1,8.28,68
DLV00001932,DLVORD00000582,DRV00015,VEH0023,2024-07-02,,Rescheduled,1,8.29,70
DLV00001933,DLVORD00002416,DRV00023,VEH0032,2024-10-09,2024-10-09,Delivered,1,9.14,20
DLV00001934,DLVORD00002380,DRV00040,VEH0021,2022-01-21,2022-01-30,Delivered,1,24.93,7
DLV00001935,DLVORD00002947,DRV00060,VEH0013,2024-08-01,2024-08-01,Delivered,1,13.78,57
DLV00001936,DLVORD00000386,DRV00013,VEH0041,2023-09-08,2023-09-08,Delivered,1,5.37,75
DLV00001937,DLVORD00001428,DRV00022,VEH0030,2023-12-10,,Pending,1,26.79,46
DLV00001938,DLVORD00000551,DRV00073,VEH0031,2023-11-13,2023-11-23,Delivered,1,8.02,32
DLV00001939,DLVORD00001803,DRV00075,VEH0022,2023-03-30,2023-03-30,Delivered,1,2.64,24
DLV00001940,DLVORD00001309,DRV00028,VEH0024,2024-05-22,2024-05-22,Delivered,1,21.42,42
DLV00001941,DLVORD00001453,DRV00052,VEH0011,2023-07-23,2023-07-26,Delivered,1,26.51,75
DLV00001942,DLVORD00002780,DRV00014,VEH0044,2022-06-14,2022-06-14,Delivered,1,14.63,21
DLV00001943,DLVORD00001868,DRV00065,VEH0015,2024-12-07,,Rescheduled,1,16.51,42
DLV00001944,DLVORD00002188,DRV00040,VEH0026,2022-10-12,2022-10-12,Delivered,1,18.21,19
DLV00001945,DLVORD00000845,DRV00029,VEH0007,2022-02-20,2022-02-20,Delivered,1,3.23,72
DLV00001946,DLVORD00001124,DRV00007,VEH0050,2024-06-14,,Pending,1,22.82,75
DLV00001947,DLVORD00001301,DRV00040,VEH0013,2022-05-14,,Pending,1,24.17,76
DLV00001948,DLVORD00000617,DRV00079,VEH0043,2023-01-14,2023-01-14,Delivered,1,4.52,89
DLV00001949,DLVORD00002065,DRV00028,VEH0021,2022-06-17,2022-06-23,Delivered,1,6.86,23
DLV00001950,DLVORD00002160,DRV00065,VEH0050,2022-09-11,2022-09-13,Delivered,1,19.96,12
DLV00001951,DLVORD00000669,DRV00016,VEH0043,2024-06-02,2024-06-11,Delivered,1,28.04,45
DLV00001952,DLVORD00002289,DRV00011,VEH0029,2022-02-25,,Pending,1,27.43,64
DLV00001953,DLVORD00002945,DRV00014,VEH0032,2022-10-06,2022-10-06,Delivered,1,4.82,17
DLV00001954,DLVORD00001383,DRV00065,VEH0047,2024-07-08,,Pending,1,26.29,82
DLV00001955,DLVORD00000258,DRV00073,VEH0048,2024-04-28,,Pending,2,15.56,37
DLV00001956,DLVORD00002734,DRV00037,VEH0033,2022-10-27,2022-10-27,Delivered,1,23.24,39
DLV00001957,DLVORD00002306,DRV00007,VEH0014,2024-09-22,,Pending,1,19.14,27
DLV00001958,DLVORD00000325,DRV00078,VEH0024,2024-04-17,2024-04-21,Delivered,1,25.68,40
DLV00001959,DLVORD00000780,DRV00039,VEH0026,2023-11-12,2023-11-12,Delivered,1,14.46,84
DLV00001960,DLVORD00000214,DRV00013,VEH0003,2024-12-15,,Rescheduled,1,23.83,90
DLV00001961,DLVORD00002387,DRV00050,VEH0009,2023-07-02,2023-07-02,Delivered,1,14.5,22
DLV00001962,DLVORD00001609,DRV00046,VEH0034,2023-04-17,2023-04-17,Delivered,1,17.43,23
DLV00001963,DLVORD00000709,DRV00022,VEH0028,2023-12-07,2023-12-07,Delivered,1,16.16,67
DLV00001964,DLVORD00002131,DRV00030,VEH0028,2024-06-10,2024-06-15,Delivered,1,18.95,30
DLV00001965,DLVORD00000965,DRV00004,VEH0041,2024-06-27,2024-07-03,Delivered,1,18.43,82
DLV00001966,DLVORD00002667,DRV00067,VEH0019,2023-12-12,,Rescheduled,1,3.32,38
DLV00001967,DLVORD00001582,DRV00022,VEH0002,2024-04-28,,Failed,1,9.91,21
DLV00001968,DLVORD00002610,DRV00015,VEH0022,2024-03-10,2024-03-18,Delivered,1,19.01,43
DLV00001969,DLVORD00000326,DRV00056,VEH0048,2024-08-05,2024-08-16,Delivered,1,27.71,34
DLV00001970,DLVORD00002723,DRV00016,VEH0001,2024-05-03,,Failed,1,14.91,62
DLV00001971,DLVORD00001486,DRV00025,VEH0009,2024-08-24,2024-09-08,Delivered,2,15.35,30
DLV00001972,DLVORD00001467,DRV00046,VEH0036,2023-12-06,2023-12-06,Delivered,1,25.12,80
DLV00001973,DLVORD00002837,DRV00004,VEH0036,2023-04-22,2023-04-22,Delivered,1,2.3,63
DLV00001974,DLVORD00002901,DRV00038,VEH0038,2023-07-07,2023-07-11,Delivered,1,1.87,48
DLV00001975,DLVORD00002507,DRV00080,VEH0005,2024-08-17,2024-08-17,Delivered,1,9.94,81
DLV00001976,DLVORD00000575,DRV00030,VEH0046,2024-08-15,2024-08-15,Delivered,1,19.92,69
DLV00001977,DLVORD00000337,DRV00071,VEH0049,2023-05-24,,Pending,1,11.68,52
DLV00001978,DLVORD00000274,DRV00063,VEH0036,2023-09-06,2023-09-14,Delivered,1,5.34,83
DLV00001979,DLVORD00000842,DRV00002,VEH0001,2022-08-25,,Pending,1,11.29,15
DLV00001980,DLVORD00000262,DRV00011,VEH0033,2022-08-21,,Pending,1,16.76,67
DLV00001981,DLVORD00002694,DRV00056,VEH0009,2022-02-13,2022-02-21,Delivered,1,23.7,78
DLV00001982,DLVORD00002199,DRV00010,VEH0039,2024-12-30,2025-01-01,Delivered,1,16.18,30
DLV00001983,DLVORD00001948,DRV00001,VEH0016,2024-03-17,2024-03-23,Delivered,1,8.51,10
DLV00001984,DLVORD00001349,DRV00043,VEH0044,2024-04-11,,Pending,1,24.09,42
DLV00001985,DLVORD00000948,DRV00037,VEH0047,2023-01-28,2023-01-30,Delivered,1,22.53,41
DLV00001986,DLVORD00001015,DRV00067,VEH0026,2024-11-10,,Pending,1,18.22,11
DLV00001987,DLVORD00000350,DRV00060,VEH0023,2023-10-19,2023-10-27,Delivered,1,21.47,56
DLV00001988,DLVORD00000533,DRV00042,VEH0013,2022-07-19,2022-07-22,Delivered,1,10.61,80
DLV00001989,DLVORD00000678,DRV00059,VEH0003,2024-02-09,2024-02-09,Delivered,1,18.77,60
DLV00001990,DLVORD00002556,DRV00031,VEH0038,2024-11-22,2024-11-26,Delivered,1,22.23,5
DLV00001991,DLVORD00002149,DRV00070,VEH0026,2022-05-15,2022-05-15,Delivered,1,25.15,10
DLV00001992,DLVORD00000941,DRV00057,VEH0042,2023-09-28,2023-09-28,Delivered,1,17.2,62
DLV00001993,DLVORD00000318,DRV00062,VEH0026,2024-04-16,2024-04-21,Delivered,1,14.18,36
DLV00001994,DLVORD00001861,DRV00041,VEH0048,2023-11-29,,Pending,1,10.19,70
DLV00001995,DLVORD00001570,DRV00060,VEH0024,2024-02-10,2024-02-11,Delivered,1,25.48,74
DLV00001996,DLVORD00000357,DRV00013,VEH0031,2024-07-04,2024-07-06,Delivered,1,22.89,16
DLV00001997,DLVORD00002493,DRV00070,VEH0029,2022-04-19,2022-04-19,Delivered,1,14.23,90
DLV00001998,DLVORD00001352,DRV00039,VEH0038,2024-04-08,2024-04-10,Delivered,1,3.56,90
DLV00001999,DLVORD00000770,DRV00078,VEH0002,2024-07-24,2024-07-27,Delivered,2,24.56,45
DLV00002000,DLVORD00000236,DRV00031,VEH0011,2024-05-05,2024-05-05,Delivered,1,16.98,20
DLV00002001,DLVORD00002054,DRV00021,VEH0031,2023-10-18,2023-10-18,Delivered,1,22.4,23
DLV00002002,DLVORD00000880,DRV00022,VEH0035,2022-03-04,2022-03-05,Delivered,1,24.64,52
DLV00002003,DLVORD00000817,DRV00079,VEH0045,2023-03-21,,Rescheduled,1,10.1,54
DLV00002004,DLVORD00002914,DRV00052,VEH0011,2022-01-05,2022-01-06,Delivered,1,9.85,16
DLV00002005,DLVORD00001578,DRV00068,VEH0036,2023-09-10,2023-09-19,Delivered,1,3.15,22
DLV00002006,DLVORD00001421,DRV00029,VEH0035,2024-04-23,,Failed,1,13.91,66
DLV00002007,DLVORD00000584,DRV00022,VEH0011,2022-02-04,2022-02-06,Delivered,1,1.48,19
DLV00002008,DLVORD00002685,DRV00010,VEH0045,2023-03-12,,Rescheduled,1,24.09,49
DLV00002009,DLVORD00001309,DRV00049,VEH0023,2024-05-22,2024-05-23,Delivered,1,2.09,78
DLV00002010,DLVORD00001134,DRV00001,VEH0036,2024-05-27,2024-05-27,Delivered,1,10.35,17
DLV00002011,DLVORD00002135,DRV00065,VEH0049,2022-11-22,,Failed,2,2.7,14
DLV00002012,DLVORD00000890,DRV00036,VEH0006,2022-10-13,2022-10-13,Delivered,1,15.15,73
DLV00002013,DLVORD00000287,DRV00011,VEH0014,2024-04-30,2024-04-30,Delivered,1,27.73,14
DLV00002014,DLVORD00000122,DRV00063,VEH0043,2024-02-29,2024-02-29,Delivered,1,1.98,8
DLV00002015,DLVORD00000488,DRV00065,VEH0024,2024-07-29,2024-07-29,Delivered,1,11.37,47
DLV00002016,DLVORD00002679,DRV00077,VEH0010,2024-10-11,2024-10-15,Delivered,1,5.58,32
DLV00002017,DLVORD00000327,DRV00039,VEH0001,2024-02-06,2024-02-06,Delivered,1,12.68,49
DLV00002018,DLVORD00000372,DRV00042,VEH0044,2024-05-23,2024-05-23,Delivered,1,23.65,85
DLV00002019,DLVORD00002970,DRV00050,VEH0029,2023-06-18,,Pending,1,10.49,17
DLV00002020,DLVORD00002439,DRV00067,VEH0014,2024-11-04,2024-11-04,Delivered,1,2.42,48
DLV00002021,DLVORD00000583,DRV00074,VEH0028,2024-10-19,2024-10-19,Delivered,1,14.96,17
DLV00002022,DLVORD00002189,DRV00027,VEH0019,2022-07-17,2022-07-26,Delivered,1,19.66,77
DLV00002023,DLVORD00000113,DRV00040,VEH0047,2024-02-20,,Rescheduled,1,17.42,23
DLV00002024,DLVORD00001463,DRV00063,VEH0014,2023-10-15,,Pending,1,17.51,81
DLV00002025,DLVORD00001266,DRV00048,VEH0047,2024-11-09,,Rescheduled,1,9.28,83
DLV00002026,DLVORD00001644,DRV00061,VEH0026,2024-07-10,,Rescheduled,1,23.61,22
DLV00002027,DLVORD00000776,DRV00005,VEH0018,2023-06-08,2023-06-13,Delivered,1,9.91,34
DLV00002028,DLVORD00000090,DRV00054,VEH0037,2023-12-26,2023-12-26,Delivered,1,25.91,83
DLV00002029,DLVORD00002843,DRV00078,VEH0022,2024-08-19,,Pending,2,18.9,57
DLV00002030,DLVORD00001652,DRV00012,VEH0043,2024-10-05,2024-10-05,Delivered,1,27.02,85
DLV00002031,DLVORD00000317,DRV00041,VEH0032,2022-09-30,,Failed,1,27.29,64
DLV00002032,DLVORD00000426,DRV00039,VEH0005,2022-06-15,,Failed,1,7.32,34
DLV00002033,DLVORD00000636,DRV00050,VEH0045,2022-05-15,2022-05-15,Delivered,1,13.44,20
DLV00002034,DLVORD00002449,DRV00061,VEH0017,2023-03-02,2023-03-05,Delivered,1,16.39,59
DLV00002035,DLVORD00000545,DRV00021,VEH0006,2024-01-16,2024-01-19,Delivered,1,17.74,72
DLV00002036,DLVORD00002064,DRV00068,VEH0049,2022-08-18,2022-08-19,Delivered,1,13.03,72
DLV00002037,DLVORD00001660,DRV00014,VEH0030,2024-11-23,2024-11-26,Delivered,1,13.22,13
DLV00002038,DLVORD00002327,DRV00026,VEH0014,2023-05-17,2023-05-22,Delivered,1,13.74,15
DLV00002039,DLVORD00001015,DRV00060,VEH0038,2024-11-11,2024-11-11,Delivered,1,10.05,19
DLV00002040,DLVORD00001093,DRV00005,VEH0006,2024-05-15,2024-05-15,Delivered,1,16.87,73
DLV00002041,DLVORD00002547,DRV00039,VEH0024,2023-10-23,2023-10-23,Delivered,1,25.19,27
DLV00002042,DLVORD00001050,DRV00068,VEH0017,2022-01-15,,Rescheduled,1,2.52,51
DLV00002043,DLVORD00002918,DRV00048,VEH0044,2023-02-26,,Rescheduled,1,19.72,71
DLV00002044,DLVORD00000273,DRV00008,VEH0007,2024-03-01,,Pending,1,9.33,61
DLV00002045,DLVORD00000977,DRV00014,VEH0006,2023-05-14,,Rescheduled,1,17.06,27
DLV00002046,DLVORD00000118,DRV00042,VEH0019,2024-11-04,2024-11-07,Delivered,1,4.92,15
DLV00002047,DLVORD00000553,DRV00035,VEH0023,2024-10-26,2024-10-26,Delivered,1,23.4,34
DLV00002048,DLVORD00001278,DRV00042,VEH0047,2024-01-29,2024-02-01,Delivered,1,19.53,37
DLV00002049,DLVORD00000134,DRV00003,VEH0031,2023-09-05,2023-09-08,Delivered,1,10.79,79
DLV00002050,DLVORD00000510,DRV00002,VEH0040,2022-11-27,2022-11-27,Delivered,1,14.72,27
DLV00002051,DLVORD00001441,DRV00071,VEH0025,2024-09-12,2024-09-12,Delivered,1,7.15,33
DLV00002052,DLVORD00001948,DRV00055,VEH0036,2024-03-19,,Failed,1,20.07,63
DLV00002053,DLVORD00000221,DRV00080,VEH0036,2022-05-07,2022-05-07,Delivered,1,28.67,78
DLV00002054,DLVORD00000810,DRV00075,VEH0012,2024-04-05,,Rescheduled,1,18.58,18
DLV00002055,DLVORD00001376,DRV00077,VEH0041,2024-01-13,2024-01-13,Delivered,1,21.44,63
DLV00002056,DLVORD00002836,DRV00022,VEH0033,2023-01-03,2023-01-03,Delivered,1,17.01,63
DLV00002057,DLVORD00002117,DRV00061,VEH0007,2023-08-20,,Rescheduled,1,23.07,63
DLV00002058,DLVORD00001304,DRV00019,VEH0026,2022-11-01,,Failed,1,27.96,67
DLV00002059,DLVORD00002474,DRV00012,VEH0023,2024-12-02,,Failed,1,14.73,17
DLV00002060,DLVORD00001923,DRV00012,VEH0001,2023-11-08,2023-11-17,Delivered,1,8.87,6
DLV00002061,DLVORD00001727,DRV00044,VEH0025,2024-03-29,,Failed,1,14.83,18
DLV00002062,DLVORD00000500,DRV00026,VEH0007,2024-01-23,2024-01-30,Delivered,1,22.58,59
DLV00002063,DLVORD00002996,DRV00035,VEH0002,2023-08-09,2023-08-12,Delivered,1,10.35,64
DLV00002064,DLVORD00002732,DRV00056,VEH0036,2023-03-13,2023-03-19,Delivered,1,6.79,20
DLV00002065,DLVORD00001064,DRV00030,VEH0037,2022-01-12,2022-01-12,Delivered,1,29.77,16
DLV00002066,DLVORD00000923,DRV00053,VEH0043,2024-08-18,2024-08-19,Delivered,1,26.38,84
DLV00002067,DLVORD00002744,DRV00030,VEH0007,2024-06-12,2024-06-17,Delivered,1,29.55,67
DLV00002068,DLVORD00001190,DRV00034,VEH0039,2023-03-03,2023-03-05,Delivered,1,11.74,86
DLV00002069,DLVORD00001800,DRV00075,VEH0042,2022-03-13,,Rescheduled,1,10.61,59
DLV00002070,DLVORD00002045,DRV00077,VEH0007,2023-10-04,2023-10-04,Delivered,1,24.43,48
DLV00002071,DLVORD00000470,DRV00019,VEH0029,2024-07-11,,Failed,1,11.0,17
DLV00002072,DLVORD00001590,DRV00075,VEH0046,2023-02-24,2023-02-24,Delivered,1,7.0,32
DLV00002073,DLVORD00000041,DRV00002,VEH0006,2023-11-05,2023-11-05,Delivered,1,16.08,53
DLV00002074,DLVORD00002921,DRV00020,VEH0023,2024-05-30,2024-06-01,Delivered,1,25.98,5
DLV00002075,DLVORD00002962,DRV00075,VEH0032,2023-09-25,,Rescheduled,1,1.22,42
DLV00002076,DLVORD00002915,DRV00055,VEH0038,2024-10-15,,Pending,1,13.39,67
DLV00002077,DLVORD00001633,DRV00005,VEH0008,2023-04-04,2023-04-04,Delivered,1,15.5,37
DLV00002078,DLVORD00002095,DRV00044,VEH0033,2024-03-06,2024-03-18,Delivered,1,2.88,37
DLV00002079,DLVORD00002866,DRV00026,VEH0010,2024-07-22,2024-07-22,Delivered,1,2.66,22
DLV00002080,DLVORD00002631,DRV00020,VEH0008,2023-10-29,2023-11-02,Delivered,1,2.04,54
DLV00002081,DLVORD00000923,DRV00007,VEH0014,2024-08-18,2024-08-18,Delivered,1,5.42,23
DLV00002082,DLVORD00000255,DRV00047,VEH0015,2024-11-26,2024-11-26,Delivered,1,8.52,54
DLV00002083,DLVORD00002379,DRV00065,VEH0013,2024-05-09,2024-05-09,Delivered,1,24.64,78
DLV00002084,DLVORD00002928,DRV00021,VEH0043,2023-02-15,2023-02-16,Delivered,1,4.63,16
DLV00002085,DLVORD00001241,DRV00043,VEH0023,2022-12-17,2022-12-17,Delivered,1,15.36,6
DLV00002086,DLVORD00001114,DRV00030,VEH0023,2023-08-04,2023-08-12,Delivered,1,4.21,11
DLV00002087,DLVORD00001354,DRV00040,VEH0046,2022-04-06,2022-04-06,Delivered,1,14.94,78
DLV00002088,DLVORD00001989,DRV00013,VEH0031,2023-08-16,2023-08-16,Delivered,1,4.62,7
DLV00002089,DLVORD00002539,DRV00067,VEH0013,2022-11-14,2022-11-15,Delivered,1,13.95,80
DLV00002090,DLVORD00001459,DRV00065,VEH0015,2023-05-22,2023-05-27,Delivered,1,13.73,16
DLV00002091,DLVORD00001567,DRV00075,VEH0008,2024-12-10,,Rescheduled,1,27.28,79
DLV00002092,DLVORD00001825,DRV00022,VEH0030,2023-12-08,2023-12-13,Delivered,1,9.8,42
DLV00002093,DLVORD00000948,DRV00028,VEH0039,2023-01-30,2023-02-01,Delivered,1,24.55,83
DLV00002094,DLVORD00000672,DRV00033,VEH0047,2024-06-27,2024-06-28,Delivered,1,1.43,87
DLV00002095,DLVORD00002070,DRV00080,VEH0021,2023-10-06,,Rescheduled,1,5.89,6
DLV00002096,DLVORD00002506,DRV00061,VEH0030,2023-04-12,2023-04-13,Delivered,1,3.28,66
DLV00002097,DLVORD00000775,DRV00053,VEH0021,2023-08-06,2023-08-10,Delivered,1,26.63,12
DLV00002098,DLVORD00002000,DRV00003,VEH0012,2023-09-28,2023-09-28,Delivered,1,4.86,86
DLV00002099,DLVORD00000165,DRV00073,VEH0045,2022-12-24,2022-12-24,Delivered,1,1.96,89
DLV00002100,DLVORD00000128,DRV00014,VEH0018,2022-05-11,2022-05-16,Delivered,1,19.58,69
DLV00002101,DLVORD00000067,DRV00019,VEH0031,2023-04-04,2023-04-04,Delivered,1,25.88,43
DLV00002102,DLVORD00000756,DRV00015,VEH0044,2024-05-04,,Pending,1,21.33,14
DLV00002103,DLVORD00001102,DRV00035,VEH0009,2024-04-30,,Rescheduled,1,22.32,29
DLV00002104,DLVORD00001921,DRV00029,VEH0045,2024-08-23,2024-08-23,Delivered,1,8.03,50
DLV00002105,DLVORD00002817,DRV00073,VEH0019,2023-07-26,,Rescheduled,1,14.21,88
DLV00002106,DLVORD00000852,DRV00022,VEH0004,2023-11-27,2023-12-02,Delivered,1,28.48,17
DLV00002107,DLVORD00000434,DRV00016,VEH0041,2023-08-27,,Pending,1,28.76,22
DLV00002108,DLVORD00002386,DRV00063,VEH0004,2024-06-24,2024-07-04,Delivered,1,2.36,16
DLV00002109,DLVORD00002333,DRV00061,VEH0027,2024-04-28,2024-05-01,Delivered,1,5.92,24
DLV00002110,DLVORD00002353,DRV00048,VEH0026,2023-03-30,2023-04-02,Delivered,3,18.55,30
DLV00002111,DLVORD00002517,DRV00074,VEH0028,2024-06-12,,Failed,1,2.99,56
DLV00002112,DLVORD00000269,DRV00037,VEH0040,2023-10-20,2023-10-20,Delivered,2,27.99,32
DLV00002113,DLVORD00001175,DRV00037,VEH0007,2022-12-18,2022-12-19,Delivered,1,21.04,50
DLV00002114,DLVORD00001855,DRV00038,VEH0004,2024-03-29,2024-03-31,Delivered,1,11.33,76
DLV00002115,DLVORD00001156,DRV00025,VEH0026,2023-09-28,2023-10-04,Delivered,1,29.67,79
DLV00002116,DLVORD00001522,DRV00043,VEH0037,2023-02-09,2023-02-09,Delivered,1,22.16,45
DLV00002117,DLVORD00001549,DRV00049,VEH0008,2024-08-08,2024-08-10,Delivered,1,25.97,74
DLV00002118,DLVORD00000547,DRV00025,VEH0006,2022-10-12,2022-10-12,Delivered,1,28.92,44
DLV00002119,DLVORD00002569,DRV00050,VEH0042,2022-11-20,2022-11-24,Delivered,1,14.75,41
DLV00002120,DLVORD00002779,DRV00012,VEH0027,2023-09-24,,Rescheduled,1,27.01,63
DLV00002121,DLVORD00001585,DRV00027,VEH0044,2022-12-02,2022-12-03,Delivered,1,15.49,45
DLV00002122,DLVORD00001816,DRV00042,VEH0026,2023-01-03,,Rescheduled,1,14.1,53
DLV00002123,DLVORD00001331,DRV00056,VEH0008,2022-11-11,2022-11-13,Delivered,1,11.99,85
DLV00002124,DLVORD00000384,DRV00052,VEH0027,2024-01-16,2024-01-16,Delivered,1,1.05,28
DLV00002125,DLVORD00001693,DRV00014,VEH0045,2024-07-18,2024-07-19,Delivered,1,28.07,53
DLV00002126,DLVORD00001991,DRV00028,VEH0038,2024-11-27,,Failed,1,29.46,66
DLV00002127,DLVORD00000597,DRV00042,VEH0008,2022-07-18,2022-07-18,Delivered,1,16.49,47
DLV00002128,DLVORD00002139,DRV00009,VEH0004,2024-03-10,2024-03-10,Delivered,1,19.01,36
DLV00002129,DLVORD00002357,DRV00033,VEH0049,2024-11-26,,Rescheduled,1,25.63,60
DLV00002130,DLVORD00001709,DRV00052,VEH0023,2023-02-28,2023-03-03,Delivered,1,19.29,9
DLV00002131,DLVORD00002966,DRV00057,VEH0022,2023-07-29,2023-07-29,Delivered,1,5.78,11
DLV00002132,DLVORD00000064,DRV00075,VEH0040,2022-11-21,2022-11-28,Delivered,1,18.67,16
DLV00002133,DLVORD00000634,DRV00050,VEH0041,2022-07-26,2022-07-26,Delivered,1,20.38,66
DLV00002134,DLVORD00001434,DRV00036,VEH0024,2024-01-16,2024-01-16,Delivered,1,9.45,84
DLV00002135,DLVORD00000908,DRV00051,VEH0030,2024-04-22,2024-04-26,Delivered,1,12.6,55
DLV00002136,DLVORD00001576,DRV00068,VEH0026,2022-12-21,2022-12-21,Delivered,1,21.4,42
DLV00002137,DLVORD00002205,DRV00036,VEH0031,2024-03-28,2024-04-08,Delivered,1,18.72,89
DLV00002138,DLVORD00000451,DRV00005,VEH0014,2024-02-28,2024-02-28,Delivered,1,29.65,33
DLV00002139,DLVORD00002103,DRV00036,VEH0027,2022-08-18,2022-08-18,Delivered,1,26.43,8
DLV00002140,DLVORD00002380,DRV00075,VEH0013,2022-01-22,,Failed,1,20.35,87
DLV00002141,DLVORD00001769,DRV00014,VEH0006,2022-05-19,2022-05-21,Delivered,1,25.6,33
DLV00002142,DLVORD00001860,DRV00080,VEH0002,2024-04-27,2024-04-27,Delivered,1,4.38,81
DLV00002143,DLVORD00002729,DRV00071,VEH0022,2022-06-25,2022-06-25,Delivered,1,25.5,42
DLV00002144,DLVORD00002905,DRV00035,VEH0019,2022-05-04,2022-05-04,Delivered,1,21.19,11
DLV00002145,DLVORD00001418,DRV00035,VEH0030,2022-02-24,,Pending,1,13.66,83
DLV00002146,DLVORD00001217,DRV00068,VEH0024,2022-07-20,2022-07-20,Delivered,1,29.01,54
DLV00002147,DLVORD00001542,DRV00009,VEH0049,2024-04-15,,Rescheduled,1,24.16,25
DLV00002148,DLVORD00002679,DRV00021,VEH0012,2024-10-13,2024-10-21,Delivered,1,14.46,43
DLV00002149,DLVORD00000543,DRV00018,VEH0047,2023-12-30,,Failed,1,5.3,17
DLV00002150,DLVORD00000394,DRV00075,VEH0038,2023-03-11,2023-03-15,Delivered,1,28.32,61
DLV00002151,DLVORD00001175,DRV00036,VEH0012,2022-12-18,2022-12-18,Delivered,1,19.09,28
DLV00002152,DLVORD00002276,DRV00022,VEH0019,2023-10-23,2023-10-23,Delivered,1,17.48,27
DLV00002153,DLVORD00000878,DRV00001,VEH0026,2023-12-30,2023-12-30,Delivered,1,21.55,20
DLV00002154,DLVORD00001535,DRV00056,VEH0016,2023-06-22,2023-06-22,Delivered,1,10.14,41
DLV00002155,DLVORD00000680,DRV00002,VEH0013,2022-11-11,2022-11-11,Delivered,1,11.88,19
DLV00002156,DLVORD00000922,DRV00015,VEH0006,2024-03-06,2024-03-17,Delivered,2,21.32,58
DLV00002157,DLVORD00000362,DRV00023,VEH0046,2024-06-11,,Failed,1,9.3,38
DLV00002158,DLVORD00002881,DRV00001,VEH0038,2024-07-21,,Pending,1,15.32,12
DLV00002159,DLVORD00001735,DRV00043,VEH0049,2024-06-26,2024-06-26,Delivered,1,6.87,14
DLV00002160,DLVORD00000048,DRV00077,VEH0029,2023-03-18,2023-03-25,Delivered,1,3.56,51
DLV00002161,DLVORD00001064,DRV00049,VEH0031,2022-01-13,,Failed,1,12.16,44
DLV00002162,DLVORD00001851,DRV00057,VEH0042,2023-05-14,,Pending,1,2.38,78
DLV00002163,DLVORD00002708,DRV00004,VEH0034,2024-01-11,2024-01-13,Delivered,1,22.14,85
DLV00002164,DLVORD00001104,DRV00037,VEH0025,2023-12-08,2023-12-08,Delivered,3,29.41,71
DLV00002165,DLVORD00002725,DRV00027,VEH0008,2023-08-25,2023-08-25,Delivered,1,8.53,47
DLV00002166,DLVORD00000324,DRV00061,VEH0007,2024-09-22,2024-09-22,Delivered,1,6.39,88
DLV00002167,DLVORD00001591,DRV00013,VEH0009,2024-07-31,2024-08-04,Delivered,2,18.65,87
DLV00002168,DLVORD00000400,DRV00030,VEH0033,2024-07-03,,Rescheduled,1,9.59,34
DLV00002169,DLVORD00002807,DRV00021,VEH0049,2022-11-02,2022-11-09,Delivered,1,7.31,42
DLV00002170,DLVORD00001613,DRV00074,VEH0019,2022-07-28,,Failed,1,22.85,70
DLV00002171,DLVORD00002527,DRV00012,VEH0003,2023-05-30,,Failed,1,14.94,77
DLV00002172,DLVORD00000605,DRV00020,VEH0035,2023-03-04,2023-03-05,Delivered,1,17.54,46
DLV00002173,DLVORD00000131,DRV00077,VEH0017,2022-07-16,2022-07-16,Delivered,1,1.81,35
DLV00002174,DLVORD00000348,DRV00062,VEH0012,2024-12-17,,Failed,1,13.82,20
DLV00002175,DLVORD00001522,DRV00068,VEH0009,2023-02-09,2023-02-09,Delivered,1,20.84,32
DLV00002176,DLVORD00000244,DRV00074,VEH0002,2024-01-23,2024-01-23,Delivered,1,21.54,56
DLV00002177,DLVORD00001035,DRV00015,VEH0016,2023-01-04,2023-01-12,Delivered,1,25.67,25
DLV00002178,DLVORD00002010,DRV00026,VEH0043,2022-09-08,2022-09-08,Delivered,1,27.28,64
DLV00002179,DLVORD00000558,DRV00047,VEH0021,2023-06-03,2023-06-03,Delivered,1,25.47,30
DLV00002180,DLVORD00001134,DRV00041,VEH0038,2024-05-26,,Pending,1,18.4,62
DLV00002181,DLVORD00000748,DRV00038,VEH0038,2023-11-08,,Failed,1,29.98,35
DLV00002182,DLVORD00002790,DRV00059,VEH0022,2023-02-14,2023-02-14,Delivered,1,2.91,12
DLV00002183,DLVORD00001303,DRV00079,VEH0045,2024-10-16,,Pending,1,24.55,55
DLV00002184,DLVORD00001193,DRV00057,VEH0050,2022-06-24,,Failed,1,20.69,33
DLV00002185,DLVORD00001595,DRV00012,VEH0008,2022-10-26,2022-11-03,Delivered,1,17.32,52
DLV00002186,DLVORD00001268,DRV00016,VEH0041,2023-06-14,,Failed,1,15.82,56
DLV00002187,DLVORD00001858,DRV00043,VEH0025,2023-12-11,2023-12-11,Delivered,1,25.56,42
DLV00002188,DLVORD00002927,DRV00050,VEH0019,2023-09-16,,Pending,1,26.64,73
DLV00002189,DLVORD00001334,DRV00028,VEH0044,2024-10-30,2024-11-02,Delivered,1,18.74,59
DLV00002190,DLVORD00001929,DRV00076,VEH0030,2024-08-20,2024-08-20,Delivered,1,29.69,42
DLV00002191,DLVORD00002470,DRV00047,VEH0007,2023-07-26,2023-07-28,Delivered,1,11.48,56
DLV00002192,DLVORD00000587,DRV00078,VEH0039,2024-02-09,2024-02-09,Delivered,1,4.34,30
DLV00002193,DLVORD00001872,DRV00069,VEH0045,2024-12-22,,Failed,1,2.17,31
DLV00002194,DLVORD00000287,DRV00079,VEH0018,2024-04-30,2024-05-02,Delivered,1,15.16,78
DLV00002195,DLVORD00001049,DRV00029,VEH0008,2023-11-05,,Rescheduled,2,24.49,10
DLV00002196,DLVORD00000981,DRV00011,VEH0026,2023-09-03,2023-09-03,Delivered,1,8.83,90
DLV00002197,DLVORD00002164,DRV00053,VEH0045,2023-11-20,,Rescheduled,1,24.3,69
DLV00002198,DLVORD00000816,DRV00068,VEH0012,2023-08-21,2023-08-25,Delivered,1,15.93,79
DLV00002199,DLVORD00002203,DRV00070,VEH0040,2023-12-11,,Pending,1,18.16,45
DLV00002200,DLVORD00002646,DRV00077,VEH0026,2023-12-25,,Pending,1,23.26,49
DLV00002201,DLVORD00001166,DRV00054,VEH0018,2024-01-04,,Failed,1,18.11,58
DLV00002202,DLVORD00000124,DRV00002,VEH0048,2023-01-04,2023-01-12,Delivered,1,6.93,80
DLV00002203,DLVORD00000753,DRV00041,VEH0027,2024-08-11,2024-08-11,Delivered,1,12.22,16
DLV00002204,DLVORD00000100,DRV00055,VEH0024,2023-05-31,2023-05-31,Delivered,1,12.1,63
DLV00002205,DLVORD00002659,DRV00046,VEH0011,2024-07-23,,Pending,1,12.33,40
DLV00002206,DLVORD00001018,DRV00059,VEH0039,2023-06-08,2023-06-18,Delivered,1,7.6,64
DLV00002207,DLVORD00000039,DRV00073,VEH0033,2024-09-01,2024-09-01,Delivered,1,1.97,28
DLV00002208,DLVORD00000087,DRV00055,VEH0001,2023-07-31,2023-07-31,Delivered,1,1.29,58
DLV00002209,DLVORD00000135,DRV00041,VEH0045,2023-04-08,2023-04-08,Delivered,1,24.64,27
DLV00002210,DLVORD00001209,DRV00015,VEH0020,2023-07-13,,Pending,1,16.27,5
DLV00002211,DLVORD00001343,DRV00051,VEH0043,2023-09-09,2023-09-10,Delivered,1,6.36,75
DLV00002212,DLVORD00000588,DRV00020,VEH0045,2023-02-03,2023-02-03,Delivered,1,14.1,60
DLV00002213,DLVORD00000429,DRV00026,VEH0026,2022-02-15,2022-02-15,Delivered,1,19.8,36
DLV00002214,DLVORD00002105,DRV00010,VEH0001,2024-05-23,2024-05-23,Delivered,1,18.29,74
DLV00002215,DLVORD00002210,DRV00074,VEH0026,2022-10-25,2022-10-27,Delivered,1,25.63,80
DLV00002216,DLVORD00001603,DRV00052,VEH0004,2023-02-19,2023-02-25,Delivered,1,15.82,39
DLV00002217,DLVORD00000976,DRV00020,VEH0009,2023-06-29,2023-07-04,Delivered,1,13.45,89
DLV00002218,DLVORD00002285,DRV00032,VEH0013,2024-06-23,2024-06-30,Delivered,1,5.07,69
DLV00002219,DLVORD00002377,DRV00060,VEH0048,2022-02-12,2022-02-12,Delivered,1,9.46,58
DLV00002220,DLVORD00000959,DRV00049,VEH0012,2023-01-04,2023-01-05,Delivered,2,8.86,48
DLV00002221,DLVORD00002751,DRV00051,VEH0035,2023-12-12,2023-12-13,Delivered,1,20.99,87
DLV00002222,DLVORD00000943,DRV00054,VEH0031,2024-03-23,2024-03-23,Delivered,1,1.47,38
DLV00002223,DLVORD00001090,DRV00071,VEH0003,2023-12-24,,Rescheduled,1,11.5,21
DLV00002224,DLVORD00001197,DRV00073,VEH0031,2024-04-01,2024-04-01,Delivered,1,3.72,58
DLV00002225,DLVORD00000776,DRV00053,VEH0031,2023-06-08,2023-06-15,Delivered,1,29.9,18
DLV00002226,DLVORD00000117,DRV00004,VEH0030,2023-02-23,,Failed,1,24.15,60
DLV00002227,DLVORD00000580,DRV00060,VEH0002,2022-02-16,2022-02-16,Delivered,1,15.0,13
DLV00002228,DLVORD00000297,DRV00047,VEH0036,2023-12-21,2023-12-21,Delivered,1,6.95,53
DLV00002229,DLVORD00001348,DRV00052,VEH0004,2023-12-31,2023-12-31,Delivered,1,26.51,25
DLV00002230,DLVORD00000511,DRV00019,VEH0039,2023-02-04,2023-02-04,Delivered,1,23.55,86
DLV00002231,DLVORD00000954,DRV00074,VEH0011,2023-10-30,,Rescheduled,1,29.42,67
DLV00002232,DLVORD00002438,DRV00036,VEH0001,2024-08-14,,Rescheduled,1,10.21,40
DLV00002233,DLVORD00001455,DRV00070,VEH0015,2022-04-07,2022-04-10,Delivered,1,22.04,83
DLV00002234,DLVORD00000852,DRV00004,VEH0002,2023-11-25,2023-11-25,Delivered,1,7.05,43
DLV00002235,DLVORD00002657,DRV00026,VEH0018,2023-06-29,2023-07-01,Delivered,1,17.9,81
DLV00002236,DLVORD00001073,DRV00020,VEH0003,2024-10-26,,Failed,1,12.43,37
DLV00002237,DLVORD00000703,DRV00080,VEH0047,2023-06-25,2023-06-25,Delivered,1,28.6,70
DLV00002238,DLVORD00000854,DRV00019,VEH0038,2022-07-24,2022-08-03,Delivered,1,17.28,57
DLV00002239,DLVORD00000890,DRV00073,VEH0045,2022-10-15,2022-10-15,Delivered,1,3.94,34
DLV00002240,DLVORD00001254,DRV00070,VEH0011,2022-11-24,2022-11-24,Delivered,1,28.64,58
DLV00002241,DLVORD00000651,DRV00003,VEH0047,2024-01-17,2024-01-20,Delivered,1,3.7,60
DLV00002242,DLVORD00001087,DRV00005,VEH0047,2024-01-24,,Rescheduled,1,10.46,31
DLV00002243,DLVORD00002552,DRV00005,VEH0048,2023-11-23,,Rescheduled,1,7.83,26
DLV00002244,DLVORD00000909,DRV00010,VEH0032,2024-07-20,,Failed,1,15.81,71
DLV00002245,DLVORD00000323,DRV00026,VEH0027,2024-10-09,,Rescheduled,1,27.8,35
DLV00002246,DLVORD00000391,DRV00036,VEH0013,2023-12-20,2023-12-20,Delivered,1,7.77,35
DLV00002247,DLVORD00002358,DRV00034,VEH0028,2024-08-24,2024-08-26,Delivered,1,3.92,79
DLV00002248,DLVORD00002143,DRV00049,VEH0017,2024-06-07,,Rescheduled,1,17.71,6
DLV00002249,DLVORD00001533,DRV00010,VEH0020,2023-03-08,2023-03-16,Delivered,1,11.68,37
DLV00002250,DLVORD00001332,DRV00041,VEH0020,2024-05-11,2024-05-12,Delivered,1,11.63,47
DLV00002251,DLVORD00002450,DRV00027,VEH0033,2023-07-03,2023-07-09,Delivered,1,19.68,70
DLV00002252,DLVORD00002139,DRV00036,VEH0007,2024-03-10,2024-03-10,Delivered,2,26.18,74
DLV00002253,DLVORD00001046,DRV00005,VEH0042,2023-03-05,,Pending,1,25.4,57
DLV00002254,DLVORD00000589,DRV00016,VEH0020,2024-06-19,,Pending,1,21.4,8
DLV00002255,DLVORD00002702,DRV00056,VEH0036,2022-06-28,,Rescheduled,1,11.91,47
DLV00002256,DLVORD00001972,DRV00035,VEH0047,2023-11-08,2023-11-17,Delivered,1,14.6,47
DLV00002257,DLVORD00002381,DRV00022,VEH0003,2022-02-17,,Rescheduled,1,18.8,22
DLV00002258,DLVORD00002973,DRV00056,VEH0022,2024-01-30,2024-02-06,Delivered,1,13.39,24
DLV00002259,DLVORD00002793,DRV00031,VEH0030,2023-12-13,,Failed,1,4.38,32
DLV00002260,DLVORD00000251,DRV00051,VEH0025,2023-12-30,,Rescheduled,1,6.65,83
DLV00002261,DLVORD00000766,DRV00019,VEH0032,2024-11-26,2024-11-27,Delivered,1,1.99,58
DLV00002262,DLVORD00001698,DRV00004,VEH0011,2023-10-26,2023-10-26,Delivered,1,21.76,35
DLV00002263,DLVORD00000216,DRV00063,VEH0042,2023-07-23,2023-07-24,Delivered,1,17.35,40
DLV00002264,DLVORD00002201,DRV00028,VEH0022,2023-12-28,2024-01-04,Delivered,1,10.46,28
DLV00002265,DLVORD00001755,DRV00030,VEH0002,2023-02-19,,Failed,1,8.18,52
DLV00002266,DLVORD00000422,DRV00042,VEH0044,2024-05-13,2024-05-13,Delivered,1,25.9,61
DLV00002267,DLVORD00000515,DRV00034,VEH0046,2022-02-03,,Rescheduled,1,6.94,77
DLV00002268,DLVORD00000204,DRV00004,VEH0045,2024-09-01,2024-09-01,Delivered,1,6.54,78
DLV00002269,DLVORD00001362,DRV00052,VEH0002,2024-05-20,2024-05-20,Delivered,2,15.46,34
DLV00002270,DLVORD00001929,DRV00053,VEH0017,2024-08-20,2024-08-22,Delivered,1,24.98,13
DLV00002271,DLVORD00000773,DRV00064,VEH0042,2023-04-17,2023-04-20,Delivered,1,4.73,51
DLV00002272,DLVORD00002754,DRV00047,VEH0032,2023-05-12,2023-05-14,Delivered,1,8.8,33
DLV00002273,DLVORD00000351,DRV00065,VEH0010,2024-12-29,2024-12-29,Delivered,1,23.2,8
DLV00002274,DLVORD00002670,DRV00059,VEH0007,2022-03-21,2022-03-21,Delivered,1,24.02,8
DLV00002275,DLVORD00000900,DRV00026,VEH0006,2024-09-09,2024-09-14,Delivered,3,22.36,42
DLV00002276,DLVORD00002883,DRV00041,VEH0009,2024-08-11,2024-08-15,Delivered,1,7.27,28
DLV00002277,DLVORD00001989,DRV00035,VEH0039,2023-08-15,2023-08-18,Delivered,1,17.42,44
DLV00002278,DLVORD00002172,DRV00053,VEH0036,2023-12-02,2023-12-02,Delivered,1,12.41,5
DLV00002279,DLVORD00001551,DRV00057,VEH0008,2022-12-30,2022-12-30,Delivered,1,3.46,76
DLV00002280,DLVORD00002360,DRV00011,VEH0043,2023-02-07,2023-02-09,Delivered,1,3.98,74
DLV00002281,DLVORD00001312,DRV00022,VEH0045,2024-02-20,2024-02-29,Delivered,1,16.24,59
DLV00002282,DLVORD00001486,DRV00014,VEH0008,2024-08-24,,Rescheduled,1,11.05,22
DLV00002283,DLVORD00002524,DRV00002,VEH0001,2024-06-12,,Pending,1,26.86,7
DLV00002284,DLVORD00001885,DRV00075,VEH0046,2022-11-18,2022-11-19,Delivered,1,2.26,51
DLV00002285,DLVORD00002430,DRV00063,VEH0047,2023-07-13,,Pending,1,21.33,36
DLV00002286,DLVORD00001436,DRV00049,VEH0035,2024-07-28,2024-07-28,Delivered,1,24.41,86
DLV00002287,DLVORD00001270,DRV00014,VEH0004,2022-05-02,2022-05-02,Delivered,1,19.83,16
DLV00002288,DLVORD00000067,DRV00021,VEH0050,2023-04-03,2023-04-04,Delivered,1,6.0,24
DLV00002289,DLVORD00002960,DRV00052,VEH0041,2024-03-14,2024-03-14,Delivered,1,10.29,44
DLV00002290,DLVORD00002041,DRV00021,VEH0030,2022-05-13,2022-05-13,Delivered,1,25.37,36
DLV00002291,DLVORD00002130,DRV00041,VEH0019,2024-09-20,2024-09-20,Delivered,1,1.66,39
DLV00002292,DLVORD00002120,DRV00031,VEH0009,2024-12-28,2024-12-30,Delivered,1,9.92,79
DLV00002293,DLVORD00001882,DRV00059,VEH0031,2023-03-21,2023-03-28,Delivered,1,10.75,35
DLV00002294,DLVORD00002506,DRV00022,VEH0016,2023-04-11,2023-04-15,Delivered,1,24.16,18
DLV00002295,DLVORD00000821,DRV00043,VEH0042,2024-07-24,,Pending,1,9.99,55
DLV00002296,DLVORD00001289,DRV00074,VEH0021,2022-01-22,,Pending,1,6.65,36
DLV00002297,DLVORD00002715,DRV00070,VEH0018,2024-01-13,,Failed,1,18.42,47
DLV00002298,DLVORD00001108,DRV00071,VEH0007,2023-08-11,2023-08-12,Delivered,1,26.6,18
DLV00002299,DLVORD00000312,DRV00039,VEH0042,2022-07-04,2022-07-04,Delivered,2,24.61,16
DLV00002300,DLVORD00001417,DRV00009,VEH0023,2022-08-10,2022-08-10,Delivered,1,8.14,15
DLV00002301,DLVORD00001439,DRV00016,VEH0013,2024-12-12,,Failed,1,15.03,23
DLV00002302,DLVORD00001233,DRV00062,VEH0025,2024-01-07,2024-01-08,Delivered,1,8.05,13
DLV00002303,DLVORD00000759,DRV00047,VEH0030,2024-01-24,2024-01-24,Delivered,1,15.07,12
DLV00002304,DLVORD00002495,DRV00027,VEH0008,2024-02-09,2024-02-09,Delivered,1,17.32,14
DLV00002305,DLVORD00001610,DRV00055,VEH0032,2022-04-15,2022-04-15,Delivered,1,23.87,6
DLV00002306,DLVORD00002563,DRV00012,VEH0017,2023-12-28,2023-12-30,Delivered,1,3.06,39
DLV00002307,DLVORD00001897,DRV00019,VEH0004,2023-10-16,,Pending,1,20.32,25
DLV00002308,DLVORD00002711,DRV00075,VEH0048,2022-09-25,2022-09-28,Delivered,2,21.25,31
DLV00002309,DLVORD00000378,DRV00050,VEH0036,2024-07-11,,Pending,1,12.57,89
DLV00002310,DLVORD00000140,DRV00025,VEH0049,2022-12-24,2023-01-02,Delivered,1,1.66,51
DLV00002311,DLVORD00001337,DRV00041,VEH0013,2024-02-20,,Failed,1,17.96,86
DLV00002312,DLVORD00001742,DRV00047,VEH0004,2024-01-02,,Failed,1,2.66,70
DLV00002313,DLVORD00000647,DRV00007,VEH0017,2024-10-12,2024-10-14,Delivered,1,17.28,87
DLV00002314,DLVORD00002360,DRV00013,VEH0049,2023-02-09,,Failed,1,26.52,44
DLV00002315,DLVORD00001682,DRV00060,VEH0035,2024-08-18,2024-08-18,Delivered,1,22.71,29
DLV00002316,DLVORD00000289,DRV00012,VEH0025,2024-06-15,,Rescheduled,1,8.7,78
DLV00002317,DLVORD00001492,DRV00032,VEH0022,2022-10-28,,Rescheduled,1,20.35,48
DLV00002318,DLVORD00001311,DRV00071,VEH0040,2023-02-10,2023-02-12,Delivered,1,28.69,52
DLV00002319,DLVORD00000352,DRV00033,VEH0039,2024-01-17,2024-01-17,Delivered,1,7.28,28
DLV00002320,DLVORD00002629,DRV00054,VEH0029,2024-05-27,2024-05-29,Delivered,1,28.69,64
DLV00002321,DLVORD00000524,DRV00040,VEH0031,2023-07-23,,Pending,1,15.08,28
DLV00002322,DLVORD00000617,DRV00049,VEH0022,2023-01-13,,Pending,1,9.67,39
DLV00002323,DLVORD00001524,DRV00059,VEH0037,2023-10-28,2023-10-28,Delivered,1,28.03,50
DLV00002324,DLVORD00000029,DRV00060,VEH0006,2023-06-25,2023-07-05,Delivered,1,22.82,75
DLV00002325,DLVORD00001276,DRV00052,VEH0005,2023-12-02,2023-12-04,Delivered,1,7.08,33
DLV00002326,DLVORD00002017,DRV00039,VEH0013,2023-11-26,2023-11-26,Delivered,1,28.76,30
DLV00002327,DLVORD00000117,DRV00050,VEH0018,2023-02-21,2023-02-26,Delivered,1,17.6,40
DLV00002328,DLVORD00000598,DRV00070,VEH0036,2023-04-08,2023-04-08,Delivered,1,17.47,41
DLV00002329,DLVORD00000404,DRV00046,VEH0043,2024-03-19,2024-03-19,Delivered,1,16.53,43
DLV00002330,DLVORD00002110,DRV00050,VEH0012,2023-12-12,2023-12-12,Delivered,1,15.48,66
DLV00002331,DLVORD00001766,DRV00026,VEH0009,2023-05-24,2023-05-24,Delivered,1,1.65,18
DLV00002332,DLVORD00001266,DRV00044,VEH0018,2024-11-09,,Rescheduled,1,15.21,5
DLV00002333,DLVORD00001938,DRV00020,VEH0016,2022-10-03,2022-10-03,Delivered,1,26.36,33
DLV00002334,DLVORD00001895,DRV00067,VEH0024,2023-12-03,2023-12-04,Delivered,1,16.76,87
DLV00002335,DLVORD00000157,DRV00052,VEH0045,2022-08-06,2022-08-06,Delivered,3,18.12,76
DLV00002336,DLVORD00002543,DRV00044,VEH0042,2024-07-04,,Pending,1,8.93,18
DLV00002337,DLVORD00000880,DRV00073,VEH0029,2022-03-06,2022-03-06,Delivered,1,28.37,80
DLV00002338,DLVORD00002974,DRV00060,VEH0026,2024-12-27,2024-12-27,Delivered,1,17.48,58
DLV00002339,DLVORD00000320,DRV00049,VEH0001,2023-10-31,,Failed,1,19.07,40
DLV00002340,DLVORD00000878,DRV00022,VEH0022,2023-12-30,2024-01-02,Delivered,1,15.21,39
DLV00002341,DLVORD00001968,DRV00050,VEH0035,2023-09-09,2023-09-15,Delivered,1,10.02,33
DLV00002342,DLVORD00002921,DRV00025,VEH0014,2024-05-31,2024-06-05,Delivered,1,26.72,88
DLV00002343,DLVORD00000780,DRV00016,VEH0047,2023-11-11,,Pending,1,7.37,42
DLV00002344,DLVORD00000285,DRV00050,VEH0015,2024-10-02,2024-10-02,Delivered,1,28.49,34
DLV00002345,DLVORD00002531,DRV00039,VEH0046,2024-08-30,2024-09-01,Delivered,1,10.19,90
DLV00002346,DLVORD00002698,DRV00059,VEH0010,2023-10-20,2023-10-28,Delivered,1,8.79,53
DLV00002347,DLVORD00002725,DRV00057,VEH0004,2023-08-27,,Rescheduled,1,17.12,7
DLV00002348,DLVORD00001253,DRV00043,VEH0040,2024-12-12,2024-12-12,Delivered,1,24.96,56
DLV00002349,DLVORD00002471,DRV00055,VEH0024,2024-01-01,,Rescheduled,1,21.38,26
DLV00002350,DLVORD00000293,DRV00009,VEH0025,2022-08-11,2022-08-12,Delivered,1,19.34,59
DLV00002351,DLVORD00001309,DRV00015,VEH0003,2024-05-23,2024-05-23,Delivered,1,28.43,59
DLV00002352,DLVORD00001696,DRV00023,VEH0038,2023-10-27,2023-10-28,Delivered,2,17.22,46
DLV00002353,DLVORD00000186,DRV00022,VEH0037,2022-02-11,2022-02-11,Delivered,2,21.59,71
DLV00002354,DLVORD00001012,DRV00069,VEH0045,2023-10-04,2023-10-04,Delivered,1,10.64,87
DLV00002355,DLVORD00001908,DRV00032,VEH0033,2022-07-04,2022-07-04,Delivered,1,12.23,62
DLV00002356,DLVORD00000634,DRV00063,VEH0022,2022-07-26,2022-07-26,Delivered,1,20.09,71
DLV00002357,DLVORD00002841,DRV00066,VEH0027,2023-11-19,2023-11-25,Delivered,1,2.07,25
DLV00002358,DLVORD00001745,DRV00033,VEH0009,2024-08-09,2024-08-09,Delivered,1,24.96,17
DLV00002359,DLVORD00001292,DRV00001,VEH0027,2023-11-08,2023-11-09,Delivered,1,12.59,71
DLV00002360,DLVORD00001854,DRV00055,VEH0050,2022-08-29,2022-09-01,Delivered,1,14.82,76
DLV00002361,DLVORD00001257,DRV00059,VEH0045,2022-07-02,2022-07-05,Delivered,1,19.7,42
DLV00002362,DLVORD00002789,DRV00021,VEH0025,2023-07-10,,Pending,1,10.61,68
DLV00002363,DLVORD00001011,DRV00012,VEH0010,2024-10-15,2024-10-15,Delivered,1,22.91,54
DLV00002364,DLVORD00001935,DRV00006,VEH0006,2024-04-20,,Failed,2,23.95,86
DLV00002365,DLVORD00000169,DRV00055,VEH0009,2024-12-30,2024-12-30,Delivered,1,24.65,59
DLV00002366,DLVORD00001238,DRV00014,VEH0040,2023-03-02,2023-03-02,Delivered,1,21.69,78
DLV00002367,DLVORD00000051,DRV00014,VEH0030,2022-06-03,2022-06-10,Delivered,1,14.59,62
DLV00002368,DLVORD00000173,DRV00015,VEH0043,2024-01-08,2024-01-11,Delivered,1,27.89,28
DLV00002369,DLVORD00001799,DRV00064,VEH0001,2023-05-20,2023-05-20,Delivered,1,11.85,17
DLV00002370,DLVORD00000797,DRV00046,VEH0023,2022-08-30,,Rescheduled,1,22.3,27
DLV00002371,DLVORD00000421,DRV00002,VEH0037,2023-02-13,2023-02-13,Delivered,1,24.36,34
DLV00002372,DLVORD00002213,DRV00023,VEH0044,2024-10-24,2024-10-24,Delivered,1,7.39,48
DLV00002373,DLVORD00002353,DRV00051,VEH0010,2023-04-01,2023-04-01,Delivered,1,14.27,79
DLV00002374,DLVORD00000968,DRV00012,VEH0036,2023-08-24,2023-08-24,Delivered,1,28.87,57
DLV00002375,DLVORD00001362,DRV00038,VEH0036,2024-05-20,,Rescheduled,1,13.01,28
DLV00002376,DLVORD00002460,DRV00031,VEH0003,2022-11-11,2022-11-11,Delivered,1,14.56,46
DLV00002377,DLVORD00000207,DRV00018,VEH0042,2024-07-07,2024-07-12,Delivered,1,28.09,43
DLV00002378,DLVORD00000485,DRV00013,VEH0011,2023-04-07,2023-04-08,Delivered,1,17.74,38
DLV00002379,DLVORD00000586,DRV00054,VEH0050,2024-06-20,,Failed,1,12.88,85
DLV00002380,DLVORD00002510,DRV00033,VEH0017,2024-03-22,2024-03-26,Delivered,1,16.1,16
DLV00002381,DLVORD00001956,DRV00063,VEH0027,2023-12-11,,Rescheduled,1,1.93,8
DLV00002382,DLVORD00001022,DRV00022,VEH0027,2024-10-18,,Failed,1,14.97,89
DLV00002383,DLVORD00002068,DRV00057,VEH0016,2022-12-22,2022-12-29,Delivered,1,4.34,51
DLV00002384,DLVORD00001091,DRV00040,VEH0026,2023-11-01,2023-11-01,Delivered,1,18.07,31
DLV00002385,DLVORD00000711,DRV00076,VEH0011,2024-02-14,2024-02-16,Delivered,1,20.53,22
DLV00002386,DLVORD00001125,DRV00019,VEH0003,2022-11-01,,Pending,1,18.62,67
DLV00002387,DLVORD00001013,DRV00036,VEH0010,2022-09-03,2022-09-04,Delivered,1,20.03,73
DLV00002388,DLVORD00000710,DRV00079,VEH0010,2024-02-05,2024-02-06,Delivered,1,16.37,67
DLV00002389,DLVORD00002152,DRV00034,VEH0007,2022-07-20,2022-07-21,Delivered,1,2.68,73
DLV00002390,DLVORD00000420,DRV00032,VEH0012,2024-10-08,2024-10-08,Delivered,1,5.76,13
DLV00002391,DLVORD00002927,DRV00037,VEH0044,2023-09-15,2023-09-15,Delivered,2,9.53,47
DLV00002392,DLVORD00002708,DRV00067,VEH0035,2024-01-11,2024-01-15,Delivered,1,18.23,88
DLV00002393,DLVORD00000380,DRV00019,VEH0028,2023-08-28,2023-09-03,Delivered,1,12.08,37
DLV00002394,DLVORD00002744,DRV00070,VEH0015,2024-06-10,2024-06-16,Delivered,1,10.56,16
DLV00002395,DLVORD00002805,DRV00067,VEH0005,2023-07-01,2023-07-01,Delivered,1,28.83,68
DLV00002396,DLVORD00002989,DRV00040,VEH0006,2024-03-06,,Failed,1,13.84,28
DLV00002397,DLVORD00001081,DRV00071,VEH0046,2023-05-06,,Failed,1,20.17,8
DLV00002398,DLVORD00002171,DRV00014,VEH0017,2023-10-24,2023-10-24,Delivered,2,13.5,68
DLV00002399,DLVORD00001247,DRV00055,VEH0002,2024-01-01,,Rescheduled,1,28.94,39
DLV00002400,DLVORD00002597,DRV00059,VEH0013,2024-04-01,2024-04-01,Delivered,1,13.54,9
DLV00002401,DLVORD00001632,DRV00074,VEH0046,2022-01-28,2022-01-28,Delivered,1,14.98,79
DLV00002402,DLVORD00000271,DRV00070,VEH0033,2024-03-24,,Pending,1,25.79,34
DLV00002403,DLVORD00001144,DRV00007,VEH0046,2024-05-08,2024-05-10,Delivered,1,14.82,88
DLV00002404,DLVORD00001142,DRV00047,VEH0046,2023-01-22,2023-01-23,Delivered,1,7.03,85
DLV00002405,DLVORD00002438,DRV00051,VEH0004,2024-08-12,2024-08-15,Delivered,1,20.83,39
DLV00002406,DLVORD00001988,DRV00039,VEH0004,2024-01-09,2024-01-09,Delivered,2,5.07,19
DLV00002407,DLVORD00002542,DRV00004,VEH0047,2023-10-08,2023-10-08,Delivered,1,13.89,25
DLV00002408,DLVORD00001313,DRV00001,VEH0012,2024-03-11,2024-03-12,Delivered,1,21.17,76
DLV00002409,DLVORD00000357,DRV00062,VEH0013,2024-07-03,2024-07-05,Delivered,1,14.56,60
DLV00002410,DLVORD00002717,DRV00037,VEH0014,2024-12-15,2024-12-15,Delivered,1,5.93,72
DLV00002411,DLVORD00001708,DRV00030,VEH0032,2022-10-07,,Pending,1,17.8,76
DLV00002412,DLVORD00000201,DRV00021,VEH0033,2024-05-26,2024-06-03,Delivered,1,20.62,65
DLV00002413,DLVORD00000225,DRV00070,VEH0040,2023-01-21,2023-01-28,Delivered,1,15.91,29
DLV00002414,DLVORD00002474,DRV00009,VEH0002,2024-12-03,,Failed,1,18.84,50
DLV00002415,DLVORD00001173,DRV00052,VEH0007,2023-05-14,2023-05-14,Delivered,1,4.92,40
DLV00002416,DLVORD00001393,DRV00003,VEH0007,2024-01-13,2024-01-13,Delivered,1,3.81,79
DLV00002417,DLVORD00002830,DRV00073,VEH0031,2024-01-17,2024-01-17,Delivered,1,22.32,10
DLV00002418,DLVORD00002337,DRV00032,VEH0048,2024-08-04,,Pending,1,28.45,42
DLV00002419,DLVORD00000457,DRV00056,VEH0024,2022-12-08,,Pending,1,24.16,18
DLV00002420,DLVORD00001945,DRV00014,VEH0047,2023-07-17,,Pending,1,5.58,73
DLV00002421,DLVORD00002681,DRV00075,VEH0020,2023-11-25,2023-12-02,Delivered,1,10.25,42
DLV00002422,DLVORD00001486,DRV00026,VEH0025,2024-08-24,2024-09-06,Delivered,1,20.67,51
DLV00002423,DLVORD00000229,DRV00021,VEH0016,2024-06-16,,Pending,1,16.11,23
DLV00002424,DLVORD00002729,DRV00022,VEH0049,2022-06-24,,Failed,1,19.45,17
DLV00002425,DLVORD00001217,DRV00004,VEH0039,2022-07-20,,Rescheduled,1,13.62,11
DLV00002426,DLVORD00002191,DRV00032,VEH0018,2023-05-15,2023-05-18,Delivered,1,1.48,64
DLV00002427,DLVORD00002532,DRV00080,VEH0030,2023-02-13,2023-02-13,Delivered,1,27.85,56
DLV00002428,DLVORD00000766,DRV00023,VEH0044,2024-11-25,,Pending,1,19.31,18
DLV00002429,DLVORD00002831,DRV00077,VEH0034,2023-08-21,2023-08-21,Delivered,1,23.63,9
DLV00002430,DLVORD00000223,DRV00001,VEH0042,2023-11-13,2023-11-20,Delivered,1,26.44,86
DLV00002431,DLVORD00001680,DRV00060,VEH0034,2022-05-17,,Pending,1,14.34,37
DLV00002432,DLVORD00002702,DRV00009,VEH0006,2022-06-27,2022-06-30,Delivered,1,3.56,42
DLV00002433,DLVORD00002528,DRV00003,VEH0026,2024-11-12,,Failed,1,28.88,65
DLV00002434,DLVORD00000734,DRV00025,VEH0035,2023-11-07,2023-11-09,Delivered,1,29.22,85
DLV00002435,DLVORD00002075,DRV00005,VEH0007,2023-08-30,2023-08-30,Delivered,1,27.02,75
DLV00002436,DLVORD00002933,DRV00031,VEH0003,2024-10-09,2024-10-09,Delivered,1,11.82,32
DLV00002437,DLVORD00002986,DRV00071,VEH0021,2024-08-28,2024-09-03,Delivered,1,14.7,66
DLV00002438,DLVORD00001354,DRV00056,VEH0048,2022-04-05,2022-04-05,Delivered,1,20.19,30
DLV00002439,DLVORD00001697,DRV00051,VEH0015,2024-05-19,2024-05-19,Delivered,1,14.92,51
DLV00002440,DLVORD00001744,DRV00023,VEH0022,2022-12-23,2022-12-23,Delivered,1,28.57,55
DLV00002441,DLVORD00002432,DRV00075,VEH0050,2022-09-02,,Failed,1,7.15,17
DLV00002442,DLVORD00002809,DRV00070,VEH0006,2023-07-11,2023-07-11,Delivered,1,1.94,22
DLV00002443,DLVORD00000601,DRV00019,VEH0046,2022-04-15,,Rescheduled,1,20.64,27
DLV00002444,DLVORD00002931,DRV00075,VEH0011,2024-05-24,,Failed,1,17.67,81
DLV00002445,DLVORD00001791,DRV00014,VEH0046,2023-12-19,,Pending,2,29.92,28
DLV00002446,DLVORD00001893,DRV00077,VEH0001,2023-10-17,,Rescheduled,2,27.32,80
DLV00002447,DLVORD00001050,DRV00034,VEH0014,2022-01-13,,Rescheduled,1,8.03,89
DLV00002448,DLVORD00002191,DRV00071,VEH0017,2023-05-13,2023-05-16,Delivered,1,12.7,62
DLV00002449,DLVORD00000746,DRV00064,VEH0040,2022-10-28,2022-10-28,Delivered,1,10.84,75
DLV00002450,DLVORD00002598,DRV00080,VEH0027,2024-06-29,,Failed,1,21.98,90
DLV00002451,DLVORD00002768,DRV00068,VEH0004,2024-07-29,2024-08-03,Delivered,1,7.26,41
DLV00002452,DLVORD00002617,DRV00032,VEH0020,2022-08-24,2022-08-25,Delivered,1,19.32,27
DLV00002453,DLVORD00002073,DRV00027,VEH0023,2022-02-18,2022-02-18,Delivered,1,5.17,57
DLV00002454,DLVORD00002822,DRV00011,VEH0007,2023-10-03,2023-10-03,Delivered,1,5.54,78
DLV00002455,DLVORD00002887,DRV00040,VEH0017,2022-11-17,2022-11-17,Delivered,1,24.92,82
DLV00002456,DLVORD00002531,DRV00054,VEH0036,2024-08-31,,Rescheduled,1,25.5,23
DLV00002457,DLVORD00001793,DRV00062,VEH0006,2023-08-24,2023-09-05,Delivered,1,24.6,86
DLV00002458,DLVORD00001112,DRV00028,VEH0033,2024-06-30,2024-06-30,Delivered,1,13.3,15
DLV00002459,DLVORD00001355,DRV00074,VEH0033,2023-03-30,2023-03-30,Delivered,1,29.82,37
DLV00002460,DLVORD00002355,DRV00034,VEH0013,2024-04-01,,Pending,1,18.56,55
DLV00002461,DLVORD00002870,DRV00046,VEH0046,2023-08-18,2023-08-18,Delivered,1,18.0,25
DLV00002462,DLVORD00000291,DRV00071,VEH0015,2023-08-03,2023-08-03,Delivered,1,1.58,50
DLV00002463,DLVORD00000779,DRV00028,VEH0025,2023-11-23,,Failed,1,12.11,85
DLV00002464,DLVORD00002386,DRV00053,VEH0005,2024-06-23,2024-07-06,Delivered,1,6.71,28
DLV00002465,DLVORD00000851,DRV00073,VEH0050,2022-10-19,2022-10-19,Delivered,1,8.92,40
DLV00002466,DLVORD00001156,DRV00015,VEH0007,2023-09-28,2023-10-01,Delivered,1,3.06,48
DLV00002467,DLVORD00002300,DRV00032,VEH0034,2022-11-11,2022-11-11,Delivered,1,11.92,35
DLV00002468,DLVORD00002258,DRV00070,VEH0047,2024-05-29,,Rescheduled,1,3.19,37
DLV00002469,DLVORD00002786,DRV00059,VEH0013,2022-01-21,2022-01-27,Delivered,1,4.86,69
DLV00002470,DLVORD00001309,DRV00052,VEH0050,2024-05-22,2024-05-24,Delivered,1,16.08,11
DLV00002471,DLVORD00002149,DRV00030,VEH0003,2022-05-16,,Failed,1,2.33,76
DLV00002472,DLVORD00000473,DRV00012,VEH0039,2024-06-24,2024-06-26,Delivered,1,17.92,46
DLV00002473,DLVORD00001189,DRV00029,VEH0038,2022-12-22,2022-12-22,Delivered,1,27.77,63
DLV00002474,DLVORD00001461,DRV00050,VEH0042,2023-03-02,2023-03-02,Delivered,1,8.36,60
DLV00002475,DLVORD00001531,DRV00048,VEH0050,2022-06-01,2022-06-02,Delivered,1,23.83,78
DLV00002476,DLVORD00001633,DRV00070,VEH0036,2023-04-02,2023-04-04,Delivered,1,21.03,23
DLV00002477,DLVORD00001962,DRV00039,VEH0041,2022-06-08,2022-06-12,Delivered,1,21.19,76
DLV00002478,DLVORD00000660,DRV00053,VEH0032,2023-09-08,,Failed,1,26.62,30
DLV00002479,DLVORD00001514,DRV00028,VEH0013,2024-02-09,2024-02-11,Delivered,1,8.7,80
DLV00002480,DLVORD00000705,DRV00010,VEH0011,2023-09-05,2023-09-05,Delivered,1,7.02,66
DLV00002481,DLVORD00000467,DRV00012,VEH0013,2023-09-22,2023-09-22,Delivered,1,11.5,55
DLV00002482,DLVORD00000913,DRV00026,VEH0019,2024-06-09,2024-06-10,Delivered,1,14.46,85
DLV00002483,DLVORD00001322,DRV00053,VEH0029,2023-06-03,2023-06-06,Delivered,1,3.93,38
DLV00002484,DLVORD00001932,DRV00034,VEH0049,2023-01-11,2023-01-11,Delivered,1,21.57,37
DLV00002485,DLVORD00002397,DRV00079,VEH0025,2024-08-01,2024-08-02,Delivered,1,12.46,22
DLV00002486,DLVORD00002477,DRV00073,VEH0023,2023-10-10,2023-10-10,Delivered,1,28.21,68
DLV00002487,DLVORD00002401,DRV00023,VEH0042,2024-10-10,2024-10-10,Delivered,1,23.96,10
DLV00002488,DLVORD00002102,DRV00021,VEH0005,2023-01-21,2023-01-21,Delivered,1,25.16,18
DLV00002489,DLVORD00001271,DRV00044,VEH0003,2024-09-02,2024-09-02,Delivered,1,11.66,6
DLV00002490,DLVORD00001603,DRV00030,VEH0027,2023-02-20,2023-02-24,Delivered,1,8.29,63
DLV00002491,DLVORD00002948,DRV00025,VEH0047,2023-05-05,2023-05-05,Delivered,1,9.46,25
DLV00002492,DLVORD00000950,DRV00011,VEH0021,2023-05-19,,Failed,1,27.8,48
DLV00002493,DLVORD00000377,DRV00036,VEH0031,2024-07-26,2024-07-26,Delivered,1,4.18,72
DLV00002494,DLVORD00002564,DRV00056,VEH0030,2023-10-20,,Failed,1,13.22,40
DLV00002495,DLVORD00002938,DRV00014,VEH0020,2022-01-17,2022-01-17,Delivered,1,15.02,34
DLV00002496,DLVORD00002731,DRV00006,VEH0017,2024-06-16,2024-06-17,Delivered,1,12.92,34
DLV00002497,DLVORD00001092,DRV00033,VEH0043,2023-04-04,,Failed,1,8.18,89
DLV00002498,DLVORD00000936,DRV00026,VEH0034,2023-02-11,2023-02-11,Delivered,1,23.33,82
DLV00002499,DLVORD00001189,DRV00025,VEH0021,2022-12-21,2022-12-21,Delivered,1,25.51,52
DLV00002500,DLVORD00000957,DRV00037,VEH0037,2023-07-16,2023-07-26,Delivered,1,15.57,34
DLV00002501,DLVORD00002594,DRV00080,VEH0035,2022-10-05,2022-10-09,Delivered,1,11.37,22
DLV00002502,DLVORD00000643,DRV00071,VEH0045,2023-07-19,,Failed,1,9.3,47
DLV00002503,DLVORD00002538,DRV00039,VEH0049,2022-12-22,2022-12-27,Delivered,1,2.29,85
DLV00002504,DLVORD00000430,DRV00047,VEH0047,2023-11-18,,Pending,1,29.77,86
DLV00002505,DLVORD00000331,DRV00038,VEH0016,2023-11-19,2023-11-19,Delivered,1,21.47,84
DLV00002506,DLVORD00001972,DRV00068,VEH0043,2023-11-09,2023-11-17,Delivered,1,26.87,32
DLV00002507,DLVORD00002686,DRV00046,VEH0004,2023-10-12,,Pending,2,24.76,46
DLV00002508,DLVORD00001535,DRV00074,VEH0012,2023-06-22,2023-06-22,Delivered,1,8.24,86
DLV00002509,DLVORD00000513,DRV00008,VEH0028,2023-12-10,,Failed,1,16.39,29
DLV00002510,DLVORD00000032,DRV00039,VEH0035,2023-01-13,2023-01-13,Delivered,1,21.79,79
DLV00002511,DLVORD00000396,DRV00032,VEH0009,2024-04-23,2024-04-27,Delivered,1,24.56,64
DLV00002512,DLVORD00001941,DRV00075,VEH0019,2024-04-11,,Failed,2,28.0,10
DLV00002513,DLVORD00002803,DRV00040,VEH0001,2024-12-26,2024-12-27,Delivered,1,21.64,86
DLV00002514,DLVORD00001552,DRV00073,VEH0009,2024-03-07,2024-03-08,Delivered,1,7.15,48
DLV00002515,DLVORD00000690,DRV00030,VEH0020,2023-09-14,2023-09-14,Delivered,1,9.29,22
DLV00002516,DLVORD00000137,DRV00025,VEH0036,2022-02-01,2022-02-01,Delivered,1,3.41,52
DLV00002517,DLVORD00001208,DRV00034,VEH0041,2024-04-09,2024-04-09,Delivered,1,29.37,42
DLV00002518,DLVORD00001934,DRV00046,VEH0033,2024-10-02,2024-10-02,Delivered,1,9.54,61
DLV00002519,DLVORD00001909,DRV00033,VEH0024,2023-05-10,,Rescheduled,1,25.53,90
DLV00002520,DLVORD00000568,DRV00035,VEH0043,2023-09-15,,Failed,1,11.6,87
DLV00002521,DLVORD00000546,DRV00056,VEH0011,2023-08-19,2023-08-29,Delivered,1,2.99,11
DLV00002522,DLVORD00002706,DRV00064,VEH0014,2024-07-09,,Failed,1,16.18,37
DLV00002523,DLVORD00001949,DRV00057,VEH0009,2023-04-17,,Pending,1,14.27,50
DLV00002524,DLVORD00002192,DRV00063,VEH0006,2022-06-20,2022-06-20,Delivered,2,16.64,76
DLV00002525,DLVORD00000444,DRV00018,VEH0044,2024-03-16,2024-03-16,Delivered,1,26.19,60
DLV00002526,DLVORD00002607,DRV00046,VEH0028,2023-06-08,2023-06-08,Delivered,1,21.81,76
DLV00002527,DLVORD00001993,DRV00034,VEH0042,2023-11-13,2023-11-21,Delivered,1,29.29,22
DLV00002528,DLVORD00000009,DRV00001,VEH0028,2024-03-14,2024-03-14,Delivered,1,13.22,62
DLV00002529,DLVORD00001522,DRV00038,VEH0028,2023-02-07,,Pending,1,2.49,43
DLV00002530,DLVORD00002453,DRV00070,VEH0015,2024-02-16,2024-02-21,Delivered,1,27.67,79
DLV00002531,DLVORD00002527,DRV00055,VEH0043,2023-06-01,2023-06-01,Delivered,1,14.44,79
DLV00002532,DLVORD00000455,DRV00041,VEH0017,2022-11-10,2022-11-10,Delivered,1,1.81,42
DLV00002533,DLVORD00001550,DRV00053,VEH0045,2023-03-08,2023-03-08,Delivered,3,26.74,27
DLV00002534,DLVORD00000888,DRV00019,VEH0032,2024-07-21,2024-07-25,Delivered,1,12.96,75
DLV00002535,DLVORD00000996,DRV00042,VEH0020,2023-04-12,2023-04-12,Delivered,1,6.73,28
DLV00002536,DLVORD00002909,DRV00031,VEH0036,2022-08-09,2022-08-09,Delivered,1,4.36,49
DLV00002537,DLVORD00000444,DRV00063,VEH0001,2024-03-15,2024-03-16,Delivered,1,6.17,47
DLV00002538,DLVORD00002020,DRV00069,VEH0042,2024-03-05,2024-03-05,Delivered,1,9.61,12
DLV00002539,DLVORD00002105,DRV00021,VEH0033,2024-05-24,2024-05-24,Delivered,1,17.7,29
DLV00002540,DLVORD00001247,DRV00047,VEH0033,2024-01-01,2024-01-01,Delivered,1,6.94,61
DLV00002541,DLVORD00002176,DRV00015,VEH0030,2023-04-23,2023-04-23,Delivered,1,13.28,64
DLV00002542,DLVORD00002470,DRV00011,VEH0017,2023-07-28,2023-07-28,Delivered,1,28.45,32
DLV00002543,DLVORD00001315,DRV00003,VEH0050,2023-08-17,2023-08-17,Delivered,1,22.8,70
DLV00002544,DLVORD00002810,DRV00032,VEH0024,2024-02-04,,Rescheduled,1,2.98,49
DLV00002545,DLVORD00002370,DRV00080,VEH0030,2022-04-23,2022-04-23,Delivered,1,16.31,41
DLV00002546,DLVORD00000121,DRV00012,VEH0025,2023-12-14,2023-12-23,Delivered,1,23.39,75
DLV00002547,DLVORD00002945,DRV00037,VEH0021,2022-10-05,2022-10-05,Delivered,1,26.43,63
DLV00002548,DLVORD00000069,DRV00048,VEH0026,2023-02-25,2023-02-25,Delivered,2,23.29,84
DLV00002549,DLVORD00000947,DRV00051,VEH0002,2024-04-10,2024-04-10,Delivered,1,12.49,84
DLV00002550,DLVORD00002116,DRV00033,VEH0017,2023-11-25,2023-11-28,Delivered,1,18.24,69
DLV00002551,DLVORD00002819,DRV00038,VEH0043,2022-10-25,2022-10-27,Delivered,1,26.76,68
DLV00002552,DLVORD00002108,DRV00064,VEH0041,2023-03-25,2023-03-25,Delivered,1,12.34,14
DLV00002553,DLVORD00000382,DRV00075,VEH0046,2023-08-25,,Failed,1,28.95,14
DLV00002554,DLVORD00000674,DRV00049,VEH0026,2023-07-23,2023-07-29,Delivered,1,15.85,42
DLV00002555,DLVORD00002494,DRV00050,VEH0036,2024-01-14,2024-01-18,Delivered,1,12.16,60
DLV00002556,DLVORD00000003,DRV00002,VEH0003,2023-09-01,2023-09-01,Delivered,1,26.13,64
DLV00002557,DLVORD00002012,DRV00008,VEH0020,2024-04-26,,Failed,1,8.24,77
DLV00002558,DLVORD00000964,DRV00070,VEH0047,2023-08-03,2023-08-15,Delivered,1,7.0,84
DLV00002559,DLVORD00002324,DRV00051,VEH0041,2022-08-15,2022-08-15,Delivered,1,5.98,83
DLV00002560,DLVORD00002523,DRV00050,VEH0009,2023-11-14,,Rescheduled,1,5.73,72
DLV00002561,DLVORD00002107,DRV00023,VEH0044,2022-06-15,2022-06-17,Delivered,1,28.85,10
DLV00002562,DLVORD00000449,DRV00047,VEH0011,2022-12-30,2022-12-31,Delivered,1,8.13,77
DLV00002563,DLVORD00001413,DRV00013,VEH0007,2023-05-13,2023-05-14,Delivered,1,28.25,71
DLV00002564,DLVORD00000143,DRV00041,VEH0040,2024-03-12,2024-03-12,Delivered,1,23.83,5
DLV00002565,DLVORD00001476,DRV00059,VEH0049,2024-05-23,2024-05-25,Delivered,1,28.85,69
DLV00002566,DLVORD00000778,DRV00004,VEH0014,2022-02-05,2022-02-06,Delivered,1,28.79,16
DLV00002567,DLVORD00001775,DRV00073,VEH0041,2023-04-25,2023-04-28,Delivered,1,16.4,51
DLV00002568,DLVORD00000610,DRV00041,VEH0042,2023-03-13,2023-03-13,Delivered,1,20.42,68
DLV00002569,DLVORD00000032,DRV00011,VEH0038,2023-01-12,2023-01-12,Delivered,1,17.6,41
DLV00002570,DLVORD00001126,DRV00060,VEH0035,2023-09-16,2023-09-16,Delivered,1,16.56,48
DLV00002571,DLVORD00001938,DRV00046,VEH0021,2022-10-01,2022-10-05,Delivered,1,29.17,22
DLV00002572,DLVORD00001530,DRV00041,VEH0025,2023-12-21,2023-12-21,Delivered,1,22.34,70
DLV00002573,DLVORD00001918,DRV00031,VEH0020,2023-06-18,2023-06-18,Delivered,1,26.05,9
DLV00002574,DLVORD00001930,DRV00076,VEH0021,2023-04-09,,Rescheduled,1,20.31,29
DLV00002575,DLVORD00002972,DRV00021,VEH0037,2023-07-16,2023-07-16,Delivered,1,5.9,41
DLV00002576,DLVORD00001504,DRV00039,VEH0050,2023-04-02,2023-04-02,Delivered,1,19.4,76
DLV00002577,DLVORD00000489,DRV00018,VEH0029,2024-04-15,2024-04-16,Delivered,1,16.09,34
DLV00002578,DLVORD00002453,DRV00065,VEH0013,2024-02-17,2024-02-23,Delivered,1,15.84,63
DLV00002579,DLVORD00000577,DRV00040,VEH0026,2023-02-05,,Failed,1,21.17,71
DLV00002580,DLVORD00000875,DRV00040,VEH0014,2024-05-12,,Pending,1,24.59,5
DLV00002581,DLVORD00001213,DRV00052,VEH0033,2022-11-08,2022-11-09,Delivered,1,20.06,75
DLV00002582,DLVORD00000175,DRV00023,VEH0013,2023-05-10,2023-05-10,Delivered,1,7.63,68
DLV00002583,DLVORD00000587,DRV00062,VEH0016,2024-02-08,2024-02-08,Delivered,1,25.59,69
DLV00002584,DLVORD00001736,DRV00077,VEH0049,2023-01-12,2023-01-12,Delivered,1,9.76,31
DLV00002585,DLVORD00000089,DRV00036,VEH0035,2022-02-27,2022-02-27,Delivered,1,7.04,34
DLV00002586,DLVORD00001933,DRV00030,VEH0006,2024-07-09,2024-07-09,Delivered,1,14.9,83
DLV00002587,DLVORD00002855,DRV00049,VEH0015,2023-03-11,2023-03-16,Delivered,1,8.48,85
DLV00002588,DLVORD00001570,DRV00078,VEH0006,2024-02-08,2024-02-08,Delivered,1,20.35,16
DLV00002589,DLVORD00001335,DRV00019,VEH0037,2023-09-21,,Failed,1,19.28,35
DLV00002590,DLVORD00001927,DRV00013,VEH0043,2023-01-20,,Failed,1,23.43,50
DLV00002591,DLVORD00002851,DRV00068,VEH0043,2024-06-06,2024-06-06,Delivered,1,22.8,81
DLV00002592,DLVORD00001574,DRV00079,VEH0043,2024-10-13,2024-10-23,Delivered,1,4.81,36
DLV00002593,DLVORD00000600,DRV00023,VEH0031,2023-10-15,2023-10-15,Delivered,1,26.96,60
DLV00002594,DLVORD00001223,DRV00036,VEH0045,2022-10-31,,Pending,1,21.41,23
DLV00002595,DLVORD00001113,DRV00005,VEH0030,2024-08-22,,Rescheduled,1,25.69,41
DLV00002596,DLVORD00001597,DRV00048,VEH0013,2023-05-26,2023-05-26,Delivered,1,2.97,64
DLV00002597,DLVORD00001341,DRV00068,VEH0021,2024-06-06,2024-06-08,Delivered,1,21.03,7
DLV00002598,DLVORD00002711,DRV00032,VEH0013,2022-09-24,,Rescheduled,1,6.03,66
DLV00002599,DLVORD00002288,DRV00061,VEH0017,2024-10-03,2024-10-03,Delivered,1,11.19,77
DLV00002600,DLVORD00000475,DRV00068,VEH0004,2022-05-31,2022-06-10,Delivered,1,26.84,59
DLV00002601,DLVORD00000175,DRV00035,VEH0015,2023-05-09,,Failed,1,7.67,25
DLV00002602,DLVORD00002042,DRV00018,VEH0027,2024-03-24,2024-03-26,Delivered,1,5.84,42
DLV00002603,DLVORD00001859,DRV00006,VEH0027,2024-06-28,2024-06-28,Delivered,1,22.54,14
DLV00002604,DLVORD00000758,DRV00023,VEH0027,2023-09-12,2023-09-12,Delivered,1,1.96,36
DLV00002605,DLVORD00002284,DRV00060,VEH0028,2024-11-30,2024-11-30,Delivered,1,29.46,74
DLV00002606,DLVORD00001297,DRV00079,VEH0028,2023-08-31,2023-09-01,Delivered,1,29.14,86
DLV00002607,DLVORD00001880,DRV00033,VEH0021,2024-01-10,2024-01-10,Delivered,1,8.21,42
DLV00002608,DLVORD00001196,DRV00008,VEH0020,2023-07-24,2023-07-24,Delivered,1,18.79,21
DLV00002609,DLVORD00002394,DRV00078,VEH0002,2024-06-08,2024-06-10,Delivered,1,8.23,25
DLV00002610,DLVORD00001861,DRV00044,VEH0010,2023-11-28,2023-11-29,Delivered,1,13.75,56
DLV00002611,DLVORD00001490,DRV00016,VEH0010,2024-02-24,2024-02-25,Delivered,1,23.9,68
DLV00002612,DLVORD00002389,DRV00027,VEH0014,2024-11-23,2024-11-23,Delivered,1,28.61,29
DLV00002613,DLVORD00001303,DRV00013,VEH0003,2024-10-17,2024-10-17,Delivered,1,14.27,16
DLV00002614,DLVORD00001093,DRV00020,VEH0021,2024-05-15,2024-05-15,Delivered,1,12.36,50
DLV00002615,DLVORD00002654,DRV00008,VEH0041,2025-01-01,2025-01-01,Delivered,1,6.55,65
DLV00002616,DLVORD00002831,DRV00025,VEH0016,2023-08-21,2023-08-21,Delivered,1,1.73,31
DLV00002617,DLVORD00002871,DRV00029,VEH0036,2023-05-13,,Rescheduled,1,29.27,71
DLV00002618,DLVORD00002765,DRV00055,VEH0023,2023-09-29,2023-09-29,Delivered,1,24.94,18
DLV00002619,DLVORD00000910,DRV00052,VEH0036,2023-09-24,2023-09-24,Delivered,1,4.51,54
DLV00002620,DLVORD00002092,DRV00075,VEH0035,2024-01-12,2024-01-12,Delivered,1,19.83,15
DLV00002621,DLVORD00001320,DRV00070,VEH0041,2022-11-13,2022-11-20,Delivered,1,3.6,38
DLV00002622,DLVORD00002933,DRV00023,VEH0044,2024-10-09,,Pending,1,24.97,10
DLV00002623,DLVORD00000917,DRV00049,VEH0036,2023-06-30,2023-06-30,Delivered,1,23.81,63
DLV00002624,DLVORD00001066,DRV00074,VEH0030,2024-02-11,2024-02-11,Delivered,1,10.07,35
DLV00002625,DLVORD00000222,DRV00021,VEH0045,2024-07-02,2024-07-03,Delivered,1,6.76,42
DLV00002626,DLVORD00001182,DRV00073,VEH0003,2022-08-07,,Pending,1,7.47,81
DLV00002627,DLVORD00000414,DRV00061,VEH0050,2022-11-13,,Pending,1,10.6,25
DLV00002628,DLVORD00001856,DRV00020,VEH0023,2024-08-22,,Pending,1,1.35,57
DLV00002629,DLVORD00001663,DRV00039,VEH0015,2024-03-27,,Failed,1,8.26,87
DLV00002630,DLVORD00000602,DRV00002,VEH0018,2023-04-27,,Failed,1,9.0,53
DLV00002631,DLVORD00002722,DRV00021,VEH0045,2024-11-20,,Failed,1,10.26,68
DLV00002632,DLVORD00001964,DRV00047,VEH0043,2024-07-01,,Pending,1,26.54,60
DLV00002633,DLVORD00001352,DRV00051,VEH0002,2024-04-08,2024-04-08,Delivered,1,1.23,56
DLV00002634,DLVORD00001174,DRV00038,VEH0011,2023-07-07,2023-07-07,Delivered,1,18.4,62
DLV00002635,DLVORD00002102,DRV00048,VEH0048,2023-01-19,,Rescheduled,1,23.59,23
DLV00002636,DLVORD00002572,DRV00079,VEH0017,2023-11-28,,Failed,1,26.16,80
DLV00002637,DLVORD00002437,DRV00016,VEH0007,2023-10-04,,Pending,1,17.37,26
DLV00002638,DLVORD00001102,DRV00001,VEH0028,2024-04-29,2024-04-29,Delivered,1,25.98,74
DLV00002639,DLVORD00002488,DRV00041,VEH0002,2023-04-11,2023-04-11,Delivered,1,28.85,54
DLV00002640,DLVORD00002593,DRV00019,VEH0018,2023-01-07,2023-01-09,Delivered,1,17.38,67
DLV00002641,DLVORD00001691,DRV00073,VEH0035,2022-05-21,2022-05-30,Delivered,1,18.3,33
DLV00002642,DLVORD00000880,DRV00070,VEH0027,2022-03-04,2022-03-07,Delivered,1,13.45,20
DLV00002643,DLVORD00000687,DRV00080,VEH0043,2024-02-19,,Pending,1,18.4,11
DLV00002644,DLVORD00001581,DRV00076,VEH0004,2023-08-07,2023-08-13,Delivered,1,3.41,72
DLV00002645,DLVORD00000146,DRV00040,VEH0048,2024-09-04,2024-09-04,Delivered,1,17.47,60
DLV00002646,DLVORD00002998,DRV00073,VEH0022,2024-06-15,2024-06-18,Delivered,1,18.45,46
DLV00002647,DLVORD00000634,DRV00067,VEH0037,2022-07-24,,Pending,1,19.49,39
DLV00002648,DLVORD00001923,DRV00018,VEH0005,2023-11-10,2023-11-16,Delivered,1,21.55,75
DLV00002649,DLVORD00001504,DRV00063,VEH0031,2023-04-01,2023-04-01,Delivered,1,21.92,30
DLV00002650,DLVORD00001492,DRV00012,VEH0043,2022-10-27,,Pending,1,9.51,58
DLV00002651,DLVORD00002159,DRV00056,VEH0023,2023-09-26,2023-09-26,Delivered,1,15.46,46
DLV00002652,DLVORD00001027,DRV00038,VEH0015,2023-05-10,,Failed,1,16.36,26
DLV00002653,DLVORD00001869,DRV00080,VEH0008,2023-03-07,2023-03-07,Delivered,1,10.49,73
DLV00002654,DLVORD00000605,DRV00047,VEH0024,2023-03-04,2023-03-04,Delivered,1,10.49,5
DLV00002655,DLVORD00000623,DRV00043,VEH0020,2023-09-01,2023-09-01,Delivered,1,15.54,68
DLV00002656,DLVORD00002521,DRV00005,VEH0028,2022-07-26,,Pending,1,8.02,67
DLV00002657,DLVORD00001911,DRV00005,VEH0008,2022-03-26,2022-03-26,Delivered,1,17.91,14
DLV00002658,DLVORD00001013,DRV00077,VEH0020,2022-09-04,,Failed,1,7.25,24
DLV00002659,DLVORD00002083,DRV00006,VEH0029,2024-01-22,,Pending,1,21.68,57
DLV00002660,DLVORD00002638,DRV00043,VEH0040,2023-09-26,2023-09-27,Delivered,1,25.61,13
DLV00002661,DLVORD00001049,DRV00049,VEH0042,2023-11-05,2023-11-06,Delivered,1,10.89,34
DLV00002662,DLVORD00001215,DRV00055,VEH0034,2023-03-24,2023-03-24,Delivered,1,6.16,57
DLV00002663,DLVORD00002955,DRV00079,VEH0003,2024-04-02,2024-04-03,Delivered,1,25.58,9
DLV00002664,DLVORD00000955,DRV00027,VEH0043,2023-01-09,2023-01-09,Delivered,1,14.27,23
DLV00002665,DLVORD00000737,DRV00077,VEH0044,2023-03-12,2023-03-14,Delivered,1,26.82,76
DLV00002666,DLVORD00002327,DRV00030,VEH0002,2023-05-17,2023-05-24,Delivered,1,28.48,29
DLV00002667,DLVORD00002831,DRV00019,VEH0011,2023-08-23,2023-08-23,Delivered,1,18.28,79
DLV00002668,DLVORD00000407,DRV00015,VEH0020,2024-09-08,2024-09-08,Delivered,1,15.48,9
DLV00002669,DLVORD00002994,DRV00004,VEH0007,2024-11-20,2024-11-20,Delivered,1,1.94,29
DLV00002670,DLVORD00000565,DRV00027,VEH0026,2023-03-22,2023-03-23,Delivered,1,16.56,69
DLV00002671,DLVORD00001079,DRV00036,VEH0043,2023-02-06,,Failed,1,27.6,49
DLV00002672,DLVORD00002080,DRV00046,VEH0008,2024-09-07,2024-09-07,Delivered,1,4.96,70
DLV00002673,DLVORD00000578,DRV00025,VEH0043,2023-11-24,2023-11-24,Delivered,1,10.3,19
DLV00002674,DLVORD00001043,DRV00022,VEH0018,2024-07-24,2024-07-24,Delivered,3,11.31,61
DLV00002675,DLVORD00001770,DRV00032,VEH0041,2024-04-28,2024-05-04,Delivered,1,8.08,79
DLV00002676,DLVORD00002608,DRV00077,VEH0005,2024-04-13,2024-04-15,Delivered,1,18.82,20
DLV00002677,DLVORD00001484,DRV00068,VEH0013,2022-05-26,,Pending,1,20.56,81
DLV00002678,DLVORD00001549,DRV00048,VEH0001,2024-08-06,2024-08-11,Delivered,1,22.76,47
DLV00002679,DLVORD00000998,DRV00053,VEH0031,2022-12-04,2022-12-05,Delivered,1,12.93,76
DLV00002680,DLVORD00000304,DRV00070,VEH0013,2024-04-16,,Pending,1,14.0,72
DLV00002681,DLVORD00002800,DRV00016,VEH0028,2023-06-02,2023-06-03,Delivered,1,3.79,16
DLV00002682,DLVORD00001437,DRV00077,VEH0042,2023-06-14,2023-06-14,Delivered,1,9.68,66
DLV00002683,DLVORD00002926,DRV00014,VEH0021,2023-03-27,2023-03-29,Delivered,1,13.92,85
DLV00002684,DLVORD00002615,DRV00014,VEH0027,2023-03-24,2023-03-24,Delivered,1,21.93,7
DLV00002685,DLVORD00001258,DRV00009,VEH0034,2024-08-03,2024-08-03,Delivered,1,23.87,16
DLV00002686,DLVORD00000272,DRV00015,VEH0036,2022-01-26,2022-01-26,Delivered,1,5.31,57
DLV00002687,DLVORD00001283,DRV00029,VEH0049,2022-10-17,2022-10-21,Delivered,1,14.95,84
DLV00002688,DLVORD00001699,DRV00021,VEH0019,2022-09-06,,Failed,1,4.73,74
DLV00002689,DLVORD00000060,DRV00069,VEH0004,2024-03-06,2024-03-06,Delivered,1,1.62,62
DLV00002690,DLVORD00002053,DRV00032,VEH0027,2023-10-08,2023-10-08,Delivered,1,3.36,63
DLV00002691,DLVORD00002711,DRV00031,VEH0034,2022-09-23,2022-09-25,Delivered,1,29.33,44
DLV00002692,DLVORD00000749,DRV00061,VEH0033,2024-01-07,2024-01-10,Delivered,1,11.79,72
DLV00002693,DLVORD00002709,DRV00044,VEH0023,2023-11-29,2023-11-29,Delivered,1,12.34,9
DLV00002694,DLVORD00002823,DRV00044,VEH0032,2023-11-04,,Rescheduled,2,2.81,24
DLV00002695,DLVORD00002427,DRV00043,VEH0020,2023-01-21,,Pending,1,2.18,21
DLV00002696,DLVORD00001563,DRV00067,VEH0005,2024-04-05,2024-04-11,Delivered,1,19.89,47
DLV00002697,DLVORD00001994,DRV00068,VEH0002,2024-12-14,2024-12-14,Delivered,1,14.75,35
DLV00002698,DLVORD00001810,DRV00073,VEH0014,2023-11-09,2023-11-10,Delivered,1,25.81,57
DLV00002699,DLVORD00000479,DRV00023,VEH0030,2024-08-27,2024-09-01,Delivered,2,21.09,24
DLV00002700,DLVORD00000933,DRV00002,VEH0036,2024-04-16,,Failed,1,7.5,18
DLV00002701,DLVORD00000251,DRV00080,VEH0038,2023-12-30,2024-01-07,Delivered,1,7.76,51
DLV00002702,DLVORD00002345,DRV00042,VEH0030,2022-12-15,2022-12-15,Delivered,1,2.04,15
DLV00002703,DLVORD00001388,DRV00051,VEH0015,2024-04-03,2024-04-05,Delivered,1,12.21,5
DLV00002704,DLVORD00002070,DRV00033,VEH0047,2023-10-06,2023-10-06,Delivered,1,3.75,30
DLV00002705,DLVORD00001830,DRV00005,VEH0010,2022-11-02,2022-11-03,Delivered,1,8.12,18
DLV00002706,DLVORD00000852,DRV00051,VEH0002,2023-11-27,2023-11-27,Delivered,1,3.64,38
DLV00002707,DLVORD00000888,DRV00036,VEH0042,2024-07-21,2024-07-29,Delivered,1,21.46,52
DLV00002708,DLVORD00001205,DRV00007,VEH0002,2024-11-19,2024-11-19,Delivered,1,13.05,16
DLV00002709,DLVORD00001714,DRV00023,VEH0016,2022-09-22,2022-09-22,Delivered,1,11.96,34
DLV00002710,DLVORD00001168,DRV00019,VEH0038,2023-11-04,2023-11-04,Delivered,1,8.94,39
DLV00002711,DLVORD00001395,DRV00020,VEH0023,2023-08-07,2023-08-08,Delivered,1,8.02,7
DLV00002712,DLVORD00002591,DRV00070,VEH0026,2024-11-13,,Rescheduled,2,22.13,74
DLV00002713,DLVORD00002091,DRV00080,VEH0021,2023-07-09,,Failed,1,27.32,9
DLV00002714,DLVORD00001985,DRV00074,VEH0014,2023-09-16,2023-09-16,Delivered,1,2.41,32
DLV00002715,DLVORD00002537,DRV00030,VEH0009,2023-05-01,2023-05-06,Delivered,1,11.81,73
DLV00002716,DLVORD00002055,DRV00077,VEH0007,2024-08-07,,Failed,1,16.65,45
DLV00002717,DLVORD00000397,DRV00009,VEH0022,2024-03-04,2024-03-04,Delivered,1,28.46,76
DLV00002718,DLVORD00002162,DRV00004,VEH0032,2022-05-01,2022-05-01,Delivered,1,21.68,73
DLV00002719,DLVORD00001386,DRV00038,VEH0017,2024-07-23,,Rescheduled,1,20.56,44
DLV00002720,DLVORD00000971,DRV00074,VEH0033,2024-03-21,2024-03-21,Delivered,1,10.29,61
DLV00002721,DLVORD00001450,DRV00006,VEH0045,2024-09-19,2024-09-20,Delivered,1,26.6,38
DLV00002722,DLVORD00002717,DRV00060,VEH0034,2024-12-15,,Pending,1,7.64,83
DLV00002723,DLVORD00001873,DRV00075,VEH0032,2024-04-28,2024-04-28,Delivered,1,15.04,28
DLV00002724,DLVORD00000907,DRV00062,VEH0039,2024-01-15,2024-01-21,Delivered,2,22.19,20
DLV00002725,DLVORD00000583,DRV00027,VEH0036,2024-10-20,2024-10-20,Delivered,1,29.37,61
DLV00002726,DLVORD00000615,DRV00037,VEH0025,2022-12-14,,Failed,1,1.19,9
DLV00002727,DLVORD00002021,DRV00035,VEH0021,2023-01-13,2023-01-13,Delivered,1,27.46,34
DLV00002728,DLVORD00002470,DRV00053,VEH0039,2023-07-28,,Pending,1,29.53,87
DLV00002729,DLVORD00000600,DRV00010,VEH0027,2023-10-15,2023-10-15,Delivered,1,7.49,64
DLV00002730,DLVORD00001085,DRV00047,VEH0026,2023-08-12,2023-08-12,Delivered,2,16.61,88
DLV00002731,DLVORD00000821,DRV00023,VEH0015,2024-07-25,,Rescheduled,1,8.74,46
DLV00002732,DLVORD00001134,DRV00028,VEH0020,2024-05-27,2024-05-28,Delivered,1,10.86,27
DLV00002733,DLVORD00001700,DRV00014,VEH0043,2022-11-19,2022-11-21,Delivered,1,7.21,72
DLV00002734,DLVORD00002714,DRV00039,VEH0027,2022-05-22,2022-05-28,Delivered,2,8.73,40
DLV00002735,DLVORD00000162,DRV00008,VEH0004,2024-02-13,,Pending,1,23.67,53
DLV00002736,DLVORD00000655,DRV00059,VEH0003,2023-01-21,,Rescheduled,1,20.6,37
DLV00002737,DLVORD00001232,DRV00074,VEH0042,2022-11-28,2022-12-04,Delivered,1,27.45,6
DLV00002738,DLVORD00001952,DRV00013,VEH0046,2022-11-29,2022-11-29,Delivered,1,19.98,28
DLV00002739,DLVORD00002496,DRV00039,VEH0036,2023-05-22,2023-05-22,Delivered,1,10.75,81
DLV00002740,DLVORD00002195,DRV00031,VEH0022,2022-10-31,2022-10-31,Delivered,1,26.95,85
DLV00002741,DLVORD00002420,DRV00007,VEH0041,2024-06-02,2024-06-02,Delivered,1,28.92,77
DLV00002742,DLVORD00000284,DRV00057,VEH0011,2024-11-24,2024-11-24,Delivered,1,18.48,59
DLV00002743,DLVORD00000577,DRV00026,VEH0035,2023-02-05,2023-02-05,Delivered,1,5.64,30
DLV00002744,DLVORD00001808,DRV00025,VEH0028,2024-04-09,2024-04-09,Delivered,2,26.81,57
DLV00002745,DLVORD00002322,DRV00056,VEH0003,2024-06-24,2024-06-26,Delivered,1,29.53,70
DLV00002746,DLVORD00001199,DRV00074,VEH0014,2023-09-12,2023-09-12,Delivered,1,22.82,57
DLV00002747,DLVORD00001675,DRV00078,VEH0001,2024-01-26,,Failed,1,2.48,85
DLV00002748,DLVORD00002547,DRV00010,VEH0016,2023-10-21,2023-10-25,Delivered,1,2.8,83
DLV00002749,DLVORD00002578,DRV00030,VEH0047,2023-12-17,,Failed,1,28.02,84
DLV00002750,DLVORD00001840,DRV00029,VEH0028,2024-02-16,,Rescheduled,1,23.67,51
DLV00002751,DLVORD00002613,DRV00056,VEH0034,2023-08-08,2023-08-09,Delivered,1,1.83,15
DLV00002752,DLVORD00002516,DRV00049,VEH0015,2023-05-25,2023-05-25,Delivered,1,9.18,60
DLV00002753,DLVORD00001674,DRV00076,VEH0019,2023-06-13,2023-06-18,Delivered,1,24.55,32
DLV00002754,DLVORD00001590,DRV00025,VEH0028,2023-02-24,,Rescheduled,1,29.71,14
DLV00002755,DLVORD00002928,DRV00079,VEH0035,2023-02-15,2023-02-15,Delivered,1,13.41,42
DLV00002756,DLVORD00001344,DRV00043,VEH0021,2023-11-19,,Rescheduled,1,30.0,63
DLV00002757,DLVORD00000622,DRV00056,VEH0025,2024-06-08,2024-06-09,Delivered,1,14.91,62
DLV00002758,DLVORD00001245,DRV00026,VEH0032,2024-03-18,2024-03-19,Delivered,1,5.59,90
DLV00002759,DLVORD00002894,DRV00069,VEH0028,2023-10-10,2023-10-10,Delivered,1,13.79,57
DLV00002760,DLVORD00002918,DRV00068,VEH0041,2023-02-26,2023-03-01,Delivered,1,9.67,57
DLV00002761,DLVORD00002665,DRV00032,VEH0039,2023-12-03,2023-12-08,Delivered,1,20.26,38
DLV00002762,DLVORD00002711,DRV00002,VEH0010,2022-09-23,2022-09-25,Delivered,1,6.14,33
DLV00002763,DLVORD00001293,DRV00014,VEH0002,2022-07-20,2022-07-20,Delivered,1,1.15,31
DLV00002764,DLVORD00000268,DRV00001,VEH0011,2024-03-02,2024-03-02,Delivered,1,27.46,9
DLV00002765,DLVORD00002903,DRV00011,VEH0029,2023-02-26,2023-02-26,Delivered,1,8.13,84
DLV00002766,DLVORD00002238,DRV00073,VEH0002,2022-07-16,,Failed,1,13.0,39
DLV00002767,DLVORD00000215,DRV00074,VEH0021,2023-06-28,2023-06-29,Delivered,1,3.02,64
DLV00002768,DLVORD00002776,DRV00057,VEH0006,2024-04-24,,Pending,1,10.0,60
DLV00002769,DLVORD00000891,DRV00010,VEH0001,2024-02-10,2024-02-10,Delivered,1,5.74,35
DLV00002770,DLVORD00002784,DRV00010,VEH0040,2023-09-07,2023-09-07,Delivered,1,12.51,19
DLV00002771,DLVORD00000348,DRV00027,VEH0037,2024-12-17,2024-12-20,Delivered,1,8.3,88
DLV00002772,DLVORD00002313,DRV00038,VEH0039,2024-01-17,2024-01-17,Delivered,1,19.46,55
DLV00002773,DLVORD00000361,DRV00019,VEH0003,2024-05-20,2024-06-01,Delivered,1,6.24,69
DLV00002774,DLVORD00001412,DRV00001,VEH0008,2024-03-17,,Pending,1,7.68,13
DLV00002775,DLVORD00000676,DRV00027,VEH0045,2023-06-09,,Failed,1,3.81,83
DLV00002776,DLVORD00002084,DRV00018,VEH0010,2024-10-25,,Rescheduled,1,28.84,8
DLV00002777,DLVORD00000640,DRV00028,VEH0030,2024-08-25,2024-08-25,Delivered,1,29.93,90
DLV00002778,DLVORD00000295,DRV00041,VEH0019,2024-04-21,2024-04-21,Delivered,1,27.56,18
DLV00002779,DLVORD00002781,DRV00029,VEH0033,2024-12-10,2024-12-10,Delivered,1,24.46,66
DLV00002780,DLVORD00000800,DRV00049,VEH0050,2022-12-21,2022-12-27,Delivered,1,16.49,69
DLV00002781,DLVORD00002109,DRV00009,VEH0025,2024-09-30,2024-09-30,Delivered,2,9.1,33
DLV00002782,DLVORD00000959,DRV00051,VEH0036,2023-01-05,2023-01-05,Delivered,1,15.01,52
DLV00002783,DLVORD00000594,DRV00043,VEH0026,2023-12-06,2023-12-06,Delivered,1,4.36,50
DLV00002784,DLVORD00001525,DRV00080,VEH0045,2023-04-06,2023-04-08,Delivered,1,1.37,64
DLV00002785,DLVORD00002358,DRV00079,VEH0027,2024-08-26,2024-08-26,Delivered,1,19.8,8
DLV00002786,DLVORD00000409,DRV00055,VEH0036,2024-09-15,2024-09-15,Delivered,1,10.69,68
DLV00002787,DLVORD00001440,DRV00067,VEH0030,2024-03-02,2024-03-02,Delivered,1,17.88,23
DLV00002788,DLVORD00000293,DRV00015,VEH0022,2022-08-10,,Pending,1,8.3,13
DLV00002789,DLVORD00000390,DRV00064,VEH0040,2022-11-12,2022-11-12,Delivered,1,14.69,50
DLV00002790,DLVORD00000554,DRV00056,VEH0023,2023-08-27,2023-09-04,Delivered,1,8.92,82
DLV00002791,DLVORD00001852,DRV00032,VEH0045,2024-11-22,,Pending,1,16.56,14
DLV00002792,DLVORD00000529,DRV00050,VEH0046,2024-07-31,,Failed,1,3.14,28
DLV00002793,DLVORD00002132,DRV00050,VEH0028,2022-11-29,2022-11-29,Delivered,1,26.84,78
DLV00002794,DLVORD00002351,DRV00021,VEH0015,2023-11-20,,Failed,1,8.85,22
DLV00002795,DLVORD00000796,DRV00020,VEH0039,2024-12-12,2024-12-12,Delivered,1,2.72,32
DLV00002796,DLVORD00000975,DRV00075,VEH0025,2022-03-06,2022-03-06,Delivered,1,23.14,60
DLV00002797,DLVORD00001433,DRV00056,VEH0027,2023-06-02,2023-06-02,Delivered,1,17.4,21
DLV00002798,DLVORD00001378,DRV00005,VEH0045,2023-04-27,2023-04-27,Delivered,1,16.22,25
DLV00002799,DLVORD00000875,DRV00049,VEH0042,2024-05-12,2024-05-12,Delivered,1,16.02,86
DLV00002800,DLVORD00001360,DRV00001,VEH0008,2023-11-30,2023-12-04,Delivered,1,25.78,60
DLV00002801,DLVORD00002673,DRV00031,VEH0023,2023-10-23,2023-10-25,Delivered,1,25.64,28
DLV00002802,DLVORD00002605,DRV00022,VEH0002,2022-03-02,2022-03-02,Delivered,1,29.32,51
DLV00002803,DLVORD00000268,DRV00022,VEH0050,2024-03-01,2024-03-03,Delivered,1,4.85,25
DLV00002804,DLVORD00001896,DRV00033,VEH0008,2024-05-28,2024-05-30,Delivered,1,24.58,65
DLV00002805,DLVORD00000105,DRV00023,VEH0012,2024-02-23,,Failed,1,8.07,90
DLV00002806,DLVORD00002835,DRV00065,VEH0041,2024-05-03,2024-05-03,Delivered,1,4.54,70
DLV00002807,DLVORD00001730,DRV00023,VEH0010,2024-03-12,,Failed,1,12.5,80
DLV00002808,DLVORD00002278,DRV00029,VEH0032,2023-07-19,2023-07-19,Delivered,1,9.61,60
DLV00002809,DLVORD00001742,DRV00007,VEH0043,2024-01-03,,Pending,1,15.54,32
DLV00002810,DLVORD00000410,DRV00059,VEH0011,2024-10-12,2024-10-12,Delivered,1,22.02,49
DLV00002811,DLVORD00002787,DRV00064,VEH0026,2023-04-18,2023-04-18,Delivered,1,12.16,90
DLV00002812,DLVORD00000978,DRV00005,VEH0023,2024-10-28,2024-10-29,Delivered,1,1.08,31
DLV00002813,DLVORD00000865,DRV00070,VEH0021,2022-09-03,2022-09-07,Delivered,1,4.57,6
DLV00002814,DLVORD00001390,DRV00002,VEH0007,2022-07-01,,Rescheduled,1,20.79,58
DLV00002815,DLVORD00000054,DRV00040,VEH0026,2022-09-08,2022-09-15,Delivered,1,9.47,5
DLV00002816,DLVORD00001980,DRV00061,VEH0015,2023-11-18,2023-11-18,Delivered,1,2.96,25
DLV00002817,DLVORD00002931,DRV00054,VEH0024,2024-05-24,2024-05-27,Delivered,1,5.53,86
DLV00002818,DLVORD00000702,DRV00004,VEH0002,2022-11-17,,Pending,1,27.13,9
DLV00002819,DLVORD00001445,DRV00052,VEH0030,2024-12-06,2024-12-06,Delivered,1,28.82,6
DLV00002820,DLVORD00001985,DRV00032,VEH0031,2023-09-14,2023-09-16,Delivered,1,4.94,41
DLV00002821,DLVORD00002552,DRV00002,VEH0011,2023-11-25,2023-11-25,Delivered,1,12.24,51
DLV00002822,DLVORD00002018,DRV00032,VEH0040,2023-07-11,2023-07-19,Delivered,1,6.25,40
DLV00002823,DLVORD00001097,DRV00011,VEH0011,2023-05-27,,Failed,1,1.2,13
DLV00002824,DLVORD00002793,DRV00010,VEH0025,2023-12-15,2023-12-15,Delivered,1,28.65,8
DLV00002825,DLVORD00002404,DRV00055,VEH0014,2024-04-18,,Pending,1,23.57,22
DLV00002826,DLVORD00002510,DRV00033,VEH0023,2024-03-24,2024-03-25,Delivered,1,6.3,57
DLV00002827,DLVORD00000016,DRV00018,VEH0021,2024-09-09,2024-09-09,Delivered,1,17.03,18
DLV00002828,DLVORD00000199,DRV00032,VEH0018,2022-05-02,2022-05-02,Delivered,1,7.67,40
DLV00002829,DLVORD00001940,DRV00022,VEH0023,2023-04-12,,Rescheduled,1,26.19,17
DLV00002830,DLVORD00002602,DRV00027,VEH0043,2023-03-04,2023-03-12,Delivered,1,15.65,66
DLV00002831,DLVORD00002154,DRV00040,VEH0022,2023-09-08,2023-09-09,Delivered,1,17.17,8
DLV00002832,DLVORD00001492,DRV00035,VEH0042,2022-10-27,,Rescheduled,1,7.09,87
DLV00002833,DLVORD00001546,DRV00073,VEH0021,2023-01-28,2023-02-05,Delivered,1,29.65,7
DLV00002834,DLVORD00000412,DRV00026,VEH0047,2022-05-14,2022-05-14,Delivered,1,13.05,6
DLV00002835,DLVORD00001346,DRV00019,VEH0025,2022-06-29,2022-06-29,Delivered,1,5.92,81
DLV00002836,DLVORD00002116,DRV00034,VEH0013,2023-11-27,2023-11-27,Delivered,1,11.4,74
DLV00002837,DLVORD00000405,DRV00056,VEH0043,2022-07-23,,Rescheduled,1,20.01,29
DLV00002838,DLVORD00002229,DRV00056,VEH0048,2024-07-22,2024-07-22,Delivered,1,18.7,69
DLV00002839,DLVORD00000463,DRV00057,VEH0031,2024-06-15,2024-06-21,Delivered,1,16.89,78
DLV00002840,DLVORD00000986,DRV00003,VEH0036,2024-06-05,2024-06-13,Delivered,1,4.02,85
DLV00002841,DLVORD00001124,DRV00068,VEH0025,2024-06-15,2024-06-15,Delivered,1,14.72,61
DLV00002842,DLVORD00001659,DRV00070,VEH0004,2023-07-27,2023-07-28,Delivered,1,19.53,55
DLV00002843,DLVORD00001608,DRV00064,VEH0046,2023-03-25,,Failed,1,1.79,59
DLV00002844,DLVORD00002230,DRV00063,VEH0032,2022-01-22,,Pending,1,18.46,48
DLV00002845,DLVORD00002755,DRV00077,VEH0014,2023-10-30,2023-10-30,Delivered,1,24.44,15
DLV00002846,DLVORD00002942,DRV00054,VEH0035,2024-03-03,,Failed,1,22.82,26
DLV00002847,DLVORD00001260,DRV00052,VEH0049,2023-04-27,2023-05-04,Delivered,1,14.9,47
DLV00002848,DLVORD00002766,DRV00079,VEH0048,2023-01-09,,Pending,1,22.55,15
DLV00002849,DLVORD00002113,DRV00080,VEH0025,2022-04-29,2022-05-04,Delivered,1,14.76,83
DLV00002850,DLVORD00001221,DRV00030,VEH0020,2023-03-29,,Pending,1,8.31,60
DLV00002851,DLVORD00001835,DRV00064,VEH0021,2024-03-22,2024-03-28,Delivered,2,21.1,59
DLV00002852,DLVORD00001534,DRV00055,VEH0044,2024-04-02,2024-04-04,Delivered,1,19.21,75
DLV00002853,DLVORD00000566,DRV00013,VEH0042,2024-06-19,2024-06-19,Delivered,3,22.69,79
DLV00002854,DLVORD00000741,DRV00065,VEH0033,2023-06-13,2023-06-24,Delivered,1,10.23,20
DLV00002855,DLVORD00000744,DRV00026,VEH0041,2023-01-01,2023-01-01,Delivered,1,14.18,19
DLV00002856,DLVORD00000358,DRV00070,VEH0007,2023-01-14,2023-01-14,Delivered,1,18.38,56
DLV00002857,DLVORD00000815,DRV00022,VEH0037,2024-10-21,2024-10-21,Delivered,1,26.96,22
DLV00002858,DLVORD00001994,DRV00002,VEH0002,2024-12-12,2024-12-12,Delivered,1,14.65,32
DLV00002859,DLVORD00001290,DRV00021,VEH0020,2024-12-21,2024-12-21,Delivered,1,19.31,45
DLV00002860,DLVORD00001969,DRV00068,VEH0048,2024-04-23,,Failed,1,8.44,64
DLV00002861,DLVORD00001856,DRV00012,VEH0048,2024-08-22,2024-08-23,Delivered,1,23.87,35
DLV00002862,DLVORD00001690,DRV00070,VEH0004,2023-10-10,2023-10-15,Delivered,1,4.07,12
DLV00002863,DLVORD00001636,DRV00064,VEH0023,2023-10-14,2023-10-14,Delivered,2,4.84,67
DLV00002864,DLVORD00002568,DRV00052,VEH0038,2023-09-13,2023-09-16,Delivered,1,3.41,55
DLV00002865,DLVORD00002169,DRV00031,VEH0026,2022-09-30,2022-09-30,Delivered,1,15.51,56
DLV00002866,DLVORD00001230,DRV00076,VEH0043,2023-08-29,,Pending,1,5.54,56
DLV00002867,DLVORD00002858,DRV00043,VEH0028,2022-12-22,,Pending,1,15.2,61
DLV00002868,DLVORD00000767,DRV00002,VEH0024,2022-05-09,2022-05-09,Delivered,1,14.98,85
DLV00002869,DLVORD00002055,DRV00010,VEH0030,2024-08-05,2024-08-09,Delivered,1,20.51,66
DLV00002870,DLVORD00001708,DRV00004,VEH0040,2022-10-07,2022-10-08,Delivered,1,23.96,86
DLV00002871,DLVORD00000802,DRV00051,VEH0043,2024-05-28,,Failed,1,17.87,33
DLV00002872,DLVORD00002111,DRV00060,VEH0034,2023-06-25,2023-06-26,Delivered,1,5.19,57
DLV00002873,DLVORD00001955,DRV00035,VEH0044,2023-04-30,2023-04-30,Delivered,1,21.46,20
DLV00002874,DLVORD00002135,DRV00064,VEH0035,2022-11-21,2022-11-28,Delivered,1,23.09,90
DLV00002875,DLVORD00001917,DRV00011,VEH0045,2024-08-02,2024-08-02,Delivered,2,8.42,49
DLV00002876,DLVORD00001625,DRV00073,VEH0022,2023-10-06,2023-10-06,Delivered,1,14.57,22
DLV00002877,DLVORD00001117,DRV00028,VEH0028,2022-08-30,2022-08-30,Delivered,1,12.1,70
DLV00002878,DLVORD00002735,DRV00075,VEH0015,2023-12-29,2023-12-30,Delivered,1,27.64,90
DLV00002879,DLVORD00000065,DRV00026,VEH0025,2023-09-11,2023-09-11,Delivered,1,10.1,88
DLV00002880,DLVORD00000870,DRV00079,VEH0034,2024-11-10,,Rescheduled,1,4.76,47
DLV00002881,DLVORD00002032,DRV00021,VEH0010,2022-11-23,2022-11-23,Delivered,1,11.88,68
DLV00002882,DLVORD00002537,DRV00009,VEH0028,2023-05-02,2023-05-04,Delivered,2,21.69,6
DLV00002883,DLVORD00000835,DRV00049,VEH0026,2023-06-28,,Pending,1,6.84,6
DLV00002884,DLVORD00001618,DRV00036,VEH0021,2023-03-05,2023-03-06,Delivered,1,11.69,60
DLV00002885,DLVORD00001457,DRV00030,VEH0004,2023-05-16,2023-05-16,Delivered,1,19.45,16
DLV00002886,DLVORD00001255,DRV00039,VEH0031,2023-10-01,2023-10-01,Delivered,1,5.08,47
DLV00002887,DLVORD00002673,DRV00014,VEH0034,2023-10-23,2023-10-25,Delivered,1,1.08,16
DLV00002888,DLVORD00002344,DRV00008,VEH0030,2024-11-07,2024-11-13,Delivered,1,4.12,37
DLV00002889,DLVORD00001545,DRV00062,VEH0047,2023-07-21,,Pending,2,28.11,5
DLV00002890,DLVORD00001075,DRV00023,VEH0048,2024-12-29,2024-12-29,Delivered,1,9.45,77
DLV00002891,DLVORD00000353,DRV00012,VEH0031,2023-10-22,2023-10-22,Delivered,1,20.17,41
DLV00002892,DLVORD00002636,DRV00059,VEH0023,2022-03-04,,Pending,1,15.64,49
DLV00002893,DLVORD00000952,DRV00022,VEH0049,2023-09-27,2023-09-30,Delivered,1,3.29,9
DLV00002894,DLVORD00000538,DRV00003,VEH0047,2024-05-26,2024-05-26,Delivered,2,6.36,8
DLV00002895,DLVORD00000306,DRV00029,VEH0049,2023-11-14,2023-11-14,Delivered,1,27.71,14
DLV00002896,DLVORD00002406,DRV00031,VEH0010,2024-04-29,2024-04-29,Delivered,1,4.14,78
DLV00002897,DLVORD00002855,DRV00013,VEH0004,2023-03-11,2023-03-20,Delivered,1,1.15,75
DLV00002898,DLVORD00000043,DRV00029,VEH0013,2022-08-21,2022-08-26,Delivered,1,10.05,47
DLV00002899,DLVORD00001451,DRV00005,VEH0009,2024-05-06,,Failed,1,20.02,60
DLV00002900,DLVORD00000445,DRV00039,VEH0041,2023-02-06,2023-02-07,Delivered,1,25.76,17
DLV00002901,DLVORD00002094,DRV00033,VEH0033,2023-08-11,2023-08-13,Delivered,2,18.68,73
DLV00002902,DLVORD00002361,DRV00079,VEH0007,2023-01-24,,Rescheduled,1,13.68,88
DLV00002903,DLVORD00001145,DRV00057,VEH0006,2023-05-24,2023-05-24,Delivered,1,3.16,47
DLV00002904,DLVORD00001071,DRV00051,VEH0045,2023-10-16,2023-10-22,Delivered,1,10.42,29
DLV00002905,DLVORD00002721,DRV00034,VEH0006,2023-11-27,,Failed,1,18.1,34
DLV00002906,DLVORD00002680,DRV00016,VEH0022,2024-04-08,,Rescheduled,1,1.78,68
DLV00002907,DLVORD00001032,DRV00022,VEH0042,2023-10-30,,Pending,1,23.21,47
DLV00002908,DLVORD00001283,DRV00065,VEH0045,2022-10-17,2022-10-18,Delivered,1,4.3,64
DLV00002909,DLVORD00001347,DRV00013,VEH0030,2023-09-12,,Failed,1,3.69,28
DLV00002910,DLVORD00000523,DRV00064,VEH0029,2023-04-25,,Pending,1,10.84,59
DLV00002911,DLVORD00001513,DRV00037,VEH0035,2024-05-12,2024-05-17,Delivered,1,18.23,27
DLV00002912,DLVORD00002763,DRV00013,VEH0003,2024-07-15,2024-07-16,Delivered,1,22.1,38
DLV00002913,DLVORD00001804,DRV00079,VEH0037,2023-02-27,2023-03-10,Delivered,1,10.53,89
DLV00002914,DLVORD00001565,DRV00008,VEH0018,2024-06-10,,Rescheduled,1,28.01,72
DLV00002915,DLVORD00001805,DRV00054,VEH0010,2024-07-07,,Rescheduled,1,27.92,36
DLV00002916,DLVORD00002185,DRV00052,VEH0007,2022-10-12,2022-10-19,Delivered,1,21.02,13
DLV00002917,DLVORD00000973,DRV00061,VEH0040,2024-02-25,2024-02-26,Delivered,1,10.28,28
DLV00002918,DLVORD00002504,DRV00030,VEH0008,2024-03-20,2024-03-23,Delivered,1,8.2,42
DLV00002919,DLVORD00001890,DRV00018,VEH0027,2024-03-22,,Rescheduled,1,6.62,21
DLV00002920,DLVORD00000599,DRV00068,VEH0032,2024-06-13,2024-06-13,Delivered,1,12.92,14
DLV00002921,DLVORD00001910,DRV00080,VEH0020,2024-03-20,2024-03-21,Delivered,1,28.99,46
DLV00002922,DLVORD00000860,DRV00036,VEH0025,2023-02-26,2023-02-26,Delivered,1,8.34,14
DLV00002923,DLVORD00002737,DRV00027,VEH0032,2024-10-10,2024-10-10,Delivered,1,11.45,60
DLV00002924,DLVORD00002497,DRV00005,VEH0034,2022-02-15,2022-02-15,Delivered,1,26.9,20
DLV00002925,DLVORD00002717,DRV00054,VEH0026,2024-12-15,2024-12-16,Delivered,1,26.55,64
DLV00002926,DLVORD00000249,DRV00006,VEH0019,2024-09-22,2024-09-29,Delivered,1,7.34,57
DLV00002927,DLVORD00000008,DRV00002,VEH0045,2022-01-22,2022-01-25,Delivered,1,15.4,13
DLV00002928,DLVORD00002405,DRV00029,VEH0008,2023-09-09,2023-09-09,Delivered,1,18.8,18
DLV00002929,DLVORD00000318,DRV00071,VEH0030,2024-04-18,2024-04-19,Delivered,1,9.54,76
DLV00002930,DLVORD00001198,DRV00061,VEH0049,2024-06-17,,Failed,1,20.45,16
DLV00002931,DLVORD00000480,DRV00076,VEH0006,2024-01-29,2024-02-04,Delivered,1,8.92,77
DLV00002932,DLVORD00001060,DRV00031,VEH0021,2023-07-24,2023-07-24,Delivered,1,1.39,27
DLV00002933,DLVORD00001386,DRV00022,VEH0015,2024-07-22,,Failed,1,13.98,39
DLV00002934,DLVORD00002796,DRV00048,VEH0042,2024-01-20,2024-01-20,Delivered,2,12.48,52
DLV00002935,DLVORD00000122,DRV00080,VEH0020,2024-03-01,,Rescheduled,1,20.81,58
DLV00002936,DLVORD00002715,DRV00001,VEH0017,2024-01-12,2024-01-14,Delivered,1,20.4,71
DLV00002937,DLVORD00002823,DRV00052,VEH0032,2023-11-06,,Rescheduled,1,27.08,27
DLV00002938,DLVORD00001096,DRV00016,VEH0013,2022-04-07,2022-04-07,Delivered,1,17.26,43
DLV00002939,DLVORD00000908,DRV00043,VEH0009,2024-04-23,2024-04-25,Delivered,1,19.17,60
DLV00002940,DLVORD00000152,DRV00001,VEH0034,2024-07-15,2024-07-16,Delivered,1,27.37,5
DLV00002941,DLVORD00002106,DRV00034,VEH0050,2024-07-20,2024-07-28,Delivered,1,5.1,20
DLV00002942,DLVORD00000446,DRV00025,VEH0047,2023-06-29,2023-07-07,Delivered,1,29.47,42
DLV00002943,DLVORD00002050,DRV00041,VEH0045,2024-12-10,,Rescheduled,1,15.62,84
DLV00002944,DLVORD00001623,DRV00020,VEH0017,2024-02-08,,Pending,1,12.67,89
DLV00002945,DLVORD00002311,DRV00060,VEH0022,2023-12-04,2023-12-04,Delivered,1,15.12,50
DLV00002946,DLVORD00000728,DRV00005,VEH0043,2022-04-06,2022-04-06,Delivered,1,7.63,55
DLV00002947,DLVORD00001469,DRV00012,VEH0007,2023-10-08,2023-10-08,Delivered,1,19.43,36
DLV00002948,DLVORD00000925,DRV00006,VEH0039,2024-11-21,2024-11-21,Delivered,1,2.07,37
DLV00002949,DLVORD00001711,DRV00005,VEH0029,2024-06-03,,Rescheduled,1,23.93,35
DLV00002950,DLVORD00000663,DRV00062,VEH0034,2024-08-30,2024-08-30,Delivered,1,27.63,16
DLV00002951,DLVORD00000731,DRV00038,VEH0004,2022-10-23,2022-10-23,Delivered,1,8.61,5
DLV00002952,DLVORD00001308,DRV00014,VEH0012,2022-11-02,2022-11-02,Delivered,1,8.64,59
DLV00002953,DLVORD00001669,DRV00074,VEH0031,2023-12-20,2023-12-28,Delivered,2,16.19,18
DLV00002954,DLVORD00002214,DRV00075,VEH0025,2024-01-14,2024-01-23,Delivered,1,24.29,55
DLV00002955,DLVORD00002797,DRV00020,VEH0044,2023-08-04,2023-08-04,Delivered,1,14.31,28
DLV00002956,DLVORD00001426,DRV00016,VEH0021,2022-05-26,2022-06-02,Delivered,1,10.18,29
DLV00002957,DLVORD00000927,DRV00055,VEH0049,2024-05-09,,Failed,1,9.01,38
DLV00002958,DLVORD00002569,DRV00065,VEH0036,2022-11-21,2022-11-27,Delivered,1,24.16,83
DLV00002959,DLVORD00000832,DRV00029,VEH0018,2024-04-18,,Pending,1,13.37,90
DLV00002960,DLVORD00001572,DRV00060,VEH0028,2022-05-02,,Rescheduled,1,19.6,36
DLV00002961,DLVORD00000213,DRV00061,VEH0039,2022-08-13,2022-08-13,Delivered,1,11.98,73
DLV00002962,DLVORD00002970,DRV00038,VEH0001,2023-06-18,,Pending,1,28.1,75
DLV00002963,DLVORD00002285,DRV00049,VEH0042,2024-06-23,2024-07-03,Delivered,1,20.78,70
DLV00002964,DLVORD00002129,DRV00051,VEH0001,2024-03-22,,Failed,1,8.95,77
DLV00002965,DLVORD00001583,DRV00068,VEH0050,2024-04-20,,Failed,1,3.56,34
DLV00002966,DLVORD00002224,DRV00020,VEH0047,2023-09-17,2023-09-21,Delivered,1,9.82,34
DLV00002967,DLVORD00000191,DRV00070,VEH0023,2023-06-23,,Rescheduled,1,27.33,33
DLV00002968,DLVORD00000481,DRV00005,VEH0017,2023-12-13,2023-12-17,Delivered,1,27.68,46
DLV00002969,DLVORD00000019,DRV00066,VEH0018,2023-12-11,2023-12-15,Delivered,1,10.88,56
DLV00002970,DLVORD00002724,DRV00073,VEH0045,2023-05-02,2023-05-10,Delivered,1,11.1,79
DLV00002971,DLVORD00002558,DRV00036,VEH0003,2024-11-09,2024-11-14,Delivered,2,5.73,49
DLV00002972,DLVORD00000648,DRV00052,VEH0048,2023-07-24,2023-07-24,Delivered,1,20.93,80
DLV00002973,DLVORD00002392,DRV00057,VEH0035,2023-03-04,2023-03-04,Delivered,1,10.75,57
DLV00002974,DLVORD00000392,DRV00038,VEH0029,2024-02-15,2024-02-18,Delivered,1,4.65,67
DLV00002975,DLVORD00000765,DRV00001,VEH0043,2023-11-18,2023-11-20,Delivered,1,1.82,50
DLV00002976,DLVORD00001332,DRV00032,VEH0022,2024-05-11,2024-05-11,Delivered,1,15.33,76
DLV00002977,DLVORD00002800,DRV00048,VEH0028,2023-06-03,,Pending,1,6.57,58
DLV00002978,DLVORD00001441,DRV00055,VEH0040,2024-09-12,2024-09-12,Delivered,1,11.38,23
DLV00002979,DLVORD00000946,DRV00061,VEH0019,2023-08-20,,Pending,1,9.96,68
DLV00002980,DLVORD00001528,DRV00019,VEH0049,2022-03-28,2022-03-28,Delivered,1,17.38,90
DLV00002981,DLVORD00002348,DRV00070,VEH0010,2022-12-29,2022-12-29,Delivered,1,10.73,26
DLV00002982,DLVORD00002533,DRV00046,VEH0036,2024-04-24,2024-04-30,Delivered,1,13.99,85
DLV00002983,DLVORD00000059,DRV00008,VEH0047,2024-10-28,,Rescheduled,1,1.22,69
DLV00002984,DLVORD00000624,DRV00068,VEH0032,2024-12-11,2024-12-13,Delivered,1,26.61,83
DLV00002985,DLVORD00002440,DRV00060,VEH0020,2022-10-25,2022-10-25,Delivered,1,16.18,83
DLV00002986,DLVORD00000659,DRV00014,VEH0044,2022-09-24,,Rescheduled,1,5.72,12
DLV00002987,DLVORD00000727,DRV00001,VEH0031,2024-10-20,2024-10-20,Delivered,1,3.92,13
DLV00002988,DLVORD00002403,DRV00012,VEH0050,2022-08-07,2022-08-07,Delivered,1,13.59,8
DLV00002989,DLVORD00001344,DRV00008,VEH0001,2023-11-19,2023-11-19,Delivered,1,24.35,29
DLV00002990,DLVORD00002417,DRV00040,VEH0044,2024-10-29,2024-10-29,Delivered,1,16.7,42
DLV00002991,DLVORD00000482,DRV00053,VEH0010,2024-02-27,,Rescheduled,1,8.23,58
DLV00002992,DLVORD00002279,DRV00052,VEH0050,2023-08-21,,Failed,1,5.59,7
DLV00002993,DLVORD00000721,DRV00070,VEH0048,2022-06-21,2022-06-30,Delivered,1,13.32,44
DLV00002994,DLVORD00001757,DRV00010,VEH0029,2024-02-18,2024-02-23,Delivered,1,17.82,57
DLV00002995,DLVORD00001009,DRV00005,VEH0027,2023-05-02,2023-05-04,Delivered,1,4.17,5
DLV00002996,DLVORD00000710,DRV00003,VEH0026,2024-02-05,2024-02-07,Delivered,1,20.46,72
DLV00002997,DLVORD00001826,DRV00059,VEH0014,2022-08-01,2022-08-01,Delivered,3,8.99,11
DLV00002998,DLVORD00000381,DRV00067,VEH0010,2024-11-08,2024-11-12,Delivered,1,18.89,35
DLV00002999,DLVORD00000112,DRV00046,VEH0012,2023-03-03,,Pending,1,25.13,61
DLV00003000,DLVORD00001595,DRV00077,VEH0019,2022-10-25,,Rescheduled,1,7.2,89
DLV00003001,DLVORD00001608,DRV00061,VEH0027,2023-03-24,,Rescheduled,1,25.06,59
DLV00003002,DLVORD00000688,DRV00053,VEH0050,2023-12-17,2023-12-24,Delivered,1,9.69,51
DLV00003003,DLVORD00000810,DRV00035,VEH0012,2024-04-05,2024-04-11,Delivered,1,4.74,90
DLV00003004,DLVORD00001032,DRV00060,VEH0038,2023-10-29,2023-10-29,Delivered,1,6.94,28
DLV00003005,DLVORD00001022,DRV00028,VEH0027,2024-10-17,,Failed,1,12.44,81
DLV00003006,DLVORD00000071,DRV00026,VEH0024,2023-05-19,2023-05-29,Delivered,1,26.31,43
DLV00003007,DLVORD00000782,DRV00061,VEH0002,2023-09-07,,Rescheduled,1,19.8,44
DLV00003008,DLVORD00001275,DRV00077,VEH0017,2023-10-23,2023-10-23,Delivered,1,4.56,48
DLV00003009,DLVORD00002499,DRV00062,VEH0009,2024-03-10,2024-03-10,Delivered,1,18.83,28
DLV00003010,DLVORD00000414,DRV00027,VEH0049,2022-11-12,2022-11-12,Delivered,1,27.55,78
DLV00003011,DLVORD00000667,DRV00028,VEH0017,2023-01-31,,Failed,1,9.42,58
DLV00003012,DLVORD00000117,DRV00080,VEH0018,2023-02-23,2023-02-26,Delivered,1,12.32,56
DLV00003013,DLVORD00001195,DRV00070,VEH0022,2024-08-06,2024-08-06,Delivered,1,8.44,19
DLV00003014,DLVORD00001923,DRV00014,VEH0018,2023-11-08,2023-11-17,Delivered,1,20.79,28
DLV00003015,DLVORD00000127,DRV00020,VEH0035,2024-03-29,,Rescheduled,1,20.66,86
DLV00003016,DLVORD00001763,DRV00073,VEH0016,2022-10-19,2022-10-19,Delivered,1,14.9,81
DLV00003017,DLVORD00000205,DRV00043,VEH0011,2023-01-25,,Failed,1,2.89,52
DLV00003018,DLVORD00000477,DRV00050,VEH0006,2024-12-08,,Pending,2,27.09,58
DLV00003019,DLVORD00000115,DRV00076,VEH0049,2024-10-11,2024-10-11,Delivered,1,13.82,11
DLV00003020,DLVORD00002949,DRV00063,VEH0046,2024-12-23,,Pending,1,16.82,9
DLV00003021,DLVORD00000080,DRV00031,VEH0043,2023-02-28,2023-02-28,Delivered,1,14.05,18
DLV00003022,DLVORD00000496,DRV00068,VEH0012,2022-09-13,,Failed,1,18.16,14
DLV00003023,DLVORD00001798,DRV00021,VEH0029,2024-07-06,2024-07-06,Delivered,1,23.34,37
DLV00003024,DLVORD00002551,DRV00028,VEH0026,2024-07-30,2024-08-04,Delivered,1,13.52,33
DLV00003025,DLVORD00000894,DRV00004,VEH0031,2022-01-07,2022-01-07,Delivered,1,27.88,24
DLV00003026,DLVORD00002354,DRV00048,VEH0017,2022-12-15,2022-12-15,Delivered,1,27.95,70
DLV00003027,DLVORD00002217,DRV00048,VEH0043,2024-05-17,2024-05-17,Delivered,1,26.7,34
DLV00003028,DLVORD00002081,DRV00022,VEH0023,2023-05-27,2023-05-27,Delivered,1,10.93,90
DLV00003029,DLVORD00000401,DRV00071,VEH0028,2022-12-13,2022-12-13,Delivered,1,14.05,53
DLV00003030,DLVORD00002717,DRV00065,VEH0043,2024-12-17,2024-12-17,Delivered,1,27.47,87
DLV00003031,DLVORD00001010,DRV00038,VEH0011,2024-03-25,2024-03-26,Delivered,1,11.82,26
DLV00003032,DLVORD00000069,DRV00052,VEH0005,2023-02-24,2023-02-24,Delivered,1,18.53,55
DLV00003033,DLVORD00000067,DRV00029,VEH0026,2023-04-05,2023-04-05,Delivered,1,6.0,56
DLV00003034,DLVORD00001446,DRV00075,VEH0013,2024-10-12,2024-10-12,Delivered,1,8.35,26
DLV00003035,DLVORD00001864,DRV00047,VEH0029,2023-03-11,2023-03-12,Delivered,1,12.84,54
DLV00003036,DLVORD00000049,DRV00004,VEH0012,2023-07-02,2023-07-02,Delivered,1,2.39,10
DLV00003037,DLVORD00001124,DRV00032,VEH0011,2024-06-15,2024-06-16,Delivered,1,14.77,88
DLV00003038,DLVORD00000050,DRV00067,VEH0032,2022-05-02,,Pending,1,10.5,67
DLV00003039,DLVORD00001554,DRV00021,VEH0026,2022-09-17,2022-09-17,Delivered,1,16.24,26
DLV00003040,DLVORD00000602,DRV00037,VEH0026,2023-04-28,2023-05-03,Delivered,1,8.67,56
DLV00003041,DLVORD00001341,DRV00007,VEH0036,2024-06-07,2024-06-07,Delivered,1,6.84,87
DLV00003042,DLVORD00002415,DRV00070,VEH0026,2024-01-05,2024-01-10,Delivered,1,26.67,33
DLV00003043,DLVORD00001157,DRV00002,VEH0027,2024-02-17,,Rescheduled,1,24.98,27
DLV00003044,DLVORD00001700,DRV00047,VEH0015,2022-11-19,,Rescheduled,1,17.23,60
DLV00003045,DLVORD00000010,DRV00014,VEH0015,2023-08-03,2023-08-03,Delivered,1,9.18,45
DLV00003046,DLVORD00002841,DRV00048,VEH0006,2023-11-19,2023-11-27,Delivered,1,2.12,33
DLV00003047,DLVORD00002720,DRV00016,VEH0012,2023-06-01,,Failed,1,23.77,54
DLV00003048,DLVORD00001981,DRV00029,VEH0004,2023-02-20,2023-02-21,Delivered,1,19.53,42
DLV00003049,DLVORD00001254,DRV00035,VEH0038,2022-11-22,2022-11-22,Delivered,1,21.5,30
DLV00003050,DLVORD00002760,DRV00043,VEH0017,2024-01-07,2024-01-07,Delivered,1,24.85,60
DLV00003051,DLVORD00001097,DRV00014,VEH0027,2023-05-27,2023-05-30,Delivered,1,14.51,86
DLV00003052,DLVORD00001807,DRV00079,VEH0004,2024-03-18,,Failed,1,5.49,74
DLV00003053,DLVORD00000060,DRV00037,VEH0012,2024-03-07,2024-03-07,Delivered,1,13.85,81
DLV00003054,DLVORD00000786,DRV00077,VEH0039,2024-12-14,2024-12-15,Delivered,1,21.92,32
DLV00003055,DLVORD00002005,DRV00018,VEH0010,2024-01-18,2024-01-23,Delivered,1,18.41,21
DLV00003056,DLVORD00001239,DRV00036,VEH0045,2023-06-08,2023-06-12,Delivered,1,22.93,16
DLV00003057,DLVORD00002312,DRV00046,VEH0039,2022-06-23,,Rescheduled,2,16.96,25
DLV00003058,DLVORD00001740,DRV00019,VEH0024,2022-03-17,2022-03-17,Delivered,1,26.71,15
DLV00003059,DLVORD00000132,DRV00026,VEH0038,2023-11-02,2023-11-02,Delivered,1,8.33,25
DLV00003060,DLVORD00002397,DRV00076,VEH0050,2024-07-30,,Pending,1,15.77,44
DLV00003061,DLVORD00000221,DRV00019,VEH0027,2022-05-07,,Pending,1,17.57,68
DLV00003062,DLVORD00001080,DRV00010,VEH0031,2023-06-07,2023-06-07,Delivered,2,22.76,81
DLV00003063,DLVORD00001613,DRV00048,VEH0027,2022-07-28,2022-07-28,Delivered,1,18.71,34
DLV00003064,DLVORD00002031,DRV00032,VEH0044,2023-08-04,2023-08-05,Delivered,1,19.99,13
DLV00003065,DLVORD00000114,DRV00026,VEH0019,2023-09-03,2023-09-04,Delivered,1,19.86,44
DLV00003066,DLVORD00000625,DRV00020,VEH0028,2024-01-08,2024-01-08,Delivered,1,19.2,30
DLV00003067,DLVORD00001351,DRV00043,VEH0043,2023-10-25,2023-11-01,Delivered,1,12.63,26
DLV00003068,DLVORD00000690,DRV00031,VEH0003,2023-09-12,,Pending,1,17.14,89
DLV00003069,DLVORD00001866,DRV00020,VEH0008,2023-06-19,2023-06-27,Delivered,1,2.39,50
DLV00003070,DLVORD00000107,DRV00002,VEH0028,2024-07-17,,Rescheduled,1,3.25,74
DLV00003071,DLVORD00000960,DRV00026,VEH0008,2023-10-20,2023-10-21,Delivered,1,25.06,41
DLV00003072,DLVORD00000363,DRV00049,VEH0018,2022-11-08,2022-11-09,Delivered,1,5.58,86
DLV00003073,DLVORD00002269,DRV00049,VEH0027,2023-11-15,,Pending,1,14.03,49
DLV00003074,DLVORD00002969,DRV00059,VEH0039,2022-06-19,2022-06-19,Delivered,1,13.51,81
DLV00003075,DLVORD00000714,DRV00018,VEH0043,2024-11-15,2024-11-15,Delivered,1,2.57,64
DLV00003076,DLVORD00001067,DRV00002,VEH0003,2023-01-10,2023-01-10,Delivered,1,4.49,40
DLV00003077,DLVORD00001506,DRV00028,VEH0010,2023-03-18,2023-03-18,Delivered,1,18.66,19
DLV00003078,DLVORD00001290,DRV00041,VEH0001,2024-12-20,,Rescheduled,1,19.45,57
DLV00003079,DLVORD00000683,DRV00041,VEH0032,2024-03-14,,Rescheduled,1,2.19,90
DLV00003080,DLVORD00000159,DRV00080,VEH0025,2024-12-11,2024-12-13,Delivered,1,20.2,15
DLV00003081,DLVORD00001522,DRV00018,VEH0002,2023-02-08,2023-02-09,Delivered,1,5.67,66
DLV00003082,DLVORD00000186,DRV00021,VEH0008,2022-02-12,2022-02-12,Delivered,1,16.2,17
DLV00003083,DLVORD00001109,DRV00078,VEH0001,2024-03-08,2024-03-08,Delivered,1,7.94,9
DLV00003084,DLVORD00000705,DRV00023,VEH0040,2023-09-07,2023-09-07,Delivered,1,4.95,33
DLV00003085,DLVORD00001696,DRV00020,VEH0028,2023-10-28,2023-10-28,Delivered,1,1.74,84
DLV00003086,DLVORD00001056,DRV00015,VEH0046,2022-08-21,2022-08-21,Delivered,1,6.72,65
DLV00003087,DLVORD00002304,DRV00078,VEH0035,2024-06-29,2024-07-09,Delivered,1,21.4,60
DLV00003088,DLVORD00000922,DRV00053,VEH0046,2024-03-04,2024-03-17,Delivered,1,29.81,8
DLV00003089,DLVORD00000012,DRV00010,VEH0045,2024-02-22,2024-02-25,Delivered,1,28.43,69
DLV00003090,DLVORD00001243,DRV00043,VEH0007,2023-07-09,,Failed,1,8.33,17
DLV00003091,DLVORD00000658,DRV00039,VEH0024,2022-11-15,2022-11-20,Delivered,1,21.87,81
DLV00003092,DLVORD00000542,DRV00016,VEH0037,2023-07-11,,Pending,1,18.57,15
DLV00003093,DLVORD00001038,DRV00005,VEH0037,2023-04-12,2023-04-13,Delivered,1,5.39,70
DLV00003094,DLVORD00000989,DRV00075,VEH0011,2022-11-15,2022-11-18,Delivered,1,9.56,75
DLV00003095,DLVORD00000190,DRV00004,VEH0034,2023-02-15,,Pending,1,2.91,83
DLV00003096,DLVORD00000694,DRV00068,VEH0020,2022-01-23,2022-01-23,Delivered,1,11.43,61
DLV00003097,DLVORD00002316,DRV00026,VEH0038,2024-02-08,2024-02-16,Delivered,1,13.28,65
DLV00003098,DLVORD00000340,DRV00057,VEH0036,2023-04-19,2023-04-23,Delivered,1,7.63,59
DLV00003099,DLVORD00002781,DRV00077,VEH0003,2024-12-11,,Rescheduled,2,26.93,65
DLV00003100,DLVORD00000939,DRV00032,VEH0005,2023-05-25,2023-05-25,Delivered,1,2.13,72
DLV00003101,DLVORD00002061,DRV00032,VEH0040,2023-10-19,2023-10-23,Delivered,1,16.02,66
DLV00003102,DLVORD00000069,DRV00031,VEH0037,2023-02-23,2023-02-23,Delivered,1,5.03,67
DLV00003103,DLVORD00000521,DRV00060,VEH0041,2022-08-18,2022-08-19,Delivered,1,25.27,35
DLV00003104,DLVORD00001638,DRV00070,VEH0037,2024-10-09,2024-10-11,Delivered,1,3.59,52
DLV00003105,DLVORD00002953,DRV00029,VEH0018,2023-10-02,2023-10-03,Delivered,1,22.03,69
DLV00003106,DLVORD00002536,DRV00003,VEH0030,2024-11-09,2024-11-10,Delivered,1,25.89,32
DLV00003107,DLVORD00002255,DRV00078,VEH0041,2024-11-14,,Pending,1,13.87,76
DLV00003108,DLVORD00001775,DRV00041,VEH0007,2023-04-24,2023-04-29,Delivered,1,24.96,80
DLV00003109,DLVORD00002862,DRV00062,VEH0035,2024-06-16,,Pending,1,4.68,21
DLV00003110,DLVORD00000015,DRV00079,VEH0046,2024-08-21,,Pending,1,18.96,53
DLV00003111,DLVORD00000302,DRV00061,VEH0006,2022-10-03,2022-10-03,Delivered,1,10.37,44
DLV00003112,DLVORD00002334,DRV00030,VEH0012,2024-11-04,2024-11-04,Delivered,1,15.18,77
DLV00003113,DLVORD00001175,DRV00015,VEH0030,2022-12-18,2022-12-20,Delivered,1,16.52,50
DLV00003114,DLVORD00000636,DRV00013,VEH0022,2022-05-16,2022-05-16,Delivered,1,28.57,61
DLV00003115,DLVORD00002326,DRV00074,VEH0036,2022-09-16,2022-09-25,Delivered,1,23.37,74
DLV00003116,DLVORD00002506,DRV00076,VEH0002,2023-04-13,,Rescheduled,1,27.73,28
DLV00003117,DLVORD00000992,DRV00026,VEH0010,2022-03-27,2022-03-28,Delivered,1,9.43,86
DLV00003118,DLVORD00001623,DRV00069,VEH0049,2024-02-07,2024-02-07,Delivered,1,1.45,47
DLV00003119,DLVORD00000519,DRV00048,VEH0017,2023-06-04,2023-06-08,Delivered,1,2.04,59
DLV00003120,DLVORD00002938,DRV00020,VEH0046,2022-01-18,2022-01-18,Delivered,1,1.26,35
DLV00003121,DLVORD00002695,DRV00066,VEH0009,2024-02-23,,Pending,1,14.9,49
DLV00003122,DLVORD00000698,DRV00033,VEH0029,2023-03-14,,Pending,1,4.64,72
DLV00003123,DLVORD00001923,DRV00010,VEH0012,2023-11-08,2023-11-15,Delivered,1,7.54,44
DLV00003124,DLVORD00001799,DRV00049,VEH0039,2023-05-20,2023-05-20,Delivered,1,1.95,28
DLV00003125,DLVORD00000742,DRV00047,VEH0043,2024-10-29,2024-10-29,Delivered,1,25.61,20
DLV00003126,DLVORD00000901,DRV00051,VEH0036,2024-08-31,2024-09-01,Delivered,1,8.14,39
DLV00003127,DLVORD00001028,DRV00050,VEH0040,2024-04-17,2024-04-17,Delivered,1,14.13,80
DLV00003128,DLVORD00001333,DRV00035,VEH0003,2022-04-19,,Rescheduled,1,23.04,69
DLV00003129,DLVORD00001645,DRV00046,VEH0009,2023-08-16,2023-08-17,Delivered,1,24.84,21
DLV00003130,DLVORD00002168,DRV00061,VEH0001,2023-10-06,2023-10-13,Delivered,1,12.54,57
DLV00003131,DLVORD00001296,DRV00008,VEH0036,2024-07-20,2024-07-29,Delivered,1,10.7,84
DLV00003132,DLVORD00000893,DRV00013,VEH0011,2023-09-09,2023-09-12,Delivered,2,7.94,9
DLV00003133,DLVORD00000153,DRV00014,VEH0028,2023-12-25,2023-12-26,Delivered,1,1.27,49
DLV00003134,DLVORD00000958,DRV00015,VEH0014,2022-10-14,2022-10-14,Delivered,1,16.85,40
DLV00003135,DLVORD00001828,DRV00074,VEH0008,2023-11-11,2023-11-16,Delivered,1,2.28,65
DLV00003136,DLVORD00000216,DRV00069,VEH0037,2023-07-22,2023-07-22,Delivered,1,4.82,84
DLV00003137,DLVORD00001685,DRV00042,VEH0014,2024-03-22,2024-03-22,Delivered,1,22.41,13
DLV00003138,DLVORD00002110,DRV00012,VEH0010,2023-12-13,2023-12-13,Delivered,1,18.29,40
DLV00003139,DLVORD00000680,DRV00055,VEH0036,2022-11-11,2022-11-12,Delivered,1,6.53,59
DLV00003140,DLVORD00000778,DRV00035,VEH0037,2022-02-04,2022-02-04,Delivered,1,13.64,60
DLV00003141,DLVORD00002026,DRV00035,VEH0029,2024-11-25,2024-11-25,Delivered,1,23.96,64
DLV00003142,DLVORD00001546,DRV00020,VEH0002,2023-01-29,2023-02-04,Delivered,1,20.79,28
DLV00003143,DLVORD00000008,DRV00049,VEH0010,2022-01-21,2022-01-26,Delivered,1,9.89,44
DLV00003144,DLVORD00001023,DRV00056,VEH0027,2024-02-28,2024-02-28,Delivered,1,1.08,10
DLV00003145,DLVORD00001028,DRV00011,VEH0037,2024-04-17,2024-04-17,Delivered,1,18.32,16
DLV00003146,DLVORD00001743,DRV00050,VEH0037,2023-11-08,,Failed,1,16.65,85
DLV00003147,DLVORD00001285,DRV00079,VEH0011,2024-10-13,,Pending,1,15.96,27
DLV00003148,DLVORD00002538,DRV00021,VEH0008,2022-12-22,2022-12-26,Delivered,1,29.8,83
DLV00003149,DLVORD00002773,DRV00057,VEH0006,2023-07-28,2023-07-28,Delivered,1,16.04,31
DLV00003150,DLVORD00002800,DRV00056,VEH0005,2023-06-03,,Pending,1,1.91,44
DLV00003151,DLVORD00001317,DRV00013,VEH0002,2024-07-28,,Rescheduled,1,2.82,63
DLV00003152,DLVORD00002910,DRV00073,VEH0031,2024-01-27,,Rescheduled,1,9.03,14
DLV00003153,DLVORD00001844,DRV00040,VEH0027,2024-05-17,2024-05-20,Delivered,1,23.68,48
DLV00003154,DLVORD00001294,DRV00043,VEH0009,2024-08-10,,Pending,1,8.48,26
DLV00003155,DLVORD00002190,DRV00073,VEH0008,2022-12-21,2022-12-21,Delivered,1,12.97,35
DLV00003156,DLVORD00000810,DRV00015,VEH0003,2024-04-06,2024-04-09,Delivered,1,16.45,64
DLV00003157,DLVORD00000077,DRV00004,VEH0006,2022-05-06,,Failed,1,29.86,9
DLV00003158,DLVORD00002622,DRV00012,VEH0045,2024-04-30,2024-04-30,Delivered,1,9.63,33
DLV00003159,DLVORD00000589,DRV00023,VEH0023,2024-06-19,2024-06-20,Delivered,1,19.7,45
DLV00003160,DLVORD00001202,DRV00070,VEH0040,2024-12-12,,Rescheduled,1,1.54,43
DLV00003161,DLVORD00001682,DRV00016,VEH0008,2024-08-18,2024-08-18,Delivered,1,25.56,72
DLV00003162,DLVORD00000529,DRV00029,VEH0042,2024-07-31,2024-07-31,Delivered,1,13.73,54
DLV00003163,DLVORD00002121,DRV00059,VEH0015,2024-06-15,2024-06-15,Delivered,1,4.27,39
DLV00003164,DLVORD00001046,DRV00002,VEH0006,2023-03-06,2023-03-06,Delivered,1,5.39,20
DLV00003165,DLVORD00000063,DRV00003,VEH0014,2024-12-07,,Pending,1,29.27,85
DLV00003166,DLVORD00002279,DRV00048,VEH0014,2023-08-21,2023-08-21,Delivered,1,5.11,31
DLV00003167,DLVORD00001190,DRV00009,VEH0013,2023-03-04,2023-03-04,Delivered,1,2.15,36
DLV00003168,DLVORD00001789,DRV00002,VEH0012,2022-06-27,2022-06-27,Delivered,1,7.62,51
DLV00003169,DLVORD00000241,DRV00021,VEH0007,2024-01-07,2024-01-12,Delivered,2,4.54,86
DLV00003170,DLVORD00000173,DRV00020,VEH0031,2024-01-07,2024-01-13,Delivered,1,14.41,62
DLV00003171,DLVORD00002897,DRV00056,VEH0019,2023-09-11,2023-09-11,Delivered,1,13.76,46
DLV00003172,DLVORD00002425,DRV00073,VEH0016,2023-04-28,,Pending,1,29.4,41
DLV00003173,DLVORD00000713,DRV00067,VEH0016,2023-06-08,2023-06-08,Delivered,1,19.59,44
DLV00003174,DLVORD00001006,DRV00035,VEH0023,2024-03-02,,Failed,1,21.34,46
DLV00003175,DLVORD00000344,DRV00027,VEH0016,2024-08-14,2024-08-14,Delivered,1,25.08,50
DLV00003176,DLVORD00000984,DRV00056,VEH0020,2022-06-07,2022-06-07,Delivered,1,11.27,74
DLV00003177,DLVORD00001199,DRV00073,VEH0009,2023-09-12,2023-09-13,Delivered,1,9.46,52
DLV00003178,DLVORD00000477,DRV00022,VEH0039,2024-12-08,2024-12-13,Delivered,1,23.12,49
DLV00003179,DLVORD00000800,DRV00073,VEH0011,2022-12-21,2022-12-29,Delivered,1,2.2,10
DLV00003180,DLVORD00001424,DRV00025,VEH0024,2022-09-15,2022-09-22,Delivered,1,2.99,34
DLV00003181,DLVORD00000166,DRV00041,VEH0030,2023-02-17,,Rescheduled,1,24.43,8
DLV00003182,DLVORD00002303,DRV00015,VEH0036,2022-02-22,2022-02-23,Delivered,1,27.14,21
DLV00003183,DLVORD00002431,DRV00025,VEH0023,2022-06-12,2022-06-12,Delivered,1,8.84,78
DLV00003184,DLVORD00000234,DRV00065,VEH0036,2023-05-27,2023-05-28,Delivered,1,11.28,16
DLV00003185,DLVORD00002847,DRV00030,VEH0019,2024-12-22,,Rescheduled,1,18.09,84
DLV00003186,DLVORD00002893,DRV00073,VEH0027,2024-01-09,2024-01-14,Delivered,1,23.27,85
DLV00003187,DLVORD00000622,DRV00080,VEH0038,2024-06-09,2024-06-09,Delivered,1,27.43,18
DLV00003188,DLVORD00001521,DRV00057,VEH0015,2022-02-13,,Pending,1,7.97,18
DLV00003189,DLVORD00002128,DRV00016,VEH0048,2024-11-16,2024-11-16,Delivered,1,25.29,74
DLV00003190,DLVORD00002290,DRV00030,VEH0009,2023-07-19,2023-07-29,Delivered,1,1.14,13
DLV00003191,DLVORD00001861,DRV00048,VEH0010,2023-11-29,2023-12-01,Delivered,1,11.64,24
DLV00003192,DLVORD00000636,DRV00026,VEH0016,2022-05-16,,Failed,1,29.77,53
DLV00003193,DLVORD00001824,DRV00003,VEH0026,2024-04-27,2024-04-30,Delivered,1,17.85,61
DLV00003194,DLVORD00000643,DRV00013,VEH0017,2023-07-18,2023-07-20,Delivered,1,2.94,86
DLV00003195,DLVORD00000184,DRV00047,VEH0011,2024-04-12,2024-04-12,Delivered,1,5.82,19
DLV00003196,DLVORD00002428,DRV00030,VEH0041,2024-03-02,2024-03-02,Delivered,1,24.38,42
DLV00003197,DLVORD00001371,DRV00062,VEH0025,2024-08-25,2024-09-04,Delivered,1,23.46,49
DLV00003198,DLVORD00002361,DRV00041,VEH0029,2023-01-25,2023-01-26,Delivered,1,14.83,14
DLV00003199,DLVORD00000348,DRV00066,VEH0029,2024-12-18,2024-12-23,Delivered,1,13.83,60
DLV00003200,DLVORD00001716,DRV00054,VEH0008,2024-12-18,2024-12-18,Delivered,2,28.7,85
DLV00003201,DLVORD00001024,DRV00014,VEH0043,2023-09-04,,Failed,1,9.24,54
DLV00003202,DLVORD00002126,DRV00036,VEH0013,2024-01-29,2024-01-29,Delivered,1,1.85,22
DLV00003203,DLVORD00002183,DRV00059,VEH0040,2022-11-27,2022-11-30,Delivered,1,25.66,72
DLV00003204,DLVORD00001696,DRV00075,VEH0038,2023-10-28,2023-10-30,Delivered,1,17.11,11
DLV00003205,DLVORD00002928,DRV00013,VEH0045,2023-02-14,,Failed,1,14.78,9
DLV00003206,DLVORD00001500,DRV00044,VEH0006,2024-09-16,2024-09-17,Delivered,1,22.58,14
DLV00003207,DLVORD00002475,DRV00048,VEH0022,2022-04-03,2022-04-03,Delivered,1,7.12,11
DLV00003208,DLVORD00001688,DRV00080,VEH0021,2024-05-25,2024-05-25,Delivered,1,17.3,43
DLV00003209,DLVORD00000513,DRV00067,VEH0001,2023-12-09,2023-12-10,Delivered,1,5.38,11
DLV00003210,DLVORD00001182,DRV00059,VEH0011,2022-08-07,2022-08-18,Delivered,1,2.61,88
DLV00003211,DLVORD00000448,DRV00034,VEH0036,2024-12-20,,Rescheduled,1,28.66,42
DLV00003212,DLVORD00001193,DRV00063,VEH0005,2022-06-23,2022-06-23,Delivered,1,20.35,77
DLV00003213,DLVORD00000022,DRV00056,VEH0002,2024-11-12,,Pending,1,19.45,42
DLV00003214,DLVORD00001032,DRV00036,VEH0028,2023-10-29,2023-10-29,Delivered,1,9.18,84
DLV00003215,DLVORD00002748,DRV00012,VEH0037,2024-06-08,2024-06-11,Delivered,1,3.08,47
DLV00003216,DLVORD00001217,DRV00016,VEH0029,2022-07-19,2022-07-19,Delivered,1,25.37,48
DLV00003217,DLVORD00002787,DRV00032,VEH0031,2023-04-17,2023-04-17,Delivered,2,23.3,60
DLV00003218,DLVORD00000718,DRV00060,VEH0005,2023-03-23,,Rescheduled,1,15.23,85
DLV00003219,DLVORD00000636,DRV00009,VEH0020,2022-05-15,2022-05-15,Delivered,2,8.53,73
DLV00003220,DLVORD00001341,DRV00041,VEH0009,2024-06-08,2024-06-08,Delivered,1,4.84,76
DLV00003221,DLVORD00000582,DRV00052,VEH0013,2024-07-04,2024-07-04,Delivered,1,19.05,37
DLV00003222,DLVORD00001323,DRV00048,VEH0045,2023-12-24,2023-12-24,Delivered,1,29.86,6
DLV00003223,DLVORD00002302,DRV00037,VEH0023,2024-02-13,2024-02-13,Delivered,1,26.74,59
DLV00003224,DLVORD00001563,DRV00034,VEH0010,2024-04-05,2024-04-13,Delivered,1,25.48,19
DLV00003225,DLVORD00002928,DRV00029,VEH0047,2023-02-15,2023-02-15,Delivered,1,10.4,56
DLV00003226,DLVORD00001466,DRV00009,VEH0034,2023-09-29,2023-09-29,Delivered,1,2.97,47
DLV00003227,DLVORD00002412,DRV00020,VEH0020,2022-07-21,,Pending,1,1.65,15
DLV00003228,DLVORD00000645,DRV00057,VEH0024,2024-12-04,2024-12-04,Delivered,2,10.43,34
DLV00003229,DLVORD00000246,DRV00039,VEH0021,2022-06-06,2022-06-07,Delivered,1,7.89,13
DLV00003230,DLVORD00000933,DRV00001,VEH0023,2024-04-15,2024-04-15,Delivered,1,12.16,65
DLV00003231,DLVORD00000087,DRV00004,VEH0041,2023-08-02,2023-08-02,Delivered,1,22.43,52
DLV00003232,DLVORD00000040,DRV00025,VEH0044,2023-04-19,2023-04-19,Delivered,2,24.11,73
DLV00003233,DLVORD00001372,DRV00067,VEH0006,2023-02-11,2023-02-11,Delivered,1,27.13,79
DLV00003234,DLVORD00000261,DRV00055,VEH0030,2023-08-05,2023-08-05,Delivered,1,27.94,64
DLV00003235,DLVORD00002676,DRV00063,VEH0012,2022-08-06,2022-08-12,Delivered,1,13.49,29
DLV00003236,DLVORD00002839,DRV00004,VEH0036,2024-01-13,,Rescheduled,1,11.46,21
DLV00003237,DLVORD00000420,DRV00063,VEH0024,2024-10-07,2024-10-09,Delivered,1,10.94,47
DLV00003238,DLVORD00002210,DRV00071,VEH0042,2022-10-24,,Pending,2,15.08,5
DLV00003239,DLVORD00000860,DRV00022,VEH0043,2023-02-25,2023-02-28,Delivered,1,8.71,49
DLV00003240,DLVORD00000415,DRV00068,VEH0041,2023-12-08,2023-12-09,Delivered,1,1.18,84
DLV00003241,DLVORD00002934,DRV00010,VEH0048,2024-03-10,2024-03-17,Delivered,1,12.43,52
DLV00003242,DLVORD00002268,DRV00071,VEH0033,2023-07-25,2023-07-25,Delivered,1,2.24,41
DLV00003243,DLVORD00002489,DRV00011,VEH0004,2023-07-03,2023-07-03,Delivered,2,11.09,28
DLV00003244,DLVORD00000874,DRV00047,VEH0022,2023-05-01,2023-05-01,Delivered,1,25.68,15
DLV00003245,DLVORD00001114,DRV00057,VEH0028,2023-08-03,2023-08-13,Delivered,1,9.97,71
DLV00003246,DLVORD00000715,DRV00021,VEH0041,2023-12-25,,Failed,1,8.61,76
DLV00003247,DLVORD00002508,DRV00048,VEH0018,2023-06-04,2023-06-10,Delivered,1,22.8,64
DLV00003248,DLVORD00001633,DRV00035,VEH0026,2023-04-02,2023-04-02,Delivered,2,20.77,79
DLV00003249,DLVORD00000442,DRV00063,VEH0003,2022-02-17,2022-02-18,Delivered,1,12.46,33
DLV00003250,DLVORD00001526,DRV00051,VEH0034,2023-11-07,2023-11-07,Delivered,1,23.89,32
DLV00003251,DLVORD00000873,DRV00005,VEH0015,2024-08-02,2024-08-10,Delivered,1,19.39,30
DLV00003252,DLVORD00000328,DRV00011,VEH0045,2023-06-08,2023-06-08,Delivered,1,17.07,35
DLV00003253,DLVORD00000310,DRV00049,VEH0014,2023-07-13,2023-07-13,Delivered,1,19.96,33
DLV00003254,DLVORD00000329,DRV00037,VEH0011,2023-07-07,2023-07-07,Delivered,1,5.23,86
DLV00003255,DLVORD00002114,DRV00076,VEH0006,2023-11-20,2023-11-23,Delivered,1,1.53,78
DLV00003256,DLVORD00002728,DRV00043,VEH0032,2022-04-09,,Pending,1,23.95,71
DLV00003257,DLVORD00001753,DRV00025,VEH0050,2024-09-24,2024-09-24,Delivered,1,23.91,77
DLV00003258,DLVORD00002973,DRV00071,VEH0034,2024-01-31,2024-02-07,Delivered,1,18.21,83
DLV00003259,DLVORD00000701,DRV00075,VEH0010,2023-02-14,2023-02-16,Delivered,1,9.9,27
DLV00003260,DLVORD00000752,DRV00043,VEH0007,2024-03-18,2024-03-20,Delivered,1,26.64,5
DLV00003261,DLVORD00000215,DRV00075,VEH0033,2023-06-29,2023-07-01,Delivered,1,10.73,5
DLV00003262,DLVORD00000193,DRV00071,VEH0029,2023-06-26,2023-06-28,Delivered,1,16.53,13
DLV00003263,DLVORD00002695,DRV00051,VEH0045,2024-02-23,,Pending,1,12.22,25
DLV00003264,DLVORD00001574,DRV00073,VEH0010,2024-10-13,2024-10-23,Delivered,1,8.01,89
DLV00003265,DLVORD00000496,DRV00073,VEH0031,2022-09-13,2022-09-13,Delivered,1,25.69,32
DLV00003266,DLVORD00002092,DRV00052,VEH0049,2024-01-12,,Rescheduled,1,9.95,22
DLV00003267,DLVORD00000849,DRV00068,VEH0036,2024-11-30,,Failed,1,8.41,67
DLV00003268,DLVORD00002913,DRV00062,VEH0044,2024-04-23,,Failed,1,20.2,41
DLV00003269,DLVORD00001963,DRV00061,VEH0047,2024-05-28,2024-05-28,Delivered,1,23.64,80
DLV00003270,DLVORD00001510,DRV00002,VEH0042,2023-03-31,2023-03-31,Delivered,1,6.56,88
DLV00003271,DLVORD00000853,DRV00073,VEH0044,2023-11-05,2023-11-09,Delivered,2,10.95,62
DLV00003272,DLVORD00001063,DRV00013,VEH0005,2023-01-01,2023-01-05,Delivered,1,23.46,13
DLV00003273,DLVORD00002251,DRV00029,VEH0013,2023-08-09,2023-08-14,Delivered,1,25.31,26
DLV00003274,DLVORD00001448,DRV00061,VEH0025,2022-03-04,2022-03-04,Delivered,1,18.13,28
DLV00003275,DLVORD00002193,DRV00076,VEH0031,2024-02-29,2024-03-01,Delivered,1,18.24,21
DLV00003276,DLVORD00002319,DRV00012,VEH0038,2023-07-08,2023-07-08,Delivered,1,24.42,73
DLV00003277,DLVORD00001922,DRV00026,VEH0016,2024-01-23,2024-01-31,Delivered,1,16.76,62
DLV00003278,DLVORD00002142,DRV00047,VEH0031,2023-09-23,2023-09-23,Delivered,1,5.58,27
DLV00003279,DLVORD00001618,DRV00019,VEH0032,2023-03-05,2023-03-05,Delivered,1,23.62,42
DLV00003280,DLVORD00001302,DRV00049,VEH0044,2023-04-08,2023-04-12,Delivered,1,17.57,13
DLV00003281,DLVORD00002031,DRV00026,VEH0003,2023-08-04,2023-08-11,Delivered,1,22.95,42
DLV00003282,DLVORD00002004,DRV00052,VEH0011,2024-11-29,,Failed,1,26.17,5
DLV00003283,DLVORD00001751,DRV00070,VEH0035,2022-05-15,2022-05-15,Delivered,1,25.04,13
DLV00003284,DLVORD00001409,DRV00076,VEH0009,2023-05-21,2023-05-21,Delivered,1,6.39,24
DLV00003285,DLVORD00001543,DRV00078,VEH0044,2024-10-09,2024-10-10,Delivered,1,28.24,26
DLV00003286,DLVORD00000745,DRV00077,VEH0042,2023-08-22,,Pending,1,15.91,79
DLV00003287,DLVORD00001500,DRV00057,VEH0037,2024-09-16,,Failed,1,12.01,44
DLV00003288,DLVORD00000908,DRV00009,VEH0048,2024-04-23,,Failed,1,13.3,34
DLV00003289,DLVORD00002300,DRV00019,VEH0038,2022-11-12,2022-11-12,Delivered,1,10.93,32
DLV00003290,DLVORD00001098,DRV00046,VEH0045,2024-11-17,2024-11-17,Delivered,1,25.56,28
DLV00003291,DLVORD00002832,DRV00016,VEH0031,2023-09-05,2023-09-08,Delivered,1,29.62,80
DLV00003292,DLVORD00000513,DRV00011,VEH0036,2023-12-10,2023-12-10,Delivered,1,21.55,64
DLV00003293,DLVORD00002108,DRV00046,VEH0024,2023-03-23,2023-03-24,Delivered,1,17.3,59
DLV00003294,DLVORD00000255,DRV00012,VEH0049,2024-11-26,2024-11-26,Delivered,1,28.96,9
DLV00003295,DLVORD00001267,DRV00020,VEH0031,2024-02-26,2024-02-26,Delivered,1,3.44,77
DLV00003296,DLVORD00000433,DRV00031,VEH0027,2023-12-12,,Failed,2,3.89,79
DLV00003297,DLVORD00000195,DRV00064,VEH0002,2024-07-13,2024-07-13,Delivered,1,7.93,45
DLV00003298,DLVORD00001078,DRV00042,VEH0031,2023-08-13,2023-08-13,Delivered,1,6.69,46
DLV00003299,DLVORD00000271,DRV00037,VEH0018,2024-03-25,,Failed,1,21.83,66
DLV00003300,DLVORD00002578,DRV00059,VEH0037,2023-12-15,,Pending,1,12.18,77
DLV00003301,DLVORD00000271,DRV00005,VEH0044,2024-03-25,2024-03-25,Delivered,2,28.7,12
DLV00003302,DLVORD00002688,DRV00078,VEH0027,2024-05-04,2024-05-04,Delivered,1,12.37,73
DLV00003303,DLVORD00000953,DRV00065,VEH0015,2024-12-08,,Failed,1,29.42,28
DLV00003304,DLVORD00001882,DRV00065,VEH0049,2023-03-21,2023-03-30,Delivered,1,29.81,87
DLV00003305,DLVORD00001318,DRV00026,VEH0015,2022-12-25,,Rescheduled,1,16.99,6
DLV00003306,DLVORD00000812,DRV00050,VEH0033,2022-06-09,2022-06-10,Delivered,1,20.04,27
DLV00003307,DLVORD00002868,DRV00068,VEH0027,2023-08-17,,Rescheduled,1,25.33,70
DLV00003308,DLVORD00002469,DRV00051,VEH0047,2024-10-14,2024-10-14,Delivered,1,21.07,49
DLV00003309,DLVORD00000281,DRV00011,VEH0050,2023-08-31,2023-09-04,Delivered,1,29.35,68
DLV00003310,DLVORD00002235,DRV00014,VEH0041,2024-03-23,,Rescheduled,1,27.57,17
DLV00003311,DLVORD00002325,DRV00035,VEH0017,2023-05-10,2023-05-10,Delivered,1,11.8,11
DLV00003312,DLVORD00002753,DRV00053,VEH0038,2023-02-21,2023-03-03,Delivered,1,13.84,33
DLV00003313,DLVORD00002530,DRV00073,VEH0014,2022-08-18,2022-08-18,Delivered,1,17.27,29
DLV00003314,DLVORD00001128,DRV00007,VEH0049,2024-03-03,2024-03-06,Delivered,1,18.67,49
DLV00003315,DLVORD00002483,DRV00054,VEH0005,2024-07-04,2024-07-08,Delivered,1,19.54,55
DLV00003316,DLVORD00001149,DRV00079,VEH0008,2024-08-19,,Pending,1,21.41,83
DLV00003317,DLVORD00002282,DRV00023,VEH0033,2023-03-04,2023-03-09,Delivered,1,6.16,26
DLV00003318,DLVORD00001906,DRV00051,VEH0014,2023-11-07,2023-11-07,Delivered,1,2.37,37
DLV00003319,DLVORD00002869,DRV00018,VEH0038,2023-10-18,,Rescheduled,1,4.34,60
DLV00003320,DLVORD00001950,DRV00022,VEH0008,2023-10-19,2023-10-19,Delivered,1,1.17,54
DLV00003321,DLVORD00002386,DRV00011,VEH0024,2024-06-23,2024-07-02,Delivered,1,3.64,37
DLV00003322,DLVORD00000263,DRV00029,VEH0025,2024-05-11,,Rescheduled,1,24.84,79
DLV00003323,DLVORD00002547,DRV00029,VEH0031,2023-10-22,,Failed,1,18.76,76
DLV00003324,DLVORD00001930,DRV00026,VEH0035,2023-04-08,2023-04-08,Delivered,1,18.29,37
DLV00003325,DLVORD00000964,DRV00069,VEH0001,2023-08-04,2023-08-15,Delivered,1,24.79,82
DLV00003326,DLVORD00000183,DRV00079,VEH0001,2024-05-28,,Failed,1,21.03,5
DLV00003327,DLVORD00002735,DRV00066,VEH0043,2023-12-28,2023-12-28,Delivered,1,23.76,35
DLV00003328,DLVORD00000020,DRV00053,VEH0009,2024-02-05,2024-02-09,Delivered,1,10.32,44
DLV00003329,DLVORD00000599,DRV00033,VEH0018,2024-06-13,2024-06-13,Delivered,1,7.08,9
DLV00003330,DLVORD00002677,DRV00038,VEH0046,2023-05-02,,Rescheduled,1,25.51,89
DLV00003331,DLVORD00000967,DRV00052,VEH0036,2024-08-11,2024-08-11,Delivered,1,29.34,82
DLV00003332,DLVORD00002068,DRV00031,VEH0034,2022-12-23,2022-12-27,Delivered,1,5.85,73
DLV00003333,DLVORD00001970,DRV00013,VEH0020,2022-10-15,,Failed,1,15.19,56
DLV00003334,DLVORD00001400,DRV00056,VEH0031,2023-02-19,,Pending,1,2.86,25
DLV00003335,DLVORD00002802,DRV00005,VEH0018,2024-12-05,2024-12-14,Delivered,1,3.7,45
DLV00003336,DLVORD00002911,DRV00078,VEH0038,2024-06-07,,Pending,1,9.69,11
DLV00003337,DLVORD00000878,DRV00068,VEH0022,2023-12-30,2023-12-30,Delivered,1,28.58,63
DLV00003338,DLVORD00001925,DRV00025,VEH0017,2022-10-21,2022-10-21,Delivered,1,24.31,71
DLV00003339,DLVORD00000948,DRV00011,VEH0015,2023-01-30,2023-02-01,Delivered,1,11.48,14
DLV00003340,DLVORD00000882,DRV00014,VEH0010,2024-12-25,,Failed,1,24.97,29
DLV00003341,DLVORD00001940,DRV00055,VEH0029,2023-04-13,,Rescheduled,1,24.22,70
DLV00003342,DLVORD00000338,DRV00043,VEH0042,2023-11-02,,Rescheduled,1,19.92,39
DLV00003343,DLVORD00001266,DRV00001,VEH0024,2024-11-09,,Failed,1,9.92,44
DLV00003344,DLVORD00002927,DRV00056,VEH0044,2023-09-16,2023-09-16,Delivered,1,2.75,59
DLV00003345,DLVORD00002033,DRV00059,VEH0032,2023-09-11,2023-09-14,Delivered,1,13.31,37
DLV00003346,DLVORD00001676,DRV00048,VEH0041,2024-02-10,2024-02-13,Delivered,1,27.49,14
DLV00003347,DLVORD00002827,DRV00077,VEH0050,2024-02-19,2024-02-19,Delivered,1,22.65,18
DLV00003348,DLVORD00000051,DRV00060,VEH0015,2022-06-04,2022-06-11,Delivered,1,22.8,62
DLV00003349,DLVORD00002158,DRV00037,VEH0028,2023-03-29,,Rescheduled,1,23.54,64
DLV00003350,DLVORD00000152,DRV00061,VEH0004,2024-07-13,,Pending,1,27.06,6
DLV00003351,DLVORD00000155,DRV00065,VEH0041,2022-12-05,2022-12-07,Delivered,1,10.01,38
DLV00003352,DLVORD00001609,DRV00063,VEH0025,2023-04-15,2023-04-15,Delivered,1,6.32,6
DLV00003353,DLVORD00002363,DRV00080,VEH0040,2024-02-28,2024-02-28,Delivered,1,28.53,66
DLV00003354,DLVORD00001131,DRV00067,VEH0033,2023-05-07,,Pending,1,3.89,46
DLV00003355,DLVORD00000895,DRV00013,VEH0010,2024-05-04,2024-05-04,Delivered,1,10.23,56
DLV00003356,DLVORD00000037,DRV00037,VEH0036,2024-08-07,,Rescheduled,1,27.54,12
DLV00003357,DLVORD00002700,DRV00046,VEH0007,2024-07-07,2024-07-07,Delivered,1,8.0,64
DLV00003358,DLVORD00001828,DRV00016,VEH0031,2023-11-10,2023-11-10,Delivered,1,13.26,46
DLV00003359,DLVORD00002473,DRV00028,VEH0007,2022-07-16,2022-07-16,Delivered,1,7.44,26
DLV00003360,DLVORD00000458,DRV00015,VEH0045,2024-07-21,,Failed,1,19.03,79
DLV00003361,DLVORD00000656,DRV00042,VEH0046,2022-03-02,2022-03-02,Delivered,1,9.34,17
DLV00003362,DLVORD00001829,DRV00022,VEH0041,2023-06-20,2023-06-20,Delivered,1,2.22,16
DLV00003363,DLVORD00000206,DRV00059,VEH0013,2024-04-12,2024-04-18,Delivered,1,22.39,18
DLV00003364,DLVORD00000790,DRV00049,VEH0039,2022-12-28,2022-12-28,Delivered,1,24.85,30
DLV00003365,DLVORD00002168,DRV00035,VEH0035,2023-10-07,,Rescheduled,1,12.92,33
DLV00003366,DLVORD00000073,DRV00004,VEH0040,2022-05-28,,Rescheduled,1,6.93,54
DLV00003367,DLVORD00001477,DRV00001,VEH0001,2024-09-04,2024-09-04,Delivered,1,26.96,77
DLV00003368,DLVORD00001475,DRV00025,VEH0039,2022-12-30,,Pending,1,3.18,54
DLV00003369,DLVORD00000133,DRV00077,VEH0050,2024-11-16,2024-11-19,Delivered,1,24.83,81
DLV00003370,DLVORD00000939,DRV00053,VEH0008,2023-05-27,2023-05-28,Delivered,1,22.22,17
DLV00003371,DLVORD00001917,DRV00038,VEH0043,2024-08-02,2024-08-03,Delivered,1,1.67,66
DLV00003372,DLVORD00001668,DRV00015,VEH0026,2023-12-13,2023-12-13,Delivered,1,17.41,74
DLV00003373,DLVORD00002196,DRV00040,VEH0004,2024-03-10,,Failed,1,27.7,19
DLV00003374,DLVORD00002555,DRV00053,VEH0004,2023-06-27,,Failed,1,15.03,27
DLV00003375,DLVORD00000689,DRV00051,VEH0032,2024-01-01,2024-01-03,Delivered,1,17.59,27
DLV00003376,DLVORD00000764,DRV00076,VEH0045,2024-11-03,2024-11-05,Delivered,1,13.47,78
DLV00003377,DLVORD00001960,DRV00044,VEH0013,2024-04-09,2024-04-09,Delivered,1,27.61,78
DLV00003378,DLVORD00001097,DRV00056,VEH0010,2023-05-27,2023-05-29,Delivered,1,20.31,31
DLV00003379,DLVORD00001274,DRV00040,VEH0036,2024-04-21,,Rescheduled,1,13.44,78
DLV00003380,DLVORD00001596,DRV00056,VEH0026,2024-04-01,,Rescheduled,1,17.64,48
DLV00003381,DLVORD00002911,DRV00020,VEH0028,2024-06-09,2024-06-09,Delivered,1,6.52,18
DLV00003382,DLVORD00001806,DRV00027,VEH0010,2023-06-24,2023-07-01,Delivered,1,13.26,34
DLV00003383,DLVORD00002309,DRV00048,VEH0005,2022-07-23,2022-07-30,Delivered,1,25.93,56
DLV00003384,DLVORD00000957,DRV00005,VEH0044,2023-07-18,2023-07-20,Delivered,1,9.75,32
DLV00003385,DLVORD00001475,DRV00064,VEH0019,2022-12-30,,Rescheduled,1,4.89,39
DLV00003386,DLVORD00002193,DRV00059,VEH0004,2024-02-29,,Rescheduled,1,1.92,53
DLV00003387,DLVORD00000917,DRV00064,VEH0050,2023-07-01,2023-07-04,Delivered,1,7.01,39
DLV00003388,DLVORD00000643,DRV00027,VEH0024,2023-07-20,2023-07-20,Delivered,1,1.56,62
DLV00003389,DLVORD00002866,DRV00034,VEH0004,2024-07-21,,Rescheduled,1,11.23,78
DLV00003390,DLVORD00002392,DRV00018,VEH0041,2023-03-06,2023-03-06,Delivered,2,11.01,65
DLV00003391,DLVORD00001509,DRV00032,VEH0049,2023-04-07,2023-04-12,Delivered,1,27.6,40
DLV00003392,DLVORD00002435,DRV00047,VEH0014,2022-10-20,2022-10-20,Delivered,1,7.4,10
DLV00003393,DLVORD00002885,DRV00023,VEH0008,2024-07-29,2024-07-29,Delivered,1,16.49,62
DLV00003394,DLVORD00002261,DRV00061,VEH0003,2023-01-12,2023-01-17,Delivered,1,16.17,33
DLV00003395,DLVORD00002508,DRV00036,VEH0036,2023-06-04,2023-06-11,Delivered,1,26.91,11
DLV00003396,DLVORD00002751,DRV00053,VEH0006,2023-12-11,2023-12-11,Delivered,1,19.74,29
DLV00003397,DLVORD00002708,DRV00008,VEH0019,2024-01-11,2024-01-15,Delivered,1,2.75,23
DLV00003398,DLVORD00002140,DRV00005,VEH0042,2023-06-18,2023-06-19,Delivered,1,18.37,42
DLV00003399,DLVORD00002207,DRV00042,VEH0033,2024-05-03,,Pending,1,28.79,47
DLV00003400,DLVORD00001197,DRV00049,VEH0028,2024-03-30,,Rescheduled,1,29.45,79
DLV00003401,DLVORD00000106,DRV00011,VEH0004,2024-10-01,2024-10-04,Delivered,1,2.5,18
DLV00003402,DLVORD00001845,DRV00043,VEH0013,2024-05-28,2024-06-06,Delivered,1,14.73,27
DLV00003403,DLVORD00000333,DRV00043,VEH0046,2022-01-15,2022-01-15,Delivered,1,15.87,26
DLV00003404,DLVORD00001479,DRV00050,VEH0025,2024-02-16,2024-02-17,Delivered,1,20.59,39
DLV00003405,DLVORD00000082,DRV00003,VEH0012,2023-03-27,,Rescheduled,1,15.7,71
DLV00003406,DLVORD00000437,DRV00046,VEH0025,2024-08-25,2024-08-26,Delivered,1,9.22,23
DLV00003407,DLVORD00002666,DRV00009,VEH0029,2024-10-12,2024-10-12,Delivered,1,15.49,75
DLV00003408,DLVORD00002869,DRV00050,VEH0034,2023-10-18,,Rescheduled,1,22.06,57
DLV00003409,DLVORD00001672,DRV00048,VEH0050,2024-06-13,2024-06-15,Delivered,1,12.03,26
DLV00003410,DLVORD00002144,DRV00056,VEH0005,2024-04-08,2024-04-08,Delivered,1,6.79,63
DLV00003411,DLVORD00000431,DRV00068,VEH0031,2022-07-22,2022-07-22,Delivered,1,19.51,59
DLV00003412,DLVORD00001932,DRV00022,VEH0049,2023-01-13,2023-01-13,Delivered,1,17.39,72
DLV00003413,DLVORD00001127,DRV00066,VEH0046,2024-06-06,2024-06-09,Delivered,1,20.92,30
DLV00003414,DLVORD00001251,DRV00060,VEH0004,2022-09-06,,Failed,1,21.44,46
DLV00003415,DLVORD00002655,DRV00041,VEH0017,2023-10-15,,Failed,1,11.38,77
DLV00003416,DLVORD00002187,DRV00018,VEH0038,2023-02-28,2023-02-28,Delivered,1,2.14,82
DLV00003417,DLVORD00002746,DRV00049,VEH0047,2024-10-02,2024-10-05,Delivered,1,29.23,10
DLV00003418,DLVORD00001104,DRV00047,VEH0011,2023-12-09,2023-12-09,Delivered,1,12.91,67
DLV00003419,DLVORD00002561,DRV00071,VEH0030,2022-10-12,2022-10-15,Delivered,1,14.78,50
DLV00003420,DLVORD00002277,DRV00069,VEH0022,2023-06-26,2023-07-04,Delivered,1,28.07,7
DLV00003421,DLVORD00001649,DRV00020,VEH0002,2023-10-24,2023-10-26,Delivered,1,8.79,64
DLV00003422,DLVORD00000767,DRV00012,VEH0042,2022-05-09,2022-05-09,Delivered,1,28.38,73
DLV00003423,DLVORD00002838,DRV00002,VEH0035,2024-11-13,,Rescheduled,2,29.51,40
DLV00003424,DLVORD00001269,DRV00037,VEH0012,2023-09-24,2023-09-24,Delivered,1,11.37,48
DLV00003425,DLVORD00000611,DRV00039,VEH0004,2023-07-04,,Rescheduled,1,12.47,22
DLV00003426,DLVORD00001279,DRV00070,VEH0038,2024-01-12,,Failed,1,3.92,49
DLV00003427,DLVORD00002134,DRV00034,VEH0036,2022-11-13,,Rescheduled,1,28.75,84
DLV00003428,DLVORD00001423,DRV00010,VEH0049,2024-04-10,2024-04-10,Delivered,1,8.72,6
DLV00003429,DLVORD00000170,DRV00065,VEH0021,2023-07-03,2023-07-09,Delivered,2,26.83,38
DLV00003430,DLVORD00000766,DRV00080,VEH0045,2024-11-25,,Rescheduled,1,28.24,42
DLV00003431,DLVORD00002557,DRV00051,VEH0018,2023-12-21,,Rescheduled,1,9.03,68
DLV00003432,DLVORD00000894,DRV00061,VEH0032,2022-01-08,2022-01-08,Delivered,1,2.21,17
DLV00003433,DLVORD00001630,DRV00026,VEH0042,2022-04-06,2022-04-11,Delivered,1,15.98,42
DLV00003434,DLVORD00001725,DRV00015,VEH0041,2024-02-23,,Failed,1,3.43,85
DLV00003435,DLVORD00000209,DRV00073,VEH0043,2023-09-11,2023-09-13,Delivered,1,14.69,18
DLV00003436,DLVORD00001604,DRV00055,VEH0032,2022-11-09,2022-11-09,Delivered,1,15.6,38
DLV00003437,DLVORD00002647,DRV00062,VEH0031,2024-12-27,2024-12-27,Delivered,1,20.61,14
DLV00003438,DLVORD00001000,DRV00077,VEH0042,2022-09-30,2022-10-04,Delivered,1,9.38,73
DLV00003439,DLVORD00001866,DRV00040,VEH0010,2023-06-18,2023-06-26,Delivered,1,2.28,71
DLV00003440,DLVORD00001785,DRV00077,VEH0013,2023-06-21,2023-06-21,Delivered,1,9.46,61
DLV00003441,DLVORD00001935,DRV00074,VEH0032,2024-04-20,2024-04-20,Delivered,1,24.82,5
DLV00003442,DLVORD00000041,DRV00053,VEH0028,2023-11-05,2023-11-05,Delivered,1,16.29,44
DLV00003443,DLVORD00001456,DRV00076,VEH0017,2024-12-11,2024-12-11,Delivered,1,9.45,25
DLV00003444,DLVORD00002428,DRV00001,VEH0032,2024-03-02,2024-03-03,Delivered,1,17.6,63
DLV00003445,DLVORD00000361,DRV00022,VEH0038,2024-05-21,2024-05-29,Delivered,1,17.58,44
DLV00003446,DLVORD00002919,DRV00068,VEH0026,2024-10-07,2024-10-11,Delivered,1,29.32,57
DLV00003447,DLVORD00000630,DRV00003,VEH0029,2024-07-06,,Pending,1,17.25,70
DLV00003448,DLVORD00000791,DRV00070,VEH0028,2022-08-29,2022-09-01,Delivered,1,16.27,45
DLV00003449,DLVORD00002777,DRV00055,VEH0042,2022-12-17,,Pending,1,22.01,18
DLV00003450,DLVORD00002850,DRV00002,VEH0001,2023-05-25,2023-05-27,Delivered,1,2.96,73
DLV00003451,DLVORD00001787,DRV00043,VEH0011,2023-03-11,2023-03-12,Delivered,1,8.76,15
DLV00003452,DLVORD00002761,DRV00047,VEH0043,2023-02-05,,Rescheduled,1,16.17,88
DLV00003453,DLVORD00002718,DRV00037,VEH0044,2024-12-11,2024-12-11,Delivered,1,27.33,49
DLV00003454,DLVORD00001423,DRV00023,VEH0033,2024-04-09,2024-04-09,Delivered,1,5.09,37
DLV00003455,DLVORD00000416,DRV00012,VEH0004,2024-10-10,,Failed,1,18.79,24
DLV00003456,DLVORD00002934,DRV00067,VEH0020,2024-03-12,2024-03-13,Delivered,1,6.0,83
DLV00003457,DLVORD00000289,DRV00049,VEH0011,2024-06-14,2024-06-14,Delivered,1,18.52,35
DLV00003458,DLVORD00001953,DRV00064,VEH0046,2024-09-30,,Pending,1,19.05,35
DLV00003459,DLVORD00001081,DRV00029,VEH0015,2023-05-07,2023-05-07,Delivered,1,4.06,20
DLV00003460,DLVORD00001566,DRV00008,VEH0023,2024-03-26,,Failed,1,8.22,68
DLV00003461,DLVORD00001759,DRV00033,VEH0038,2023-09-13,2023-09-21,Delivered,1,19.25,66
DLV00003462,DLVORD00000214,DRV00078,VEH0047,2024-12-15,2024-12-16,Delivered,1,8.49,70
DLV00003463,DLVORD00000459,DRV00036,VEH0032,2024-02-19,2024-02-19,Delivered,1,1.18,8
DLV00003464,DLVORD00002790,DRV00003,VEH0035,2023-02-13,2023-02-17,Delivered,1,29.12,57
DLV00003465,DLVORD00002235,DRV00003,VEH0049,2024-03-25,,Pending,1,4.95,68
DLV00003466,DLVORD00000856,DRV00020,VEH0041,2023-04-17,2023-04-18,Delivered,1,13.42,67
DLV00003467,DLVORD00000956,DRV00059,VEH0009,2023-04-30,2023-04-30,Delivered,1,21.9,88
DLV00003468,DLVORD00002561,DRV00046,VEH0022,2022-10-12,,Pending,1,3.47,53
DLV00003469,DLVORD00001010,DRV00054,VEH0039,2024-03-23,2024-03-25,Delivered,1,22.49,55
DLV00003470,DLVORD00000566,DRV00008,VEH0012,2024-06-18,2024-06-18,Delivered,1,15.25,52
DLV00003471,DLVORD00000220,DRV00001,VEH0009,2024-03-21,2024-03-26,Delivered,1,12.92,88
DLV00003472,DLVORD00002412,DRV00019,VEH0040,2022-07-23,2022-07-30,Delivered,1,10.38,56
DLV00003473,DLVORD00001387,DRV00013,VEH0011,2024-04-13,2024-04-13,Delivered,1,20.63,34
DLV00003474,DLVORD00000236,DRV00006,VEH0025,2024-05-07,2024-05-07,Delivered,1,28.91,6
DLV00003475,DLVORD00002541,DRV00076,VEH0009,2023-06-01,,Pending,1,15.42,72
DLV00003476,DLVORD00001357,DRV00059,VEH0023,2024-03-08,2024-03-12,Delivered,1,15.96,59
DLV00003477,DLVORD00002526,DRV00035,VEH0035,2024-03-24,2024-04-02,Delivered,1,26.72,27
DLV00003478,DLVORD00000463,DRV00071,VEH0025,2024-06-14,,Failed,1,23.92,29
DLV00003479,DLVORD00000764,DRV00077,VEH0034,2024-11-04,2024-11-04,Delivered,1,15.22,62
DLV00003480,DLVORD00002897,DRV00009,VEH0018,2023-09-12,2023-09-12,Delivered,1,29.54,56
DLV00003481,DLVORD00001781,DRV00068,VEH0019,2023-09-14,2023-09-17,Delivered,1,18.12,70
DLV00003482,DLVORD00000233,DRV00016,VEH0010,2024-07-24,2024-07-26,Delivered,2,17.84,60
DLV00003483,DLVORD00001461,DRV00057,VEH0008,2023-03-02,2023-03-03,Delivered,1,2.57,43
DLV00003484,DLVORD00001635,DRV00007,VEH0045,2024-05-10,2024-05-10,Delivered,1,3.62,35
DLV00003485,DLVORD00001471,DRV00026,VEH0020,2022-08-19,2022-08-19,Delivered,1,3.87,89
DLV00003486,DLVORD00001177,DRV00052,VEH0018,2024-12-19,2024-12-21,Delivered,1,23.5,89
DLV00003487,DLVORD00000096,DRV00019,VEH0005,2023-08-03,2023-08-05,Delivered,1,10.99,69
DLV00003488,DLVORD00002020,DRV00064,VEH0037,2024-03-03,2024-03-03,Delivered,1,25.85,73
DLV00003489,DLVORD00002506,DRV00056,VEH0029,2023-04-12,,Failed,1,19.2,61
DLV00003490,DLVORD00002532,DRV00046,VEH0025,2023-02-11,,Pending,1,24.17,59
DLV00003491,DLVORD00002190,DRV00020,VEH0022,2022-12-20,2022-12-22,Delivered,1,18.8,66
DLV00003492,DLVORD00001246,DRV00048,VEH0017,2023-01-04,2023-01-10,Delivered,1,1.89,83
DLV00003493,DLVORD00002361,DRV00028,VEH0029,2023-01-23,2023-01-26,Delivered,1,27.45,7
DLV00003494,DLVORD00001148,DRV00021,VEH0019,2023-01-01,2023-01-01,Delivered,1,22.82,42
DLV00003495,DLVORD00000522,DRV00050,VEH0023,2023-04-26,2023-04-27,Delivered,1,1.59,56
DLV00003496,DLVORD00001809,DRV00052,VEH0026,2022-09-22,2022-09-25,Delivered,1,23.79,13
DLV00003497,DLVORD00002313,DRV00067,VEH0049,2024-01-16,2024-01-16,Delivered,1,1.87,46
DLV00003498,DLVORD00000789,DRV00013,VEH0031,2024-04-30,,Pending,1,20.49,80
DLV00003499,DLVORD00002989,DRV00079,VEH0012,2024-03-05,2024-03-05,Delivered,1,23.9,28
DLV00003500,DLVORD00001886,DRV00008,VEH0021,2024-07-06,2024-07-08,Delivered,1,28.29,33
