order_id,customer_id,order_date,delivery_zone_id,package_weight_kg,service_type,priority,total_value
DLVORD00000001,DLVCUST0000332,2023-02-22,ZONE0016,11.25,Economy,Normal,1264.97
DLVORD00000002,DLVCUST0000213,2024-05-09,ZONE0011,43.31,Express,Urgent,3355.53
DLVORD00000003,DLVCUST0000173,2023-08-31,ZONE0020,46.17,Express,Urgent,603.32
DLVORD00000004,DLVCUST0000324,2024-05-25,ZONE0005,10.36,Next Day,High,3600.34
DLVORD00000005,DLVCUST0000020,2023-10-14,ZONE0020,2.3,Standard,Normal,2142.62
DLVORD00000006,DLVCUST0000398,2024-04-17,ZONE0005,29.06,Next Day,Urgent,1140.13
DLVORD00000007,DLVCUST0000398,2024-11-22,ZONE0005,8.16,Next Day,Normal,3622.75
DLVORD00000008,DLVCUST0000193,2022-01-20,ZONE0016,1.16,Economy,High,284.51
DLVORD00000009,DLVCUST0000067,2024-03-12,ZONE0010,0.19,Express,High,4799.45
DLVORD00000010,DLVCUST0000192,2023-08-02,ZONE0002,34.16,Same Day,High,3961.33
DLVORD00000011,DLVCUST0000070,2022-04-19,ZONE0010,49.58,Economy,Urgent,1844.26
DLVORD00000012,DLVCUST0000017,2024-02-22,ZONE0008,37.66,Express,Urgent,3967.32
DLVORD00000013,DLVCUST0000136,2023-09-13,ZONE0019,36.17,Same Day,Normal,52.55
DLVORD00000014,DLVCUST0000058,2024-05-10,ZONE0018,3.54,Express,Normal,2976.2
DLVORD00000015,DLVCUST0000101,2024-08-20,ZONE0019,48.59,Standard,Normal,3458.1
DLVORD00000016,DLVCUST0000255,2024-09-08,ZONE0016,35.22,Express,High,2576.97
DLVORD00000017,DLVCUST0000335,2022-05-16,ZONE0017,8.39,Next Day,Normal,1080.51
DLVORD00000018,DLVCUST0000067,2023-09-18,ZONE0010,1.78,Same Day,Normal,2641.87
DLVORD00000019,DLVCUST0000056,2023-12-09,ZONE0004,21.98,Express,High,718.78
DLVORD00000020,DLVCUST0000153,2024-02-04,ZONE0016,3.16,Economy,Normal,3681.6
DLVORD00000021,DLVCUST0000111,2023-12-16,ZONE0018,32.86,Standard,High,2772.47
DLVORD00000022,DLVCUST0000397,2024-11-12,ZONE0016,0.29,Express,Normal,102.56
DLVORD00000023,DLVCUST0000106,2023-12-22,ZONE0019,3.71,Economy,Urgent,2428.73
DLVORD00000024,DLVCUST0000213,2022-06-23,ZONE0011,20.68,Economy,High,3428.41
DLVORD00000025,DLVCUST0000267,2022-06-21,ZONE0010,24.07,Next Day,High,21.52
DLVORD00000026,DLVCUST0000354,2024-03-26,ZONE0011,17.08,Same Day,Normal,1065.93
DLVORD00000027,DLVCUST0000107,2022-06-24,ZONE0007,1.29,Standard,Normal,616.47
DLVORD00000028,DLVCUST0000370,2023-10-19,ZONE0018,16.31,Next Day,High,1952.31
DLVORD00000029,DLVCUST0000099,2023-06-25,ZONE0002,2.25,Economy,Urgent,92.52
DLVORD00000030,DLVCUST0000321,2023-08-20,ZONE0017,9.94,Standard,Normal,2308.91
DLVORD00000031,DLVCUST0000204,2024-08-23,ZONE0005,30.18,Express,High,1149.02
DLVORD00000032,DLVCUST0000308,2023-01-12,ZONE0008,49.46,Same Day,High,383.8
DLVORD00000033,DLVCUST0000071,2023-07-24,ZONE0001,29.6,Next Day,High,4114.22
DLVORD00000034,DLVCUST0000228,2024-04-25,ZONE0018,22.4,Express,Normal,692.77
DLVORD00000035,DLVCUST0000160,2024-07-12,ZONE0009,26.62,Economy,Urgent,3508.85
DLVORD00000036,DLVCUST0000294,2022-02-14,ZONE0002,46.23,Economy,Normal,4406.36
DLVORD00000037,DLVCUST0000397,2024-08-06,ZONE0016,24.79,Next Day,Normal,2605.86
DLVORD00000038,DLVCUST0000154,2024-04-29,ZONE0014,33.32,Same Day,High,3737.65
DLVORD00000039,DLVCUST0000210,2024-08-30,ZONE0009,37.91,Next Day,Urgent,4584.99
DLVORD00000040,DLVCUST0000136,2023-04-19,ZONE0019,37.3,Same Day,High,4423.1
DLVORD00000041,DLVCUST0000364,2023-11-03,ZONE0008,4.72,Same Day,Normal,4998.05
DLVORD00000042,DLVCUST0000247,2024-06-27,ZONE0012,9.23,Next Day,High,1836.46
DLVORD00000043,DLVCUST0000239,2022-08-19,ZONE0017,41.65,Economy,Normal,1528.76
DLVORD00000044,DLVCUST0000269,2023-11-12,ZONE0015,49.64,Economy,Normal,2192.86
DLVORD00000045,DLVCUST0000369,2024-03-25,ZONE0004,5.17,Next Day,High,3348.08
DLVORD00000046,DLVCUST0000369,2024-01-02,ZONE0004,9.69,Same Day,High,1908.14
DLVORD00000047,DLVCUST0000088,2023-11-19,ZONE0007,42.52,Standard,High,3653.66
DLVORD00000048,DLVCUST0000166,2023-03-18,ZONE0019,1.37,Economy,Urgent,4095.64
DLVORD00000049,DLVCUST0000291,2023-06-30,ZONE0007,29.38,Same Day,Normal,4979.57
DLVORD00000050,DLVCUST0000275,2022-05-01,ZONE0017,46.28,Standard,High,2730.3
DLVORD00000051,DLVCUST0000179,2022-06-03,ZONE0002,47.41,Standard,Normal,3479.76
DLVORD00000052,DLVCUST0000073,2023-12-21,ZONE0006,48.8,Express,High,987.46
DLVORD00000053,DLVCUST0000174,2023-01-26,ZONE0006,24.76,Express,Urgent,4306.53
DLVORD00000054,DLVCUST0000306,2022-09-08,ZONE0004,44.46,Economy,Urgent,1771.19
DLVORD00000055,DLVCUST0000075,2024-10-18,ZONE0004,18.74,Next Day,Normal,1732.43
DLVORD00000056,DLVCUST0000071,2024-05-26,ZONE0001,38.4,Economy,Urgent,4504.5
DLVORD00000057,DLVCUST0000052,2023-06-04,ZONE0013,37.38,Same Day,Normal,3621.79
DLVORD00000058,DLVCUST0000213,2023-02-27,ZONE0011,8.21,Express,Normal,3581.16
DLVORD00000059,DLVCUST0000151,2024-10-27,ZONE0020,5.58,Express,Normal,1465.45
DLVORD00000060,DLVCUST0000055,2024-03-05,ZONE0019,9.85,Express,High,96.73
DLVORD00000061,DLVCUST0000085,2022-10-09,ZONE0010,45.24,Express,High,3009.75
DLVORD00000062,DLVCUST0000103,2022-02-06,ZONE0003,38.03,Express,Normal,4793.35
DLVORD00000063,DLVCUST0000007,2024-12-05,ZONE0020,3.35,Same Day,High,1248.46
DLVORD00000064,DLVCUST0000251,2022-11-19,ZONE0015,3.48,Economy,Normal,1420.85
DLVORD00000065,DLVCUST0000229,2023-09-10,ZONE0018,19.13,Standard,Normal,4293.6
DLVORD00000066,DLVCUST0000316,2023-09-18,ZONE0016,2.81,Standard,Urgent,643.88
DLVORD00000067,DLVCUST0000388,2023-04-03,ZONE0014,41.28,Express,Urgent,2388.87
DLVORD00000068,DLVCUST0000248,2022-06-10,ZONE0011,20.65,Standard,Urgent,1502.57
DLVORD00000069,DLVCUST0000222,2023-02-23,ZONE0016,11.63,Express,High,4066.81
DLVORD00000070,DLVCUST0000219,2023-02-05,ZONE0018,13.22,Express,High,3031.33
DLVORD00000071,DLVCUST0000245,2023-05-18,ZONE0012,48.37,Economy,Normal,248.04
DLVORD00000072,DLVCUST0000157,2023-06-13,ZONE0013,37.1,Express,High,308.37
DLVORD00000073,DLVCUST0000306,2022-05-26,ZONE0004,24.69,Express,High,759.08
DLVORD00000074,DLVCUST0000327,2023-03-14,ZONE0004,49.85,Standard,Urgent,255.63
DLVORD00000075,DLVCUST0000108,2024-10-14,ZONE0012,46.89,Standard,High,4561.91
DLVORD00000076,DLVCUST0000301,2024-02-14,ZONE0006,19.4,Economy,Urgent,3936.53
DLVORD00000077,DLVCUST0000267,2022-05-05,ZONE0010,5.02,Express,Urgent,766.66
DLVORD00000078,DLVCUST0000157,2023-12-03,ZONE0013,43.64,Standard,Urgent,3146.35
DLVORD00000079,DLVCUST0000197,2023-12-29,ZONE0010,24.57,Standard,Urgent,3935.97
DLVORD00000080,DLVCUST0000219,2023-02-27,ZONE0018,44.35,Next Day,High,417.61
DLVORD00000081,DLVCUST0000400,2024-09-18,ZONE0010,17.27,Same Day,Normal,3686.95
DLVORD00000082,DLVCUST0000193,2023-03-25,ZONE0016,9.29,Same Day,High,2930.29
DLVORD00000083,DLVCUST0000043,2023-05-10,ZONE0012,34.55,Standard,High,4254.62
DLVORD00000084,DLVCUST0000205,2022-03-09,ZONE0013,22.29,Standard,Normal,1944.23
DLVORD00000085,DLVCUST0000400,2023-01-12,ZONE0010,46.13,Next Day,Normal,1587.59
DLVORD00000086,DLVCUST0000391,2024-07-23,ZONE0010,32.14,Standard,Urgent,518.53
DLVORD00000087,DLVCUST0000047,2023-07-31,ZONE0017,23.86,Next Day,High,1284.91
DLVORD00000088,DLVCUST0000166,2024-03-30,ZONE0019,22.34,Same Day,Urgent,3830.34
DLVORD00000089,DLVCUST0000182,2022-02-26,ZONE0020,26.0,Standard,High,2289.87
DLVORD00000090,DLVCUST0000396,2023-12-26,ZONE0003,8.58,Same Day,Normal,2422.81
DLVORD00000091,DLVCUST0000158,2023-12-05,ZONE0009,39.45,Express,Urgent,2244.63
DLVORD00000092,DLVCUST0000211,2023-02-15,ZONE0014,1.93,Economy,High,4909.71
DLVORD00000093,DLVCUST0000216,2023-08-09,ZONE0002,48.53,Standard,Normal,1816.52
DLVORD00000094,DLVCUST0000293,2023-11-01,ZONE0008,38.37,Same Day,Urgent,3261.28
DLVORD00000095,DLVCUST0000077,2024-01-30,ZONE0010,13.01,Express,High,1524.8
DLVORD00000096,DLVCUST0000157,2023-08-02,ZONE0013,38.44,Standard,Urgent,4543.96
DLVORD00000097,DLVCUST0000201,2024-07-10,ZONE0010,49.26,Same Day,Urgent,813.87
DLVORD00000098,DLVCUST0000277,2022-06-07,ZONE0004,21.62,Next Day,Urgent,4753.63
DLVORD00000099,DLVCUST0000182,2024-09-17,ZONE0020,23.13,Next Day,Urgent,386.52
DLVORD00000100,DLVCUST0000364,2023-05-29,ZONE0008,15.16,Same Day,High,1189.81
DLVORD00000101,DLVCUST0000052,2024-05-06,ZONE0013,21.35,Next Day,Normal,78.4
DLVORD00000102,DLVCUST0000052,2023-01-25,ZONE0013,7.41,Standard,High,1345.62
DLVORD00000103,DLVCUST0000391,2023-10-03,ZONE0010,36.46,Express,Normal,772.2
DLVORD00000104,DLVCUST0000300,2022-12-28,ZONE0003,8.8,Standard,Urgent,2505.85
DLVORD00000105,DLVCUST0000015,2024-02-21,ZONE0010,7.89,Next Day,High,137.69
DLVORD00000106,DLVCUST0000357,2024-10-01,ZONE0001,46.53,Standard,Normal,2322.98
DLVORD00000107,DLVCUST0000129,2024-07-16,ZONE0013,26.35,Express,Normal,3171.18
DLVORD00000108,DLVCUST0000021,2023-07-12,ZONE0019,31.56,Express,Urgent,2088.56
DLVORD00000109,DLVCUST0000314,2024-08-22,ZONE0014,22.48,Standard,Normal,4885.63
DLVORD00000110,DLVCUST0000207,2023-03-20,ZONE0013,47.34,Standard,Urgent,594.64
DLVORD00000111,DLVCUST0000244,2023-05-18,ZONE0009,19.75,Economy,Urgent,3549.69
DLVORD00000112,DLVCUST0000182,2023-03-03,ZONE0020,25.79,Standard,Urgent,2677.78
DLVORD00000113,DLVCUST0000310,2024-02-20,ZONE0016,47.74,Economy,High,4322.18
DLVORD00000114,DLVCUST0000270,2023-09-03,ZONE0013,33.92,Express,High,2915.35
DLVORD00000115,DLVCUST0000025,2024-10-11,ZONE0005,22.44,Express,Urgent,4315.21
DLVORD00000116,DLVCUST0000177,2024-11-09,ZONE0005,11.4,Same Day,Normal,1001.53
DLVORD00000117,DLVCUST0000399,2023-02-21,ZONE0011,12.04,Standard,High,1267.35
DLVORD00000118,DLVCUST0000364,2024-11-04,ZONE0008,8.2,Next Day,Urgent,1787.77
DLVORD00000119,DLVCUST0000164,2023-06-03,ZONE0006,22.23,Standard,Urgent,4385.21
DLVORD00000120,DLVCUST0000392,2022-01-12,ZONE0014,36.87,Express,Urgent,4120.22
DLVORD00000121,DLVCUST0000226,2023-12-12,ZONE0002,43.76,Economy,Urgent,2209.66
DLVORD00000122,DLVCUST0000279,2024-02-28,ZONE0010,14.74,Next Day,Urgent,3813.77
DLVORD00000123,DLVCUST0000031,2023-09-25,ZONE0004,20.27,Economy,High,3290.25
DLVORD00000124,DLVCUST0000195,2023-01-02,ZONE0010,33.51,Economy,Normal,2420.22
DLVORD00000125,DLVCUST0000024,2023-12-18,ZONE0019,5.14,Standard,High,2228.89
DLVORD00000126,DLVCUST0000326,2023-03-03,ZONE0014,9.08,Economy,Normal,4715.26
DLVORD00000127,DLVCUST0000079,2024-03-28,ZONE0012,40.5,Express,Urgent,4341.46
DLVORD00000128,DLVCUST0000044,2022-05-10,ZONE0015,22.24,Economy,High,4046.79
DLVORD00000129,DLVCUST0000285,2024-12-02,ZONE0020,2.31,Next Day,Urgent,3913.3
DLVORD00000130,DLVCUST0000007,2024-02-08,ZONE0020,28.59,Express,Normal,844.26
DLVORD00000131,DLVCUST0000171,2022-07-15,ZONE0015,17.46,Same Day,High,1892.4
DLVORD00000132,DLVCUST0000125,2023-10-31,ZONE0012,23.94,Same Day,High,1036.44
DLVORD00000133,DLVCUST0000146,2024-11-16,ZONE0018,25.14,Economy,Normal,411.12
DLVORD00000134,DLVCUST0000017,2023-09-04,ZONE0008,17.1,Standard,Normal,2252.48
DLVORD00000135,DLVCUST0000238,2023-04-08,ZONE0005,11.59,Next Day,Urgent,2595.28
DLVORD00000136,DLVCUST0000306,2024-06-27,ZONE0004,22.99,Same Day,Normal,1878.58
DLVORD00000137,DLVCUST0000112,2022-01-31,ZONE0010,14.42,Standard,Urgent,2456.5
DLVORD00000138,DLVCUST0000361,2022-01-03,ZONE0016,2.05,Economy,Urgent,2410.15
DLVORD00000139,DLVCUST0000054,2022-07-27,ZONE0014,3.48,Standard,High,811.58
DLVORD00000140,DLVCUST0000231,2022-12-23,ZONE0016,33.56,Economy,High,766.67
DLVORD00000141,DLVCUST0000292,2023-07-01,ZONE0016,6.95,Express,High,4579.81
DLVORD00000142,DLVCUST0000207,2022-10-21,ZONE0013,25.13,Standard,Urgent,4374.32
DLVORD00000143,DLVCUST0000142,2024-03-11,ZONE0002,15.62,Next Day,High,2987.01
DLVORD00000144,DLVCUST0000323,2022-01-13,ZONE0007,19.45,Express,Normal,3298.57
DLVORD00000145,DLVCUST0000165,2023-12-20,ZONE0014,9.36,Standard,Urgent,282.26
DLVORD00000146,DLVCUST0000254,2024-09-02,ZONE0002,26.26,Express,Urgent,3606.49
DLVORD00000147,DLVCUST0000202,2024-05-05,ZONE0018,12.69,Same Day,High,1190.9
DLVORD00000148,DLVCUST0000120,2022-03-05,ZONE0001,16.58,Standard,Urgent,3836.44
DLVORD00000149,DLVCUST0000278,2023-06-14,ZONE0010,49.64,Economy,Urgent,1265.01
DLVORD00000150,DLVCUST0000035,2024-08-22,ZONE0004,29.99,Same Day,High,2289.6
DLVORD00000151,DLVCUST0000264,2022-02-28,ZONE0005,29.49,Economy,Urgent,609.88
DLVORD00000152,DLVCUST0000340,2024-07-13,ZONE0004,9.13,Same Day,High,4345.94
DLVORD00000153,DLVCUST0000256,2023-12-25,ZONE0010,7.29,Express,High,832.55
DLVORD00000154,DLVCUST0000135,2024-11-20,ZONE0018,35.7,Standard,Urgent,254.42
DLVORD00000155,DLVCUST0000171,2022-12-04,ZONE0015,27.64,Standard,Normal,1196.04
DLVORD00000156,DLVCUST0000260,2024-12-09,ZONE0004,8.37,Economy,Normal,4854.73
DLVORD00000157,DLVCUST0000343,2022-08-04,ZONE0013,20.39,Next Day,Normal,1230.46
DLVORD00000158,DLVCUST0000139,2024-08-09,ZONE0002,10.64,Next Day,Normal,2435.36
DLVORD00000159,DLVCUST0000177,2024-12-09,ZONE0005,29.72,Standard,High,3329.37
DLVORD00000160,DLVCUST0000030,2023-02-25,ZONE0018,34.83,Next Day,Urgent,460.51
DLVORD00000161,DLVCUST0000074,2022-12-18,ZONE0001,22.59,Next Day,Normal,127.67
DLVORD00000162,DLVCUST0000308,2024-02-13,ZONE0008,35.85,Next Day,Normal,2935.53
DLVORD00000163,DLVCUST0000280,2024-08-23,ZONE0018,32.1,Standard,Normal,2564.62
DLVORD00000164,DLVCUST0000308,2023-04-10,ZONE0008,3.79,Next Day,Urgent,4848.29
DLVORD00000165,DLVCUST0000063,2022-12-24,ZONE0014,6.69,Express,Urgent,1112.91
DLVORD00000166,DLVCUST0000174,2023-02-17,ZONE0006,6.09,Economy,Normal,591.33
DLVORD00000167,DLVCUST0000276,2023-02-19,ZONE0003,45.54,Same Day,Normal,3402.57
DLVORD00000168,DLVCUST0000019,2022-05-18,ZONE0008,13.07,Standard,High,517.11
DLVORD00000169,DLVCUST0000117,2024-12-29,ZONE0015,17.02,Express,High,3295.69
DLVORD00000170,DLVCUST0000062,2023-07-02,ZONE0001,31.45,Standard,Urgent,1126.25
DLVORD00000171,DLVCUST0000135,2024-07-28,ZONE0018,14.2,Next Day,Normal,2185.59
DLVORD00000172,DLVCUST0000239,2023-04-25,ZONE0017,35.18,Next Day,Urgent,346.08
DLVORD00000173,DLVCUST0000084,2024-01-07,ZONE0015,20.05,Economy,Normal,4941.54
DLVORD00000174,DLVCUST0000342,2024-05-09,ZONE0001,43.73,Same Day,Normal,904.23
DLVORD00000175,DLVCUST0000307,2023-05-09,ZONE0006,12.24,Next Day,Urgent,3987.62
DLVORD00000176,DLVCUST0000209,2023-09-11,ZONE0013,11.71,Express,Normal,939.89
DLVORD00000177,DLVCUST0000213,2023-04-14,ZONE0011,2.73,Standard,High,1181.74
DLVORD00000178,DLVCUST0000395,2024-12-26,ZONE0009,4.69,Next Day,Urgent,2182.22
DLVORD00000179,DLVCUST0000351,2024-10-12,ZONE0009,19.38,Economy,Normal,3638.56
DLVORD00000180,DLVCUST0000265,2023-01-24,ZONE0010,0.83,Same Day,Urgent,2403.58
DLVORD00000181,DLVCUST0000246,2024-10-03,ZONE0020,49.03,Standard,Normal,747.3
DLVORD00000182,DLVCUST0000117,2023-05-29,ZONE0015,17.66,Next Day,High,4972.21
DLVORD00000183,DLVCUST0000288,2024-05-26,ZONE0016,23.87,Next Day,High,742.99
DLVORD00000184,DLVCUST0000103,2024-04-12,ZONE0003,28.45,Same Day,Urgent,4726.77
DLVORD00000185,DLVCUST0000041,2023-02-19,ZONE0008,45.28,Economy,High,1847.43
DLVORD00000186,DLVCUST0000337,2022-02-11,ZONE0004,43.05,Next Day,High,462.64
DLVORD00000187,DLVCUST0000280,2023-12-13,ZONE0018,3.9,Economy,Urgent,3783.26
DLVORD00000188,DLVCUST0000361,2023-01-21,ZONE0016,42.32,Standard,High,737.22
DLVORD00000189,DLVCUST0000105,2024-12-20,ZONE0009,12.46,Economy,Normal,2042.31
DLVORD00000190,DLVCUST0000168,2023-02-14,ZONE0018,16.18,Standard,Urgent,929.15
DLVORD00000191,DLVCUST0000236,2023-06-22,ZONE0016,36.87,Economy,High,3346.96
DLVORD00000192,DLVCUST0000332,2024-09-10,ZONE0016,18.95,Same Day,High,553.79
DLVORD00000193,DLVCUST0000065,2023-06-25,ZONE0002,17.34,Standard,Normal,2190.25
DLVORD00000194,DLVCUST0000077,2024-08-11,ZONE0010,18.11,Standard,Normal,1344.71
DLVORD00000195,DLVCUST0000138,2024-07-13,ZONE0005,37.48,Express,High,4298.81
DLVORD00000196,DLVCUST0000196,2023-04-27,ZONE0001,23.74,Economy,High,2708.73
DLVORD00000197,DLVCUST0000259,2024-05-24,ZONE0019,12.05,Same Day,Normal,4469.24
DLVORD00000198,DLVCUST0000284,2023-08-31,ZONE0011,0.54,Express,High,2429.12
DLVORD00000199,DLVCUST0000295,2022-05-02,ZONE0004,22.96,Same Day,Urgent,2126.89
DLVORD00000200,DLVCUST0000181,2024-07-21,ZONE0005,24.7,Standard,High,1759.45
DLVORD00000201,DLVCUST0000051,2024-05-25,ZONE0016,0.95,Economy,High,4472.88
DLVORD00000202,DLVCUST0000085,2024-08-18,ZONE0010,12.77,Express,Normal,327.93
DLVORD00000203,DLVCUST0000323,2023-02-28,ZONE0007,7.08,Next Day,Normal,3263.19
DLVORD00000204,DLVCUST0000249,2024-09-01,ZONE0016,8.8,Next Day,Urgent,2449.52
DLVORD00000205,DLVCUST0000075,2023-01-24,ZONE0004,36.11,Express,Normal,2330.66
DLVORD00000206,DLVCUST0000099,2024-04-12,ZONE0002,32.62,Standard,Normal,2800.68
DLVORD00000207,DLVCUST0000052,2024-07-06,ZONE0013,22.13,Standard,Urgent,4548.67
DLVORD00000208,DLVCUST0000307,2024-03-26,ZONE0006,1.46,Economy,Urgent,499.15
DLVORD00000209,DLVCUST0000397,2023-09-10,ZONE0016,41.18,Standard,Urgent,2912.61
DLVORD00000210,DLVCUST0000242,2024-02-16,ZONE0013,49.95,Standard,High,2058.53
DLVORD00000211,DLVCUST0000348,2023-12-06,ZONE0008,19.17,Economy,Normal,1702.56
DLVORD00000212,DLVCUST0000140,2024-11-27,ZONE0006,39.44,Standard,Urgent,4875.03
DLVORD00000213,DLVCUST0000211,2022-08-13,ZONE0014,12.6,Next Day,Normal,128.41
DLVORD00000214,DLVCUST0000221,2024-12-15,ZONE0020,3.61,Next Day,Urgent,4051.3
DLVORD00000215,DLVCUST0000273,2023-06-27,ZONE0006,45.95,Standard,High,1846.09
DLVORD00000216,DLVCUST0000273,2023-07-21,ZONE0006,46.92,Next Day,High,1739.51
DLVORD00000217,DLVCUST0000254,2023-02-07,ZONE0002,49.42,Next Day,Urgent,210.72
DLVORD00000218,DLVCUST0000161,2024-07-14,ZONE0009,20.86,Economy,Normal,4423.81
DLVORD00000219,DLVCUST0000161,2023-12-28,ZONE0009,3.68,Economy,Urgent,160.63
DLVORD00000220,DLVCUST0000155,2024-03-19,ZONE0015,14.19,Economy,Urgent,4789.17
DLVORD00000221,DLVCUST0000345,2022-05-05,ZONE0008,11.79,Express,Urgent,4143.03
DLVORD00000222,DLVCUST0000150,2024-07-02,ZONE0013,11.34,Next Day,Normal,961.71
DLVORD00000223,DLVCUST0000221,2023-11-12,ZONE0020,30.8,Economy,Normal,520.15
DLVORD00000224,DLVCUST0000069,2023-06-12,ZONE0018,29.64,Standard,Normal,2362.77
DLVORD00000225,DLVCUST0000054,2023-01-21,ZONE0014,6.12,Standard,Urgent,4121.81
DLVORD00000226,DLVCUST0000313,2023-10-23,ZONE0009,12.46,Standard,Urgent,2606.54
DLVORD00000227,DLVCUST0000270,2022-09-18,ZONE0013,16.5,Express,Normal,258.08
DLVORD00000228,DLVCUST0000367,2024-03-06,ZONE0003,15.62,Next Day,High,918.6
DLVORD00000229,DLVCUST0000094,2024-06-14,ZONE0006,49.83,Standard,Normal,4033.06
DLVORD00000230,DLVCUST0000208,2023-06-08,ZONE0009,39.1,Standard,Urgent,110.3
DLVORD00000231,DLVCUST0000182,2023-08-01,ZONE0020,40.59,Standard,High,3938.52
DLVORD00000232,DLVCUST0000034,2024-09-02,ZONE0004,16.22,Standard,Urgent,211.16
DLVORD00000233,DLVCUST0000035,2024-07-22,ZONE0004,13.8,Economy,High,4063.23
DLVORD00000234,DLVCUST0000352,2023-05-26,ZONE0005,36.11,Standard,High,3119.31
DLVORD00000235,DLVCUST0000272,2024-11-22,ZONE0013,43.01,Express,Normal,1261.89
DLVORD00000236,DLVCUST0000165,2024-05-05,ZONE0014,39.05,Standard,Normal,4957.21
DLVORD00000237,DLVCUST0000347,2024-04-02,ZONE0015,41.93,Same Day,Urgent,4334.49
DLVORD00000238,DLVCUST0000265,2022-10-02,ZONE0010,33.57,Express,High,3967.48
DLVORD00000239,DLVCUST0000393,2024-03-05,ZONE0017,20.38,Standard,Normal,3914.86
DLVORD00000240,DLVCUST0000386,2023-07-01,ZONE0014,49.95,Same Day,Normal,3131.27
DLVORD00000241,DLVCUST0000364,2024-01-07,ZONE0008,0.77,Standard,High,2614.42
DLVORD00000242,DLVCUST0000242,2022-05-10,ZONE0013,5.77,Economy,Urgent,2908.94
DLVORD00000243,DLVCUST0000172,2022-12-04,ZONE0020,1.2,Same Day,Normal,1644.75
DLVORD00000244,DLVCUST0000177,2024-01-21,ZONE0005,20.57,Same Day,Normal,710.41
DLVORD00000245,DLVCUST0000181,2022-04-27,ZONE0005,5.12,Next Day,Normal,1070.06
DLVORD00000246,DLVCUST0000057,2022-06-06,ZONE0017,32.71,Express,Normal,4970.05
DLVORD00000247,DLVCUST0000361,2022-07-08,ZONE0016,49.0,Standard,Normal,2228.21
DLVORD00000248,DLVCUST0000344,2022-05-15,ZONE0002,29.13,Economy,Normal,3088.45
DLVORD00000249,DLVCUST0000064,2024-09-21,ZONE0003,23.63,Economy,Normal,2106.3
DLVORD00000250,DLVCUST0000178,2023-08-07,ZONE0012,15.57,Same Day,Urgent,3390.81
DLVORD00000251,DLVCUST0000115,2023-12-29,ZONE0001,44.18,Economy,High,644.4
DLVORD00000252,DLVCUST0000196,2024-01-15,ZONE0001,14.84,Express,Normal,3039.54
DLVORD00000253,DLVCUST0000194,2024-09-08,ZONE0001,11.43,Standard,High,3268.69
DLVORD00000254,DLVCUST0000320,2023-04-18,ZONE0007,44.11,Economy,Urgent,4545.59
DLVORD00000255,DLVCUST0000196,2024-11-26,ZONE0001,42.75,Same Day,Normal,2202.38
DLVORD00000256,DLVCUST0000056,2023-08-07,ZONE0004,34.57,Express,Normal,181.13
DLVORD00000257,DLVCUST0000336,2022-01-08,ZONE0002,20.93,Next Day,High,1190.62
DLVORD00000258,DLVCUST0000115,2024-04-26,ZONE0001,18.55,Same Day,Urgent,4523.28
DLVORD00000259,DLVCUST0000104,2023-04-09,ZONE0001,14.41,Express,Normal,4813.03
DLVORD00000260,DLVCUST0000302,2022-07-07,ZONE0003,23.54,Economy,High,2036.26
DLVORD00000261,DLVCUST0000226,2023-08-05,ZONE0002,41.34,Express,High,4584.84
DLVORD00000262,DLVCUST0000309,2022-08-20,ZONE0013,23.18,Standard,High,2196.81
DLVORD00000263,DLVCUST0000330,2024-05-09,ZONE0006,8.03,Economy,High,285.28
DLVORD00000264,DLVCUST0000121,2024-05-03,ZONE0015,8.33,Standard,Normal,1705.27
DLVORD00000265,DLVCUST0000289,2024-06-28,ZONE0012,15.86,Standard,High,1389.39
DLVORD00000266,DLVCUST0000089,2022-04-25,ZONE0004,4.44,Standard,High,3872.03
DLVORD00000267,DLVCUST0000131,2022-02-02,ZONE0005,45.61,Next Day,Urgent,4626.67
DLVORD00000268,DLVCUST0000394,2024-02-29,ZONE0012,23.47,Express,High,2006.88
DLVORD00000269,DLVCUST0000283,2023-10-18,ZONE0013,36.77,Express,Urgent,4817.88
DLVORD00000270,DLVCUST0000125,2023-09-08,ZONE0012,1.01,Standard,Urgent,4545.96
DLVORD00000271,DLVCUST0000043,2024-03-23,ZONE0012,44.48,Express,High,2578.36
DLVORD00000272,DLVCUST0000312,2022-01-25,ZONE0018,31.31,Same Day,High,1258.66
DLVORD00000273,DLVCUST0000260,2024-02-28,ZONE0004,19.56,Next Day,Urgent,3664.18
DLVORD00000274,DLVCUST0000146,2023-09-06,ZONE0018,27.74,Economy,Normal,664.45
DLVORD00000275,DLVCUST0000298,2022-02-20,ZONE0015,16.97,Economy,Normal,994.5
DLVORD00000276,DLVCUST0000106,2024-10-07,ZONE0019,44.47,Economy,Urgent,576.8
DLVORD00000277,DLVCUST0000264,2023-12-03,ZONE0005,4.02,Standard,High,1491.45
DLVORD00000278,DLVCUST0000238,2022-05-02,ZONE0005,12.62,Standard,High,4439.18
DLVORD00000279,DLVCUST0000390,2022-05-02,ZONE0003,48.67,Standard,Normal,1445.93
DLVORD00000280,DLVCUST0000308,2024-07-04,ZONE0008,2.01,Standard,Normal,2755.36
DLVORD00000281,DLVCUST0000342,2023-08-31,ZONE0001,34.25,Standard,Urgent,4985.56
DLVORD00000282,DLVCUST0000264,2023-07-05,ZONE0005,36.19,Same Day,Urgent,4834.02
DLVORD00000283,DLVCUST0000144,2022-08-25,ZONE0001,5.39,Economy,Urgent,1828.31
DLVORD00000284,DLVCUST0000338,2024-11-24,ZONE0004,47.84,Express,High,2724.82
DLVORD00000285,DLVCUST0000088,2024-10-01,ZONE0007,16.88,Standard,Normal,1392.88
DLVORD00000286,DLVCUST0000216,2023-10-15,ZONE0002,25.27,Standard,High,4960.87
DLVORD00000287,DLVCUST0000325,2024-04-30,ZONE0013,16.63,Next Day,Normal,2024.57
DLVORD00000288,DLVCUST0000013,2023-03-04,ZONE0008,13.91,Express,Urgent,4520.03
DLVORD00000289,DLVCUST0000108,2024-06-14,ZONE0012,6.48,Next Day,Normal,4882.45
DLVORD00000290,DLVCUST0000282,2024-01-30,ZONE0004,48.52,Express,Urgent,1154.69
DLVORD00000291,DLVCUST0000367,2023-08-01,ZONE0003,39.08,Next Day,Normal,3641.8
DLVORD00000292,DLVCUST0000382,2022-08-04,ZONE0006,4.28,Next Day,High,4877.54
DLVORD00000293,DLVCUST0000213,2022-08-10,ZONE0011,20.15,Same Day,High,2172.53
DLVORD00000294,DLVCUST0000247,2024-05-26,ZONE0012,16.38,Express,High,3528.09
DLVORD00000295,DLVCUST0000025,2024-04-19,ZONE0005,46.96,Next Day,Urgent,3822.47
DLVORD00000296,DLVCUST0000284,2024-02-01,ZONE0011,34.22,Same Day,Normal,3342.31
DLVORD00000297,DLVCUST0000334,2023-12-21,ZONE0010,29.79,Same Day,High,2011.49
DLVORD00000298,DLVCUST0000218,2022-12-14,ZONE0003,32.82,Next Day,Normal,3195.21
DLVORD00000299,DLVCUST0000155,2022-10-24,ZONE0015,0.9,Next Day,Urgent,3090.02
DLVORD00000300,DLVCUST0000239,2024-01-15,ZONE0017,21.74,Standard,Normal,3953.76
DLVORD00000301,DLVCUST0000166,2024-04-01,ZONE0019,32.37,Same Day,Normal,3883.15
DLVORD00000302,DLVCUST0000265,2022-10-01,ZONE0010,1.65,Express,Urgent,934.93
DLVORD00000303,DLVCUST0000217,2024-11-04,ZONE0003,44.56,Economy,Normal,2278.85
DLVORD00000304,DLVCUST0000054,2024-04-14,ZONE0014,31.75,Next Day,Urgent,3521.23
DLVORD00000305,DLVCUST0000331,2024-11-03,ZONE0002,48.48,Express,Urgent,706.41
DLVORD00000306,DLVCUST0000201,2023-11-12,ZONE0010,34.44,Express,Normal,2483.57
DLVORD00000307,DLVCUST0000104,2022-04-29,ZONE0001,30.66,Standard,High,3518.68
DLVORD00000308,DLVCUST0000156,2024-04-15,ZONE0002,24.25,Same Day,High,1418.81
DLVORD00000309,DLVCUST0000269,2023-05-29,ZONE0015,49.11,Express,High,559.3
DLVORD00000310,DLVCUST0000274,2023-07-12,ZONE0017,13.18,Same Day,Urgent,416.85
DLVORD00000311,DLVCUST0000300,2024-07-15,ZONE0003,23.17,Express,High,303.29
DLVORD00000312,DLVCUST0000257,2022-07-02,ZONE0014,5.0,Next Day,Urgent,959.54
DLVORD00000313,DLVCUST0000059,2023-01-23,ZONE0005,10.38,Economy,Urgent,2557.42
DLVORD00000314,DLVCUST0000393,2024-01-23,ZONE0017,4.42,Standard,Normal,2501.33
DLVORD00000315,DLVCUST0000350,2022-05-24,ZONE0009,29.24,Standard,Urgent,1553.6
DLVORD00000316,DLVCUST0000138,2023-12-01,ZONE0005,29.43,Express,Normal,2348.97
DLVORD00000317,DLVCUST0000158,2022-09-29,ZONE0009,46.12,Express,Urgent,1736.69
DLVORD00000318,DLVCUST0000273,2024-04-16,ZONE0006,27.77,Standard,Normal,1725.11
DLVORD00000319,DLVCUST0000073,2024-10-22,ZONE0006,8.62,Express,Urgent,4845.15
DLVORD00000320,DLVCUST0000157,2023-10-29,ZONE0013,10.21,Same Day,Normal,2188.12
DLVORD00000321,DLVCUST0000263,2023-07-24,ZONE0014,19.72,Same Day,Urgent,2980.58
DLVORD00000322,DLVCUST0000113,2022-04-25,ZONE0007,27.18,Next Day,High,2778.02
DLVORD00000323,DLVCUST0000286,2024-10-08,ZONE0002,11.01,Same Day,Urgent,3629.99
DLVORD00000324,DLVCUST0000285,2024-09-20,ZONE0020,26.87,Same Day,Normal,4515.8
DLVORD00000325,DLVCUST0000112,2024-04-16,ZONE0010,32.32,Standard,Urgent,4071.59
DLVORD00000326,DLVCUST0000184,2024-08-04,ZONE0012,44.87,Economy,Normal,191.09
DLVORD00000327,DLVCUST0000259,2024-02-05,ZONE0019,42.03,Same Day,Normal,3502.89
DLVORD00000328,DLVCUST0000067,2023-06-08,ZONE0010,39.75,Express,Urgent,3470.33
DLVORD00000329,DLVCUST0000191,2023-07-07,ZONE0011,40.83,Same Day,High,2757.19
DLVORD00000330,DLVCUST0000164,2024-08-20,ZONE0006,49.18,Economy,Normal,2945.49
DLVORD00000331,DLVCUST0000294,2023-11-17,ZONE0002,7.17,Standard,Urgent,2601.93
DLVORD00000332,DLVCUST0000307,2022-06-01,ZONE0006,6.24,Standard,High,2440.56
DLVORD00000333,DLVCUST0000381,2022-01-14,ZONE0013,3.06,Express,Normal,2880.14
DLVORD00000334,DLVCUST0000173,2023-10-07,ZONE0020,14.89,Economy,Urgent,760.71
DLVORD00000335,DLVCUST0000229,2023-09-15,ZONE0018,33.16,Next Day,Normal,1013.5
DLVORD00000336,DLVCUST0000078,2023-03-31,ZONE0005,0.24,Economy,Urgent,4836.39
DLVORD00000337,DLVCUST0000121,2023-05-22,ZONE0015,1.03,Standard,High,4603.13
DLVORD00000338,DLVCUST0000357,2023-10-31,ZONE0001,6.8,Next Day,High,1802.3
DLVORD00000339,DLVCUST0000267,2024-12-27,ZONE0010,18.93,Economy,Urgent,4251.66
DLVORD00000340,DLVCUST0000257,2023-04-19,ZONE0014,35.2,Standard,Urgent,1428.54
DLVORD00000341,DLVCUST0000103,2024-10-07,ZONE0003,42.99,Express,Normal,3677.81
DLVORD00000342,DLVCUST0000177,2022-10-08,ZONE0005,16.89,Economy,Urgent,2088.78
DLVORD00000343,DLVCUST0000130,2022-12-26,ZONE0008,13.09,Express,Normal,851.85
DLVORD00000344,DLVCUST0000384,2024-08-13,ZONE0018,40.08,Express,High,4157.78
DLVORD00000345,DLVCUST0000286,2023-10-25,ZONE0002,43.28,Same Day,Normal,4748.25
DLVORD00000346,DLVCUST0000237,2022-05-25,ZONE0001,4.11,Next Day,Urgent,1368.11
DLVORD00000347,DLVCUST0000135,2023-06-04,ZONE0018,20.67,Next Day,Normal,3899.0
DLVORD00000348,DLVCUST0000050,2024-12-16,ZONE0013,38.0,Economy,Urgent,1663.48
DLVORD00000349,DLVCUST0000237,2022-09-21,ZONE0001,29.81,Standard,Normal,3778.7
DLVORD00000350,DLVCUST0000229,2023-10-18,ZONE0018,37.23,Economy,Urgent,593.39
DLVORD00000351,DLVCUST0000204,2024-12-28,ZONE0005,37.5,Next Day,Normal,1800.04
DLVORD00000352,DLVCUST0000005,2024-01-17,ZONE0002,28.58,Same Day,Urgent,1201.58
DLVORD00000353,DLVCUST0000200,2023-10-20,ZONE0020,30.3,Next Day,High,4475.77
DLVORD00000354,DLVCUST0000206,2023-06-24,ZONE0005,41.5,Standard,Normal,958.03
DLVORD00000355,DLVCUST0000387,2022-09-21,ZONE0018,12.91,Next Day,Urgent,2930.72
DLVORD00000356,DLVCUST0000192,2023-12-19,ZONE0002,23.16,Next Day,High,2261.9
DLVORD00000357,DLVCUST0000083,2024-07-02,ZONE0020,36.57,Standard,Urgent,3834.97
DLVORD00000358,DLVCUST0000382,2023-01-14,ZONE0006,47.49,Next Day,Normal,4490.25
DLVORD00000359,DLVCUST0000120,2024-10-06,ZONE0001,40.07,Standard,High,4496.84
DLVORD00000360,DLVCUST0000311,2023-10-30,ZONE0006,33.15,Next Day,Urgent,1684.86
DLVORD00000361,DLVCUST0000381,2024-05-20,ZONE0013,46.68,Economy,High,1701.63
DLVORD00000362,DLVCUST0000250,2024-06-09,ZONE0009,43.81,Express,Urgent,1236.99
DLVORD00000363,DLVCUST0000201,2022-11-08,ZONE0010,25.49,Standard,High,379.89
DLVORD00000364,DLVCUST0000102,2023-07-14,ZONE0020,11.71,Standard,Urgent,337.52
DLVORD00000365,DLVCUST0000209,2022-11-28,ZONE0013,35.43,Standard,High,4406.19
DLVORD00000366,DLVCUST0000235,2024-09-11,ZONE0012,32.57,Next Day,Normal,2917.13
DLVORD00000367,DLVCUST0000295,2024-11-28,ZONE0004,35.27,Express,High,3017.0
DLVORD00000368,DLVCUST0000153,2024-10-10,ZONE0016,47.94,Next Day,High,1369.06
DLVORD00000369,DLVCUST0000077,2022-05-28,ZONE0010,2.79,Next Day,Normal,2513.86
DLVORD00000370,DLVCUST0000262,2022-08-08,ZONE0005,38.06,Same Day,Normal,3284.15
DLVORD00000371,DLVCUST0000364,2023-05-20,ZONE0008,20.82,Express,High,4465.3
DLVORD00000372,DLVCUST0000040,2024-05-22,ZONE0005,15.37,Standard,High,45.59
DLVORD00000373,DLVCUST0000175,2024-11-11,ZONE0003,0.51,Next Day,High,2528.69
DLVORD00000374,DLVCUST0000058,2024-03-22,ZONE0018,18.73,Economy,Urgent,4918.16
DLVORD00000375,DLVCUST0000019,2022-03-30,ZONE0008,21.61,Same Day,Urgent,1400.65
DLVORD00000376,DLVCUST0000182,2024-11-20,ZONE0020,21.93,Next Day,High,94.36
DLVORD00000377,DLVCUST0000193,2024-07-24,ZONE0016,37.1,Next Day,Normal,2771.96
DLVORD00000378,DLVCUST0000371,2024-07-09,ZONE0005,31.81,Next Day,Urgent,2667.24
DLVORD00000379,DLVCUST0000201,2023-09-03,ZONE0010,46.78,Economy,High,4210.77
DLVORD00000380,DLVCUST0000229,2023-08-26,ZONE0018,14.74,Economy,High,1667.31
DLVORD00000381,DLVCUST0000260,2024-11-07,ZONE0004,10.87,Economy,Urgent,3255.0
DLVORD00000382,DLVCUST0000318,2023-08-23,ZONE0017,1.85,Same Day,Urgent,3578.26
DLVORD00000383,DLVCUST0000382,2022-06-18,ZONE0006,34.69,Express,High,242.69
DLVORD00000384,DLVCUST0000374,2024-01-15,ZONE0002,36.72,Standard,Urgent,844.05
DLVORD00000385,DLVCUST0000212,2023-08-18,ZONE0016,20.34,Economy,Normal,4636.3
DLVORD00000386,DLVCUST0000061,2023-09-07,ZONE0013,41.26,Same Day,Normal,3476.97
DLVORD00000387,DLVCUST0000098,2023-01-22,ZONE0017,40.15,Same Day,High,944.6
DLVORD00000388,DLVCUST0000383,2022-02-16,ZONE0009,37.23,Next Day,Normal,674.17
DLVORD00000389,DLVCUST0000384,2024-06-29,ZONE0018,4.1,Express,High,1253.15
DLVORD00000390,DLVCUST0000400,2022-11-10,ZONE0010,25.46,Standard,Urgent,37.51
DLVORD00000391,DLVCUST0000398,2023-12-18,ZONE0005,0.6,Express,Normal,3242.13
DLVORD00000392,DLVCUST0000360,2024-02-14,ZONE0006,35.14,Standard,High,3818.93
DLVORD00000393,DLVCUST0000323,2022-08-11,ZONE0007,7.63,Economy,High,3157.47
DLVORD00000394,DLVCUST0000100,2023-03-10,ZONE0009,19.51,Economy,Urgent,2421.35
DLVORD00000395,DLVCUST0000027,2024-01-19,ZONE0013,29.39,Next Day,High,4868.9
DLVORD00000396,DLVCUST0000029,2024-04-22,ZONE0004,35.46,Standard,High,1762.35
DLVORD00000397,DLVCUST0000235,2024-03-02,ZONE0012,28.95,Same Day,High,2326.12
DLVORD00000398,DLVCUST0000136,2024-08-17,ZONE0019,9.15,Standard,Urgent,2555.49
DLVORD00000399,DLVCUST0000328,2024-12-02,ZONE0019,38.47,Standard,High,3791.52
DLVORD00000400,DLVCUST0000147,2024-07-02,ZONE0016,48.97,Express,Urgent,511.64
DLVORD00000401,DLVCUST0000345,2022-12-12,ZONE0008,42.11,Express,Urgent,2805.63
DLVORD00000402,DLVCUST0000066,2022-06-05,ZONE0011,34.3,Next Day,Urgent,2860.12
DLVORD00000403,DLVCUST0000071,2023-07-05,ZONE0001,37.94,Economy,Urgent,1688.95
DLVORD00000404,DLVCUST0000035,2024-03-18,ZONE0004,15.11,Next Day,Normal,2947.05
DLVORD00000405,DLVCUST0000194,2022-07-23,ZONE0001,48.82,Next Day,Normal,21.15
DLVORD00000406,DLVCUST0000129,2024-02-15,ZONE0013,26.15,Same Day,Urgent,625.67
DLVORD00000407,DLVCUST0000208,2024-09-06,ZONE0009,14.46,Next Day,Urgent,1506.25
DLVORD00000408,DLVCUST0000042,2024-02-02,ZONE0016,27.41,Economy,Normal,2711.06
DLVORD00000409,DLVCUST0000251,2024-09-14,ZONE0015,8.27,Same Day,High,4059.95
DLVORD00000410,DLVCUST0000269,2024-10-12,ZONE0015,46.63,Same Day,High,3889.11
DLVORD00000411,DLVCUST0000150,2024-10-31,ZONE0013,37.44,Same Day,Urgent,4072.64
DLVORD00000412,DLVCUST0000131,2022-05-12,ZONE0005,13.11,Express,High,4606.95
DLVORD00000413,DLVCUST0000259,2024-02-25,ZONE0019,44.73,Same Day,High,2139.16
DLVORD00000414,DLVCUST0000078,2022-11-11,ZONE0005,32.01,Next Day,Normal,3959.81
DLVORD00000415,DLVCUST0000373,2023-12-08,ZONE0009,43.9,Standard,Urgent,3784.0
DLVORD00000416,DLVCUST0000183,2024-10-09,ZONE0013,14.78,Express,Normal,1646.72
DLVORD00000417,DLVCUST0000296,2023-10-01,ZONE0014,34.31,Same Day,Normal,4967.94
DLVORD00000418,DLVCUST0000076,2024-04-25,ZONE0004,38.58,Economy,Urgent,4394.6
DLVORD00000419,DLVCUST0000146,2023-02-28,ZONE0018,0.76,Next Day,Urgent,3309.75
DLVORD00000420,DLVCUST0000039,2024-10-06,ZONE0012,25.87,Express,Urgent,3558.48
DLVORD00000421,DLVCUST0000172,2023-02-11,ZONE0020,18.39,Standard,Urgent,2354.08
DLVORD00000422,DLVCUST0000301,2024-05-13,ZONE0006,42.37,Same Day,High,1632.32
DLVORD00000423,DLVCUST0000382,2024-01-19,ZONE0006,45.28,Same Day,Normal,2414.06
DLVORD00000424,DLVCUST0000056,2024-02-10,ZONE0004,29.0,Standard,High,1983.09
DLVORD00000425,DLVCUST0000340,2023-12-14,ZONE0004,46.14,Same Day,High,2704.83
DLVORD00000426,DLVCUST0000239,2022-06-14,ZONE0017,41.41,Next Day,Urgent,2117.7
DLVORD00000427,DLVCUST0000024,2023-07-16,ZONE0019,4.88,Economy,Urgent,811.44
DLVORD00000428,DLVCUST0000194,2024-09-22,ZONE0001,37.4,Standard,Normal,2100.28
DLVORD00000429,DLVCUST0000341,2022-02-15,ZONE0019,45.26,Same Day,High,1732.28
DLVORD00000430,DLVCUST0000064,2023-11-16,ZONE0003,11.33,Economy,High,1064.61
DLVORD00000431,DLVCUST0000343,2022-07-20,ZONE0013,42.8,Express,Urgent,86.74
DLVORD00000432,DLVCUST0000026,2023-12-08,ZONE0019,39.65,Next Day,Urgent,924.05
DLVORD00000433,DLVCUST0000370,2023-12-10,ZONE0018,20.03,Economy,Urgent,122.95
DLVORD00000434,DLVCUST0000017,2023-08-26,ZONE0008,13.9,Same Day,Urgent,2698.73
DLVORD00000435,DLVCUST0000366,2023-09-27,ZONE0016,34.46,Same Day,Normal,4679.5
DLVORD00000436,DLVCUST0000071,2023-05-01,ZONE0001,47.34,Standard,High,2087.53
DLVORD00000437,DLVCUST0000366,2024-08-23,ZONE0016,28.12,Standard,Urgent,311.91
DLVORD00000438,DLVCUST0000301,2023-07-07,ZONE0006,9.19,Economy,Normal,2139.51
DLVORD00000439,DLVCUST0000235,2023-10-28,ZONE0012,19.77,Same Day,Normal,1972.71
DLVORD00000440,DLVCUST0000059,2023-09-29,ZONE0005,46.02,Standard,Normal,2247.19
DLVORD00000441,DLVCUST0000231,2024-05-18,ZONE0016,35.58,Standard,Normal,2321.11
DLVORD00000442,DLVCUST0000304,2022-02-16,ZONE0014,20.17,Standard,Normal,3771.6
DLVORD00000443,DLVCUST0000084,2023-05-08,ZONE0015,34.82,Next Day,Normal,1325.84
DLVORD00000444,DLVCUST0000110,2024-03-15,ZONE0014,49.14,Next Day,High,3996.36
DLVORD00000445,DLVCUST0000368,2023-02-06,ZONE0019,49.55,Next Day,Normal,3652.27
DLVORD00000446,DLVCUST0000345,2023-06-29,ZONE0008,1.06,Economy,Urgent,1255.6
DLVORD00000447,DLVCUST0000041,2023-02-17,ZONE0008,21.53,Next Day,Urgent,2312.42
DLVORD00000448,DLVCUST0000049,2024-12-18,ZONE0008,5.32,Next Day,Urgent,398.23
DLVORD00000449,DLVCUST0000148,2022-12-30,ZONE0014,29.4,Express,Normal,3233.96
DLVORD00000450,DLVCUST0000350,2024-07-06,ZONE0009,8.17,Express,Normal,4008.18
DLVORD00000451,DLVCUST0000157,2024-02-27,ZONE0013,14.88,Next Day,Normal,1941.79
DLVORD00000452,DLVCUST0000039,2023-03-10,ZONE0012,8.23,Economy,High,998.16
DLVORD00000453,DLVCUST0000306,2023-01-22,ZONE0004,25.68,Express,High,4433.21
DLVORD00000454,DLVCUST0000246,2023-10-15,ZONE0020,24.6,Economy,High,371.62
DLVORD00000455,DLVCUST0000262,2022-11-10,ZONE0005,8.88,Same Day,High,945.43
DLVORD00000456,DLVCUST0000141,2024-01-19,ZONE0012,10.49,Economy,High,4505.37
DLVORD00000457,DLVCUST0000050,2022-12-06,ZONE0013,47.65,Express,Urgent,2161.38
DLVORD00000458,DLVCUST0000089,2024-07-20,ZONE0004,37.44,Economy,Urgent,2182.67
DLVORD00000459,DLVCUST0000145,2024-02-17,ZONE0016,0.37,Express,High,4137.5
DLVORD00000460,DLVCUST0000001,2022-01-17,ZONE0003,39.79,Economy,Urgent,2974.04
DLVORD00000461,DLVCUST0000110,2022-11-13,ZONE0014,8.78,Economy,Normal,3974.49
DLVORD00000462,DLVCUST0000304,2022-11-01,ZONE0014,18.5,Next Day,High,1080.82
DLVORD00000463,DLVCUST0000054,2024-06-14,ZONE0014,10.89,Economy,High,4869.83
DLVORD00000464,DLVCUST0000258,2024-06-20,ZONE0009,18.85,Same Day,Urgent,2513.7
DLVORD00000465,DLVCUST0000097,2024-03-20,ZONE0020,49.64,Standard,High,337.86
DLVORD00000466,DLVCUST0000064,2022-10-15,ZONE0003,7.71,Standard,Urgent,1225.97
DLVORD00000467,DLVCUST0000325,2023-09-20,ZONE0013,36.95,Next Day,Urgent,3481.31
DLVORD00000468,DLVCUST0000080,2024-02-13,ZONE0005,37.63,Economy,High,649.13
DLVORD00000469,DLVCUST0000201,2023-09-06,ZONE0010,40.61,Express,High,3815.16
DLVORD00000470,DLVCUST0000185,2024-07-09,ZONE0007,0.25,Standard,Normal,3675.37
DLVORD00000471,DLVCUST0000141,2023-09-25,ZONE0012,28.22,Same Day,Normal,4851.57
DLVORD00000472,DLVCUST0000024,2023-02-18,ZONE0019,29.87,Standard,Normal,169.51
DLVORD00000473,DLVCUST0000003,2024-06-24,ZONE0018,10.71,Next Day,Normal,2491.84
DLVORD00000474,DLVCUST0000150,2023-08-08,ZONE0013,36.28,Standard,Normal,2300.08
DLVORD00000475,DLVCUST0000205,2022-05-30,ZONE0013,43.63,Economy,High,49.13
DLVORD00000476,DLVCUST0000221,2024-01-20,ZONE0020,1.63,Express,Normal,4577.02
DLVORD00000477,DLVCUST0000019,2024-12-07,ZONE0008,5.89,Economy,Urgent,2282.92
DLVORD00000478,DLVCUST0000055,2023-07-18,ZONE0019,44.31,Express,Normal,1220.69
DLVORD00000479,DLVCUST0000149,2024-08-26,ZONE0005,36.23,Economy,High,1933.86
DLVORD00000480,DLVCUST0000289,2024-01-27,ZONE0012,13.45,Economy,High,124.75
DLVORD00000481,DLVCUST0000363,2023-12-13,ZONE0018,25.13,Standard,High,3435.13
DLVORD00000482,DLVCUST0000281,2024-02-27,ZONE0010,37.02,Express,Normal,3862.46
DLVORD00000483,DLVCUST0000258,2024-12-02,ZONE0009,15.49,Economy,High,4973.83
DLVORD00000484,DLVCUST0000163,2024-06-14,ZONE0001,15.93,Express,Urgent,4284.07
DLVORD00000485,DLVCUST0000144,2023-04-05,ZONE0001,34.6,Express,High,1043.51
DLVORD00000486,DLVCUST0000097,2024-02-07,ZONE0020,10.77,Standard,Normal,3569.85
DLVORD00000487,DLVCUST0000328,2024-06-28,ZONE0019,38.02,Economy,High,4006.55
DLVORD00000488,DLVCUST0000258,2024-07-28,ZONE0009,37.75,Standard,Urgent,1001.31
DLVORD00000489,DLVCUST0000377,2024-04-15,ZONE0001,9.86,Express,Urgent,4592.26
DLVORD00000490,DLVCUST0000375,2023-07-26,ZONE0007,47.82,Express,Normal,730.39
DLVORD00000491,DLVCUST0000042,2023-05-24,ZONE0016,26.8,Same Day,Normal,2084.57
DLVORD00000492,DLVCUST0000156,2022-08-02,ZONE0002,27.49,Economy,Normal,2263.84
DLVORD00000493,DLVCUST0000026,2023-10-18,ZONE0019,6.1,Express,Urgent,1670.1
DLVORD00000494,DLVCUST0000043,2024-09-03,ZONE0012,22.52,Next Day,Urgent,1497.94
DLVORD00000495,DLVCUST0000075,2023-01-15,ZONE0004,17.64,Express,Normal,2415.48
DLVORD00000496,DLVCUST0000211,2022-09-12,ZONE0014,47.83,Same Day,Urgent,1445.5
DLVORD00000497,DLVCUST0000374,2024-05-04,ZONE0002,7.03,Standard,Urgent,589.86
DLVORD00000498,DLVCUST0000255,2023-02-06,ZONE0016,9.14,Standard,High,3105.35
DLVORD00000499,DLVCUST0000326,2024-07-22,ZONE0014,34.53,Economy,Normal,4356.23
DLVORD00000500,DLVCUST0000090,2024-01-23,ZONE0012,23.86,Economy,High,3061.44
DLVORD00000501,DLVCUST0000107,2024-12-18,ZONE0007,1.34,Standard,Urgent,2212.62
DLVORD00000502,DLVCUST0000293,2023-06-14,ZONE0008,44.22,Same Day,Normal,696.46
DLVORD00000503,DLVCUST0000064,2022-10-13,ZONE0003,42.98,Economy,Normal,3461.89
DLVORD00000504,DLVCUST0000229,2023-08-06,ZONE0018,43.34,Next Day,Normal,4182.33
DLVORD00000505,DLVCUST0000339,2023-08-27,ZONE0014,37.4,Next Day,Urgent,776.03
DLVORD00000506,DLVCUST0000382,2022-08-12,ZONE0006,41.61,Economy,Urgent,707.45
DLVORD00000507,DLVCUST0000015,2023-09-24,ZONE0010,31.18,Standard,Normal,578.74
DLVORD00000508,DLVCUST0000220,2023-07-14,ZONE0002,11.38,Express,Normal,2357.9
DLVORD00000509,DLVCUST0000346,2024-08-25,ZONE0005,6.59,Next Day,High,3747.18
DLVORD00000510,DLVCUST0000244,2022-11-26,ZONE0009,10.18,Express,Normal,877.66
DLVORD00000511,DLVCUST0000363,2023-02-04,ZONE0018,19.44,Next Day,High,21.76
DLVORD00000512,DLVCUST0000122,2024-06-14,ZONE0014,6.85,Next Day,Normal,109.94
DLVORD00000513,DLVCUST0000037,2023-12-08,ZONE0005,3.63,Next Day,Urgent,839.73
DLVORD00000514,DLVCUST0000170,2023-11-20,ZONE0013,24.99,Economy,High,1759.7
DLVORD00000515,DLVCUST0000277,2022-02-01,ZONE0004,47.87,Same Day,Normal,1826.48
DLVORD00000516,DLVCUST0000292,2024-05-13,ZONE0016,43.17,Express,Normal,1004.56
DLVORD00000517,DLVCUST0000345,2023-05-22,ZONE0008,16.36,Next Day,Urgent,1955.43
DLVORD00000518,DLVCUST0000214,2023-01-15,ZONE0015,2.12,Next Day,High,4818.96
DLVORD00000519,DLVCUST0000168,2023-06-03,ZONE0018,42.32,Standard,High,3045.21
DLVORD00000520,DLVCUST0000150,2024-10-14,ZONE0013,31.69,Economy,High,2293.95
DLVORD00000521,DLVCUST0000339,2022-08-17,ZONE0014,42.76,Standard,Normal,4330.12
DLVORD00000522,DLVCUST0000320,2023-04-26,ZONE0007,25.41,Next Day,High,2112.49
DLVORD00000523,DLVCUST0000266,2023-04-23,ZONE0007,7.83,Standard,Normal,3097.65
DLVORD00000524,DLVCUST0000263,2023-07-22,ZONE0014,47.7,Standard,Normal,4087.43
DLVORD00000525,DLVCUST0000272,2024-07-20,ZONE0013,36.5,Express,High,3653.92
DLVORD00000526,DLVCUST0000167,2024-04-24,ZONE0007,27.72,Same Day,High,2457.28
DLVORD00000527,DLVCUST0000323,2023-06-21,ZONE0007,0.72,Express,High,3195.86
DLVORD00000528,DLVCUST0000152,2024-12-10,ZONE0020,0.71,Same Day,Normal,121.87
DLVORD00000529,DLVCUST0000144,2024-07-31,ZONE0001,30.25,Express,Urgent,4255.99
DLVORD00000530,DLVCUST0000341,2022-08-05,ZONE0019,24.1,Same Day,High,4267.89
DLVORD00000531,DLVCUST0000045,2022-08-23,ZONE0016,28.82,Same Day,Urgent,4833.64
DLVORD00000532,DLVCUST0000232,2022-05-03,ZONE0004,6.47,Economy,Normal,31.57
DLVORD00000533,DLVCUST0000192,2022-07-18,ZONE0002,37.46,Standard,Normal,3403.5
DLVORD00000534,DLVCUST0000035,2024-03-15,ZONE0004,48.74,Express,High,4883.45
DLVORD00000535,DLVCUST0000243,2023-05-25,ZONE0002,29.8,Next Day,Urgent,2350.22
DLVORD00000536,DLVCUST0000268,2024-12-16,ZONE0009,13.57,Same Day,High,3277.42
DLVORD00000537,DLVCUST0000108,2024-04-15,ZONE0012,32.27,Standard,Urgent,4605.09
DLVORD00000538,DLVCUST0000072,2024-05-25,ZONE0019,45.18,Next Day,Normal,1474.07
DLVORD00000539,DLVCUST0000316,2023-09-02,ZONE0016,27.14,Standard,Urgent,4498.41
DLVORD00000540,DLVCUST0000362,2022-01-03,ZONE0009,32.03,Next Day,High,4575.49
DLVORD00000541,DLVCUST0000182,2023-12-23,ZONE0020,7.25,Next Day,High,38.66
DLVORD00000542,DLVCUST0000049,2023-07-09,ZONE0008,9.03,Economy,Urgent,3486.57
DLVORD00000543,DLVCUST0000047,2023-12-28,ZONE0017,14.88,Express,Normal,187.04
DLVORD00000544,DLVCUST0000064,2023-08-26,ZONE0003,15.61,Standard,High,884.96
DLVORD00000545,DLVCUST0000366,2024-01-16,ZONE0016,9.39,Standard,Normal,1943.51
DLVORD00000546,DLVCUST0000014,2023-08-19,ZONE0019,34.1,Economy,Urgent,1739.65
DLVORD00000547,DLVCUST0000141,2022-10-10,ZONE0012,20.07,Standard,Normal,3127.86
DLVORD00000548,DLVCUST0000005,2022-06-27,ZONE0002,46.74,Standard,Urgent,4945.48
DLVORD00000549,DLVCUST0000065,2023-11-13,ZONE0002,4.52,Express,Urgent,3216.94
DLVORD00000550,DLVCUST0000260,2022-01-29,ZONE0004,12.33,Economy,Normal,3948.38
DLVORD00000551,DLVCUST0000273,2023-11-13,ZONE0006,43.64,Economy,High,736.72
DLVORD00000552,DLVCUST0000059,2024-02-20,ZONE0005,25.49,Same Day,High,493.82
DLVORD00000553,DLVCUST0000258,2024-10-25,ZONE0009,19.3,Express,Urgent,1945.1
DLVORD00000554,DLVCUST0000049,2023-08-26,ZONE0008,35.38,Economy,Urgent,1948.1
DLVORD00000555,DLVCUST0000269,2023-12-09,ZONE0015,29.26,Express,Normal,1899.22
DLVORD00000556,DLVCUST0000028,2024-01-24,ZONE0004,10.42,Economy,Urgent,3830.01
DLVORD00000557,DLVCUST0000332,2023-10-28,ZONE0016,11.92,Economy,Urgent,48.31
DLVORD00000558,DLVCUST0000062,2023-06-02,ZONE0001,1.03,Express,Urgent,357.65
DLVORD00000559,DLVCUST0000009,2022-08-27,ZONE0019,10.07,Express,Urgent,3960.65
DLVORD00000560,DLVCUST0000050,2023-07-20,ZONE0013,13.6,Economy,Urgent,2192.71
DLVORD00000561,DLVCUST0000055,2023-07-12,ZONE0019,20.32,Same Day,Urgent,990.76
DLVORD00000562,DLVCUST0000168,2023-01-12,ZONE0018,21.05,Same Day,High,1892.07
DLVORD00000563,DLVCUST0000059,2024-09-20,ZONE0005,33.9,Standard,Urgent,3690.39
DLVORD00000564,DLVCUST0000337,2024-11-16,ZONE0004,48.26,Same Day,High,3474.11
DLVORD00000565,DLVCUST0000264,2023-03-22,ZONE0005,39.07,Express,High,1564.5
DLVORD00000566,DLVCUST0000124,2024-06-17,ZONE0017,33.76,Express,Urgent,4214.55
DLVORD00000567,DLVCUST0000220,2024-03-02,ZONE0002,16.79,Express,Normal,2320.61
DLVORD00000568,DLVCUST0000233,2023-09-14,ZONE0010,29.88,Same Day,Normal,2664.08
DLVORD00000569,DLVCUST0000282,2023-07-15,ZONE0004,24.22,Standard,Urgent,2697.9
DLVORD00000570,DLVCUST0000395,2023-07-25,ZONE0009,18.57,Same Day,Urgent,3337.83
DLVORD00000571,DLVCUST0000009,2024-01-02,ZONE0019,23.76,Standard,Urgent,4659.38
DLVORD00000572,DLVCUST0000202,2024-03-11,ZONE0018,29.72,Next Day,Normal,4743.75
DLVORD00000573,DLVCUST0000060,2022-05-28,ZONE0003,25.86,Economy,Urgent,4358.41
DLVORD00000574,DLVCUST0000307,2023-03-19,ZONE0006,14.02,Standard,Urgent,3574.99
DLVORD00000575,DLVCUST0000265,2024-08-15,ZONE0010,28.81,Express,Normal,2298.14
DLVORD00000576,DLVCUST0000334,2023-10-19,ZONE0010,32.35,Same Day,Normal,4228.48
DLVORD00000577,DLVCUST0000245,2023-02-05,ZONE0012,49.48,Same Day,Normal,4509.77
DLVORD00000578,DLVCUST0000312,2023-11-22,ZONE0018,39.08,Same Day,High,4099.57
DLVORD00000579,DLVCUST0000275,2022-11-16,ZONE0017,2.3,Express,Urgent,793.59
DLVORD00000580,DLVCUST0000183,2022-02-14,ZONE0013,45.77,Standard,Urgent,1200.17
DLVORD00000581,DLVCUST0000165,2024-10-11,ZONE0014,45.14,Economy,Urgent,2123.49
DLVORD00000582,DLVCUST0000394,2024-07-02,ZONE0012,17.67,Next Day,Urgent,2035.07
DLVORD00000583,DLVCUST0000031,2024-10-19,ZONE0004,26.44,Express,High,1003.89
DLVORD00000584,DLVCUST0000328,2022-02-03,ZONE0019,14.92,Standard,High,3928.96
DLVORD00000585,DLVCUST0000154,2024-06-15,ZONE0014,24.53,Express,Urgent,4244.84
DLVORD00000586,DLVCUST0000185,2024-06-20,ZONE0007,5.64,Same Day,Normal,2093.85
DLVORD00000587,DLVCUST0000003,2024-02-07,ZONE0018,39.69,Next Day,Normal,4439.27
DLVORD00000588,DLVCUST0000056,2023-02-01,ZONE0004,37.73,Same Day,Normal,3114.32
DLVORD00000589,DLVCUST0000188,2024-06-19,ZONE0014,6.48,Economy,High,2183.09
DLVORD00000590,DLVCUST0000016,2024-05-26,ZONE0001,21.63,Express,High,2825.39
DLVORD00000591,DLVCUST0000050,2024-03-30,ZONE0013,8.34,Standard,High,2707.03
DLVORD00000592,DLVCUST0000371,2024-07-24,ZONE0005,35.48,Standard,Normal,2575.45
DLVORD00000593,DLVCUST0000051,2024-11-01,ZONE0016,40.45,Express,Normal,1656.19
DLVORD00000594,DLVCUST0000087,2023-12-05,ZONE0001,30.84,Same Day,High,4383.92
DLVORD00000595,DLVCUST0000246,2023-04-21,ZONE0020,26.43,Next Day,High,950.87
DLVORD00000596,DLVCUST0000333,2023-05-15,ZONE0005,24.92,Standard,Normal,1601.17
DLVORD00000597,DLVCUST0000231,2022-07-17,ZONE0016,8.58,Next Day,High,2099.84
DLVORD00000598,DLVCUST0000170,2023-04-07,ZONE0013,31.67,Express,Normal,2885.44
DLVORD00000599,DLVCUST0000032,2024-06-11,ZONE0018,44.54,Next Day,Urgent,434.62
DLVORD00000600,DLVCUST0000317,2023-10-14,ZONE0012,44.38,Next Day,Normal,3809.09
DLVORD00000601,DLVCUST0000331,2022-04-14,ZONE0002,4.73,Same Day,Normal,4980.87
DLVORD00000602,DLVCUST0000225,2023-04-26,ZONE0011,45.65,Economy,Urgent,1294.11
DLVORD00000603,DLVCUST0000097,2024-02-21,ZONE0020,25.78,Same Day,Normal,150.39
DLVORD00000604,DLVCUST0000194,2023-03-07,ZONE0001,32.96,Economy,High,2614.16
DLVORD00000605,DLVCUST0000214,2023-03-04,ZONE0015,42.96,Next Day,High,1215.05
DLVORD00000606,DLVCUST0000353,2024-10-11,ZONE0005,10.76,Economy,Urgent,1907.99
DLVORD00000607,DLVCUST0000182,2023-01-12,ZONE0020,30.12,Express,Urgent,2480.97
DLVORD00000608,DLVCUST0000048,2022-03-21,ZONE0011,12.3,Next Day,High,3186.66
DLVORD00000609,DLVCUST0000270,2023-09-07,ZONE0013,43.62,Next Day,Urgent,2559.26
DLVORD00000610,DLVCUST0000064,2023-03-11,ZONE0003,27.09,Express,Normal,404.22
DLVORD00000611,DLVCUST0000009,2023-07-03,ZONE0019,27.36,Express,High,2956.77
DLVORD00000612,DLVCUST0000206,2024-04-29,ZONE0005,22.01,Economy,High,1059.49
DLVORD00000613,DLVCUST0000002,2022-12-24,ZONE0016,47.04,Express,Urgent,2208.05
DLVORD00000614,DLVCUST0000080,2024-02-18,ZONE0005,6.89,Express,Urgent,1403.47
DLVORD00000615,DLVCUST0000132,2022-12-13,ZONE0017,37.56,Standard,High,4027.01
DLVORD00000616,DLVCUST0000200,2024-04-21,ZONE0020,8.2,Express,Normal,2214.91
DLVORD00000617,DLVCUST0000149,2023-01-13,ZONE0005,6.25,Next Day,Normal,4314.5
DLVORD00000618,DLVCUST0000252,2022-06-19,ZONE0017,26.3,Economy,Normal,663.88
DLVORD00000619,DLVCUST0000320,2023-09-12,ZONE0007,0.17,Next Day,Urgent,2945.3
DLVORD00000620,DLVCUST0000251,2024-02-16,ZONE0015,14.67,Next Day,Normal,4810.57
DLVORD00000621,DLVCUST0000323,2024-02-06,ZONE0007,6.97,Economy,Normal,2675.59
DLVORD00000622,DLVCUST0000013,2024-06-08,ZONE0008,31.47,Express,Normal,3764.3
DLVORD00000623,DLVCUST0000260,2023-08-30,ZONE0004,20.5,Same Day,Normal,3669.68
DLVORD00000624,DLVCUST0000083,2024-12-10,ZONE0020,27.79,Standard,Normal,2424.98
DLVORD00000625,DLVCUST0000179,2024-01-06,ZONE0002,16.61,Express,High,3391.81
DLVORD00000626,DLVCUST0000146,2022-07-15,ZONE0018,46.89,Economy,Urgent,1436.93
DLVORD00000627,DLVCUST0000182,2023-08-21,ZONE0020,45.44,Same Day,Urgent,2876.92
DLVORD00000628,DLVCUST0000252,2022-03-30,ZONE0017,24.22,Express,Normal,3832.34
DLVORD00000629,DLVCUST0000101,2023-10-21,ZONE0019,10.73,Express,High,1681.22
DLVORD00000630,DLVCUST0000285,2024-07-05,ZONE0020,37.45,Same Day,High,1349.32
DLVORD00000631,DLVCUST0000219,2024-04-29,ZONE0018,16.43,Same Day,Urgent,4981.3
DLVORD00000632,DLVCUST0000011,2023-02-07,ZONE0019,21.63,Standard,Urgent,4436.74
DLVORD00000633,DLVCUST0000226,2023-08-05,ZONE0002,27.63,Same Day,Urgent,2667.88
DLVORD00000634,DLVCUST0000135,2022-07-24,ZONE0018,23.16,Same Day,Normal,1565.79
DLVORD00000635,DLVCUST0000082,2023-06-11,ZONE0010,0.49,Express,High,1287.68
DLVORD00000636,DLVCUST0000094,2022-05-14,ZONE0006,32.82,Express,Normal,4175.69
DLVORD00000637,DLVCUST0000177,2024-04-05,ZONE0005,1.7,Same Day,Urgent,1314.63
DLVORD00000638,DLVCUST0000023,2023-12-10,ZONE0004,47.26,Same Day,Normal,498.15
DLVORD00000639,DLVCUST0000263,2023-12-29,ZONE0014,0.13,Economy,Normal,3098.97
DLVORD00000640,DLVCUST0000025,2024-08-23,ZONE0005,22.95,Same Day,Normal,2033.15
DLVORD00000641,DLVCUST0000336,2023-02-17,ZONE0002,23.85,Standard,High,1340.26
DLVORD00000642,DLVCUST0000368,2023-08-13,ZONE0019,47.71,Standard,Urgent,3425.85
DLVORD00000643,DLVCUST0000367,2023-07-18,ZONE0003,40.72,Express,High,4028.04
DLVORD00000644,DLVCUST0000353,2024-11-29,ZONE0005,19.54,Express,High,2091.79
DLVORD00000645,DLVCUST0000233,2024-12-03,ZONE0010,31.32,Next Day,High,3261.06
DLVORD00000646,DLVCUST0000077,2024-11-09,ZONE0010,31.11,Same Day,High,635.52
DLVORD00000647,DLVCUST0000165,2024-10-10,ZONE0014,36.5,Standard,High,1253.88
DLVORD00000648,DLVCUST0000216,2023-07-23,ZONE0002,26.05,Express,High,1184.7
DLVORD00000649,DLVCUST0000062,2024-09-21,ZONE0001,24.54,Next Day,High,1476.72
DLVORD00000650,DLVCUST0000274,2024-05-22,ZONE0017,0.33,Economy,Normal,2009.81
DLVORD00000651,DLVCUST0000173,2024-01-16,ZONE0020,33.96,Standard,Urgent,872.29
DLVORD00000652,DLVCUST0000220,2022-09-17,ZONE0002,38.35,Next Day,Urgent,3056.5
DLVORD00000653,DLVCUST0000121,2024-02-01,ZONE0015,12.66,Next Day,High,380.66
DLVORD00000654,DLVCUST0000141,2024-06-07,ZONE0012,34.9,Economy,Urgent,3315.71
DLVORD00000655,DLVCUST0000152,2023-01-21,ZONE0020,34.14,Same Day,Normal,2350.76
DLVORD00000656,DLVCUST0000254,2022-02-28,ZONE0002,14.38,Same Day,Normal,4143.73
DLVORD00000657,DLVCUST0000183,2023-04-02,ZONE0013,36.97,Express,High,4584.64
DLVORD00000658,DLVCUST0000094,2022-11-15,ZONE0006,25.2,Economy,Normal,3952.11
DLVORD00000659,DLVCUST0000344,2022-09-23,ZONE0002,42.64,Next Day,High,2007.92
DLVORD00000660,DLVCUST0000223,2023-09-06,ZONE0012,46.6,Express,Normal,874.73
DLVORD00000661,DLVCUST0000384,2024-01-26,ZONE0018,22.96,Economy,High,3217.86
DLVORD00000662,DLVCUST0000280,2024-06-28,ZONE0018,8.67,Express,Normal,1306.89
DLVORD00000663,DLVCUST0000221,2024-08-28,ZONE0020,47.89,Standard,Normal,547.21
DLVORD00000664,DLVCUST0000110,2022-10-24,ZONE0014,38.48,Next Day,Urgent,3518.81
DLVORD00000665,DLVCUST0000037,2022-08-11,ZONE0005,9.56,Same Day,Normal,3190.34
DLVORD00000666,DLVCUST0000400,2024-01-17,ZONE0010,10.01,Express,Urgent,1643.26
DLVORD00000667,DLVCUST0000365,2023-01-29,ZONE0005,27.48,Same Day,Urgent,4664.99
DLVORD00000668,DLVCUST0000157,2023-07-02,ZONE0013,32.87,Economy,Normal,1694.82
DLVORD00000669,DLVCUST0000381,2024-06-01,ZONE0013,7.38,Economy,High,1640.76
DLVORD00000670,DLVCUST0000055,2024-06-11,ZONE0019,34.3,Same Day,Normal,2605.51
DLVORD00000671,DLVCUST0000271,2024-01-18,ZONE0003,32.46,Same Day,Normal,2773.07
DLVORD00000672,DLVCUST0000382,2024-06-26,ZONE0006,44.46,Standard,High,1299.13
DLVORD00000673,DLVCUST0000041,2022-11-08,ZONE0008,34.65,Economy,High,2358.54
DLVORD00000674,DLVCUST0000022,2023-07-22,ZONE0003,13.26,Economy,High,2234.21
DLVORD00000675,DLVCUST0000078,2023-05-16,ZONE0005,0.33,Economy,High,4655.49
DLVORD00000676,DLVCUST0000206,2023-06-09,ZONE0005,45.04,Next Day,Normal,3112.91
DLVORD00000677,DLVCUST0000018,2022-01-23,ZONE0013,31.56,Standard,Normal,1330.49
DLVORD00000678,DLVCUST0000048,2024-02-07,ZONE0011,4.21,Express,Urgent,4550.65
DLVORD00000679,DLVCUST0000221,2023-09-21,ZONE0020,45.14,Economy,Urgent,349.82
DLVORD00000680,DLVCUST0000220,2022-11-09,ZONE0002,1.86,Express,Normal,2928.88
DLVORD00000681,DLVCUST0000214,2024-09-06,ZONE0015,2.28,Next Day,Urgent,1291.65
DLVORD00000682,DLVCUST0000375,2024-06-01,ZONE0007,42.8,Next Day,Urgent,1750.78
DLVORD00000683,DLVCUST0000212,2024-03-13,ZONE0016,27.26,Standard,Normal,2922.73
DLVORD00000684,DLVCUST0000066,2023-09-27,ZONE0011,18.78,Same Day,High,3217.33
DLVORD00000685,DLVCUST0000265,2023-07-14,ZONE0010,35.29,Next Day,Urgent,390.61
DLVORD00000686,DLVCUST0000186,2023-01-25,ZONE0001,48.72,Same Day,Normal,2868.43
DLVORD00000687,DLVCUST0000142,2024-02-19,ZONE0002,49.3,Economy,Normal,489.97
DLVORD00000688,DLVCUST0000051,2023-12-16,ZONE0016,31.55,Economy,Urgent,1401.6
DLVORD00000689,DLVCUST0000311,2023-12-31,ZONE0006,2.55,Next Day,Normal,4869.19
DLVORD00000690,DLVCUST0000180,2023-09-12,ZONE0006,34.04,Express,Urgent,4117.97
DLVORD00000691,DLVCUST0000110,2024-04-28,ZONE0014,32.11,Standard,Normal,2110.73
DLVORD00000692,DLVCUST0000077,2024-08-13,ZONE0010,5.17,Same Day,High,4642.93
DLVORD00000693,DLVCUST0000086,2024-02-17,ZONE0006,35.19,Express,Urgent,886.45
DLVORD00000694,DLVCUST0000067,2022-01-21,ZONE0010,15.15,Express,Normal,716.34
DLVORD00000695,DLVCUST0000378,2024-01-13,ZONE0019,17.34,Economy,High,2906.38
DLVORD00000696,DLVCUST0000304,2024-01-24,ZONE0014,34.56,Economy,Urgent,1274.59
DLVORD00000697,DLVCUST0000336,2023-09-22,ZONE0002,29.31,Express,Normal,257.15
DLVORD00000698,DLVCUST0000192,2023-03-14,ZONE0002,27.7,Same Day,Urgent,264.39
DLVORD00000699,DLVCUST0000249,2024-07-16,ZONE0016,49.09,Standard,Normal,3133.57
DLVORD00000700,DLVCUST0000338,2023-10-17,ZONE0004,49.14,Economy,High,3655.53
DLVORD00000701,DLVCUST0000161,2023-02-14,ZONE0009,28.07,Standard,Normal,424.51
DLVORD00000702,DLVCUST0000084,2022-11-17,ZONE0015,44.81,Express,Normal,2757.67
DLVORD00000703,DLVCUST0000071,2023-06-23,ZONE0001,33.59,Standard,Normal,1371.68
DLVORD00000704,DLVCUST0000136,2022-09-24,ZONE0019,19.57,Same Day,High,2763.25
DLVORD00000705,DLVCUST0000278,2023-09-05,ZONE0010,33.18,Same Day,High,3377.38
DLVORD00000706,DLVCUST0000326,2022-08-04,ZONE0014,48.15,Economy,High,2116.57
DLVORD00000707,DLVCUST0000367,2024-02-11,ZONE0003,26.3,Standard,High,1744.75
DLVORD00000708,DLVCUST0000243,2023-03-17,ZONE0002,17.88,Same Day,Normal,4186.21
DLVORD00000709,DLVCUST0000215,2023-12-05,ZONE0002,43.91,Express,Urgent,3691.81
DLVORD00000710,DLVCUST0000153,2024-02-05,ZONE0016,2.27,Standard,Normal,4245.83
DLVORD00000711,DLVCUST0000088,2024-02-12,ZONE0007,47.93,Economy,Urgent,247.63
DLVORD00000712,DLVCUST0000154,2023-11-24,ZONE0014,31.18,Same Day,Normal,805.47
DLVORD00000713,DLVCUST0000227,2023-06-06,ZONE0011,24.48,Next Day,High,586.94
DLVORD00000714,DLVCUST0000378,2024-11-13,ZONE0019,31.72,Next Day,High,1743.42
DLVORD00000715,DLVCUST0000391,2023-12-25,ZONE0010,28.46,Standard,Urgent,76.62
DLVORD00000716,DLVCUST0000396,2024-09-13,ZONE0003,28.12,Same Day,Normal,1925.78
DLVORD00000717,DLVCUST0000339,2022-04-21,ZONE0014,49.19,Same Day,Normal,4055.3
DLVORD00000718,DLVCUST0000034,2023-03-23,ZONE0004,2.44,Standard,Urgent,68.78
DLVORD00000719,DLVCUST0000344,2022-03-04,ZONE0002,28.61,Economy,High,1074.48
DLVORD00000720,DLVCUST0000342,2023-09-18,ZONE0001,28.27,Same Day,High,4086.02
DLVORD00000721,DLVCUST0000107,2022-06-20,ZONE0007,26.45,Economy,Urgent,137.5
DLVORD00000722,DLVCUST0000352,2024-07-08,ZONE0005,4.46,Next Day,Normal,360.52
DLVORD00000723,DLVCUST0000156,2023-12-07,ZONE0002,40.41,Economy,Normal,3209.72
DLVORD00000724,DLVCUST0000143,2023-10-01,ZONE0012,25.12,Standard,Urgent,3349.04
DLVORD00000725,DLVCUST0000316,2024-07-13,ZONE0016,49.81,Economy,Normal,91.22
DLVORD00000726,DLVCUST0000056,2024-12-30,ZONE0004,39.4,Next Day,Normal,3773.36
DLVORD00000727,DLVCUST0000328,2024-10-20,ZONE0019,15.28,Next Day,High,4130.39
DLVORD00000728,DLVCUST0000388,2022-04-05,ZONE0014,11.86,Express,Urgent,4160.88
DLVORD00000729,DLVCUST0000193,2023-06-01,ZONE0016,28.45,Economy,High,3794.7
DLVORD00000730,DLVCUST0000387,2022-09-20,ZONE0018,10.39,Same Day,High,2404.56
DLVORD00000731,DLVCUST0000335,2022-10-21,ZONE0017,20.14,Next Day,Urgent,772.14
DLVORD00000732,DLVCUST0000293,2024-01-09,ZONE0008,10.34,Standard,Normal,4819.28
DLVORD00000733,DLVCUST0000149,2023-08-13,ZONE0005,44.35,Same Day,High,2134.46
DLVORD00000734,DLVCUST0000248,2023-11-06,ZONE0011,14.54,Standard,High,1719.67
DLVORD00000735,DLVCUST0000028,2023-04-25,ZONE0004,22.28,Same Day,Normal,10.75
DLVORD00000736,DLVCUST0000006,2023-03-03,ZONE0019,3.31,Next Day,Urgent,4461.68
DLVORD00000737,DLVCUST0000044,2023-03-12,ZONE0015,38.99,Standard,Normal,3407.53
DLVORD00000738,DLVCUST0000279,2023-02-07,ZONE0010,39.77,Next Day,High,4617.68
DLVORD00000739,DLVCUST0000163,2024-08-26,ZONE0001,1.73,Same Day,High,3428.93
DLVORD00000740,DLVCUST0000245,2022-04-12,ZONE0012,19.56,Economy,Normal,1632.54
DLVORD00000741,DLVCUST0000181,2023-06-12,ZONE0005,27.09,Economy,Normal,3897.96
DLVORD00000742,DLVCUST0000255,2024-10-27,ZONE0016,14.03,Express,Urgent,2045.49
DLVORD00000743,DLVCUST0000056,2023-04-28,ZONE0004,41.81,Express,High,1127.6
DLVORD00000744,DLVCUST0000060,2023-01-01,ZONE0003,22.46,Next Day,Normal,4390.02
DLVORD00000745,DLVCUST0000221,2023-08-22,ZONE0020,38.97,Economy,High,2427.72
DLVORD00000746,DLVCUST0000207,2022-10-27,ZONE0013,7.31,Express,Normal,101.85
DLVORD00000747,DLVCUST0000360,2023-12-17,ZONE0006,48.52,Next Day,High,4521.45
DLVORD00000748,DLVCUST0000314,2023-11-08,ZONE0014,1.31,Same Day,High,2052.07
DLVORD00000749,DLVCUST0000024,2024-01-05,ZONE0019,41.14,Standard,Normal,3992.05
DLVORD00000750,DLVCUST0000071,2023-08-24,ZONE0001,37.6,Next Day,Normal,3790.58
DLVORD00000751,DLVCUST0000172,2023-12-18,ZONE0020,46.97,Economy,Normal,3348.97
DLVORD00000752,DLVCUST0000095,2024-03-16,ZONE0014,15.9,Standard,High,3371.88
DLVORD00000753,DLVCUST0000017,2024-08-11,ZONE0008,34.65,Standard,Normal,2499.07
DLVORD00000754,DLVCUST0000260,2022-08-08,ZONE0004,29.68,Next Day,Normal,2333.25
DLVORD00000755,DLVCUST0000059,2023-10-22,ZONE0005,6.77,Next Day,Normal,1586.75
DLVORD00000756,DLVCUST0000051,2024-05-03,ZONE0016,44.52,Standard,High,1422.67
DLVORD00000757,DLVCUST0000283,2024-07-31,ZONE0013,31.78,Economy,Urgent,2493.87
DLVORD00000758,DLVCUST0000360,2023-09-10,ZONE0006,26.5,Express,Normal,951.14
DLVORD00000759,DLVCUST0000211,2024-01-24,ZONE0014,44.87,Same Day,Urgent,2528.27
DLVORD00000760,DLVCUST0000253,2023-06-04,ZONE0018,34.76,Same Day,High,4911.95
DLVORD00000761,DLVCUST0000379,2023-04-29,ZONE0018,10.93,Express,Normal,26.88
DLVORD00000762,DLVCUST0000357,2023-12-23,ZONE0001,4.51,Standard,High,4306.66
DLVORD00000763,DLVCUST0000126,2024-01-28,ZONE0009,7.75,Economy,Urgent,2906.96
DLVORD00000764,DLVCUST0000175,2024-11-03,ZONE0003,7.34,Standard,Urgent,1195.05
DLVORD00000765,DLVCUST0000278,2023-11-18,ZONE0010,49.23,Express,Normal,2506.71
DLVORD00000766,DLVCUST0000381,2024-11-25,ZONE0013,41.36,Standard,Normal,1504.1
DLVORD00000767,DLVCUST0000206,2022-05-07,ZONE0005,29.78,Next Day,Urgent,1053.7
DLVORD00000768,DLVCUST0000008,2022-11-24,ZONE0006,13.26,Same Day,High,688.08
DLVORD00000769,DLVCUST0000035,2024-05-24,ZONE0004,34.2,Economy,Normal,2707.29
DLVORD00000770,DLVCUST0000179,2024-07-22,ZONE0002,37.68,Economy,High,2549.79
DLVORD00000771,DLVCUST0000092,2024-08-11,ZONE0013,21.8,Economy,Urgent,4118.65
DLVORD00000772,DLVCUST0000093,2022-06-17,ZONE0014,44.3,Express,Urgent,3000.24
DLVORD00000773,DLVCUST0000175,2023-04-15,ZONE0003,2.21,Express,Normal,1739.41
DLVORD00000774,DLVCUST0000314,2024-01-03,ZONE0014,40.71,Standard,Urgent,1521.57
DLVORD00000775,DLVCUST0000114,2023-08-06,ZONE0013,36.17,Next Day,Urgent,4417.54
DLVORD00000776,DLVCUST0000082,2023-06-08,ZONE0010,46.29,Economy,Urgent,4545.56
DLVORD00000777,DLVCUST0000017,2023-02-05,ZONE0008,6.02,Express,High,1146.65
DLVORD00000778,DLVCUST0000287,2022-02-04,ZONE0013,22.23,Express,Urgent,1177.71
DLVORD00000779,DLVCUST0000273,2023-11-22,ZONE0006,11.09,Next Day,High,4742.2
DLVORD00000780,DLVCUST0000225,2023-11-11,ZONE0011,35.49,Same Day,High,2723.94
DLVORD00000781,DLVCUST0000306,2024-01-08,ZONE0004,10.42,Same Day,High,4045.69
DLVORD00000782,DLVCUST0000384,2023-09-05,ZONE0018,8.84,Next Day,High,4195.15
DLVORD00000783,DLVCUST0000341,2023-11-13,ZONE0019,42.05,Express,High,2815.6
DLVORD00000784,DLVCUST0000376,2022-10-25,ZONE0017,18.27,Economy,Normal,1661.6
DLVORD00000785,DLVCUST0000187,2022-02-20,ZONE0012,15.51,Economy,Urgent,360.94
DLVORD00000786,DLVCUST0000052,2024-12-13,ZONE0013,15.79,Standard,High,977.18
DLVORD00000787,DLVCUST0000295,2023-12-13,ZONE0004,32.6,Same Day,Normal,4751.19
DLVORD00000788,DLVCUST0000333,2022-12-26,ZONE0005,13.89,Same Day,High,4540.91
DLVORD00000789,DLVCUST0000094,2024-04-28,ZONE0006,8.44,Same Day,Urgent,1023.61
DLVORD00000790,DLVCUST0000389,2022-12-26,ZONE0017,33.81,Next Day,High,3930.38
DLVORD00000791,DLVCUST0000267,2022-08-29,ZONE0010,21.95,Standard,High,2646.59
DLVORD00000792,DLVCUST0000293,2023-07-05,ZONE0008,30.41,Economy,Normal,2499.6
DLVORD00000793,DLVCUST0000164,2022-11-06,ZONE0006,43.07,Express,Normal,1375.1
DLVORD00000794,DLVCUST0000377,2024-08-05,ZONE0001,19.09,Standard,High,3461.06
DLVORD00000795,DLVCUST0000023,2024-01-16,ZONE0004,41.59,Economy,Urgent,1141.77
DLVORD00000796,DLVCUST0000241,2024-12-10,ZONE0004,43.71,Express,High,19.32
DLVORD00000797,DLVCUST0000182,2022-08-29,ZONE0020,48.22,Express,Urgent,3514.84
DLVORD00000798,DLVCUST0000021,2024-04-29,ZONE0019,36.08,Economy,Normal,381.02
DLVORD00000799,DLVCUST0000370,2023-02-08,ZONE0018,49.88,Same Day,Normal,3121.45
DLVORD00000800,DLVCUST0000261,2022-12-21,ZONE0005,29.6,Economy,Urgent,1953.6
DLVORD00000801,DLVCUST0000246,2022-11-04,ZONE0020,13.39,Next Day,Normal,2782.41
DLVORD00000802,DLVCUST0000025,2024-05-28,ZONE0005,4.11,Same Day,Normal,4942.66
DLVORD00000803,DLVCUST0000081,2024-05-16,ZONE0007,44.44,Same Day,High,4462.02
DLVORD00000804,DLVCUST0000165,2024-05-25,ZONE0014,48.86,Next Day,High,2115.17
DLVORD00000805,DLVCUST0000156,2023-11-18,ZONE0002,2.83,Same Day,Urgent,3244.11
DLVORD00000806,DLVCUST0000391,2023-02-16,ZONE0010,46.1,Economy,Urgent,2503.51
DLVORD00000807,DLVCUST0000352,2023-03-01,ZONE0005,3.0,Same Day,Normal,2812.75
DLVORD00000808,DLVCUST0000062,2024-12-13,ZONE0001,36.08,Standard,High,3362.64
DLVORD00000809,DLVCUST0000334,2022-10-23,ZONE0010,48.1,Economy,Normal,2303.88
DLVORD00000810,DLVCUST0000340,2024-04-05,ZONE0004,41.84,Economy,Normal,590.12
DLVORD00000811,DLVCUST0000380,2024-07-03,ZONE0004,1.99,Standard,Normal,451.36
DLVORD00000812,DLVCUST0000234,2022-06-09,ZONE0012,40.63,Next Day,High,4316.61
DLVORD00000813,DLVCUST0000266,2024-06-10,ZONE0007,18.68,Standard,High,4318.57
DLVORD00000814,DLVCUST0000360,2024-07-04,ZONE0006,32.78,Next Day,High,2671.31
DLVORD00000815,DLVCUST0000066,2024-10-19,ZONE0011,13.9,Express,High,1214.07
DLVORD00000816,DLVCUST0000354,2023-08-19,ZONE0011,21.78,Standard,Normal,2605.09
DLVORD00000817,DLVCUST0000063,2023-03-21,ZONE0014,19.75,Economy,Urgent,3337.63
DLVORD00000818,DLVCUST0000376,2024-05-01,ZONE0017,31.06,Standard,Urgent,3450.81
DLVORD00000819,DLVCUST0000243,2022-07-01,ZONE0002,32.19,Next Day,Normal,1499.9
DLVORD00000820,DLVCUST0000017,2024-03-27,ZONE0008,45.96,Same Day,Urgent,4658.36
DLVORD00000821,DLVCUST0000358,2024-07-24,ZONE0018,19.6,Economy,High,4827.14
DLVORD00000822,DLVCUST0000055,2023-12-28,ZONE0019,31.35,Next Day,High,689.27
DLVORD00000823,DLVCUST0000035,2023-12-31,ZONE0004,24.55,Same Day,High,299.4
DLVORD00000824,DLVCUST0000198,2023-07-07,ZONE0004,38.22,Express,Normal,2133.11
DLVORD00000825,DLVCUST0000120,2022-02-17,ZONE0001,4.06,Same Day,Normal,1548.24
DLVORD00000826,DLVCUST0000020,2022-09-21,ZONE0020,25.72,Economy,Normal,3595.65
DLVORD00000827,DLVCUST0000129,2024-01-11,ZONE0013,14.11,Economy,Normal,3297.79
DLVORD00000828,DLVCUST0000045,2023-06-22,ZONE0016,35.67,Economy,High,4786.06
DLVORD00000829,DLVCUST0000394,2024-06-24,ZONE0012,9.41,Same Day,Urgent,3389.92
DLVORD00000830,DLVCUST0000003,2024-03-02,ZONE0018,21.72,Economy,Normal,2858.0
DLVORD00000831,DLVCUST0000384,2022-11-16,ZONE0018,38.98,Express,High,1092.43
DLVORD00000832,DLVCUST0000181,2024-04-18,ZONE0005,44.95,Express,Normal,56.92
DLVORD00000833,DLVCUST0000373,2024-12-04,ZONE0009,33.53,Economy,Urgent,1396.16
DLVORD00000834,DLVCUST0000316,2023-12-12,ZONE0016,13.56,Standard,Normal,2113.55
DLVORD00000835,DLVCUST0000157,2023-06-28,ZONE0013,40.09,Standard,High,1364.66
DLVORD00000836,DLVCUST0000143,2023-10-03,ZONE0012,2.51,Same Day,Urgent,4030.67
DLVORD00000837,DLVCUST0000180,2023-05-27,ZONE0006,25.12,Express,Normal,717.53
DLVORD00000838,DLVCUST0000249,2024-06-01,ZONE0016,6.47,Next Day,High,1078.27
DLVORD00000839,DLVCUST0000160,2023-12-28,ZONE0009,26.56,Next Day,High,236.03
DLVORD00000840,DLVCUST0000342,2023-03-15,ZONE0001,37.47,Next Day,Urgent,4179.28
DLVORD00000841,DLVCUST0000395,2024-11-17,ZONE0009,0.73,Express,High,2727.04
DLVORD00000842,DLVCUST0000192,2022-08-25,ZONE0002,43.97,Same Day,Normal,195.73
DLVORD00000843,DLVCUST0000235,2023-12-16,ZONE0012,19.69,Next Day,Normal,2588.93
DLVORD00000844,DLVCUST0000147,2024-12-15,ZONE0016,39.02,Same Day,High,3462.79
DLVORD00000845,DLVCUST0000288,2022-02-19,ZONE0016,40.22,Same Day,Normal,1170.51
DLVORD00000846,DLVCUST0000283,2023-12-10,ZONE0013,38.9,Next Day,Normal,1855.37
DLVORD00000847,DLVCUST0000260,2024-06-01,ZONE0004,24.94,Next Day,Urgent,1531.55
DLVORD00000848,DLVCUST0000097,2023-06-19,ZONE0020,25.31,Economy,Urgent,1119.78
DLVORD00000849,DLVCUST0000390,2024-11-29,ZONE0003,10.78,Next Day,High,2331.15
DLVORD00000850,DLVCUST0000383,2023-04-04,ZONE0009,6.55,Express,Normal,3190.14
DLVORD00000851,DLVCUST0000179,2022-10-18,ZONE0002,32.09,Standard,Normal,1837.24
DLVORD00000852,DLVCUST0000233,2023-11-25,ZONE0010,16.41,Same Day,Urgent,4957.12
DLVORD00000853,DLVCUST0000183,2023-11-05,ZONE0013,17.74,Economy,High,4338.68
DLVORD00000854,DLVCUST0000169,2022-07-24,ZONE0016,1.63,Economy,Normal,413.5
DLVORD00000855,DLVCUST0000354,2024-12-29,ZONE0011,43.35,Economy,Normal,2528.24
DLVORD00000856,DLVCUST0000163,2023-04-15,ZONE0001,10.29,Next Day,Normal,289.26
DLVORD00000857,DLVCUST0000116,2022-01-22,ZONE0005,35.09,Next Day,Normal,492.72
DLVORD00000858,DLVCUST0000161,2023-09-12,ZONE0009,8.46,Next Day,High,4695.81
DLVORD00000859,DLVCUST0000245,2024-08-01,ZONE0012,29.83,Standard,Urgent,3473.78
DLVORD00000860,DLVCUST0000043,2023-02-25,ZONE0012,11.75,Express,Normal,276.75
DLVORD00000861,DLVCUST0000347,2023-06-14,ZONE0015,13.15,Express,Urgent,1610.55
DLVORD00000862,DLVCUST0000065,2024-03-20,ZONE0002,33.81,Same Day,Urgent,4710.1
DLVORD00000863,DLVCUST0000212,2022-09-10,ZONE0016,15.84,Economy,Normal,1072.58
DLVORD00000864,DLVCUST0000087,2022-08-11,ZONE0001,14.55,Express,Normal,3014.19
DLVORD00000865,DLVCUST0000211,2022-09-02,ZONE0014,14.36,Economy,Normal,2549.33
DLVORD00000866,DLVCUST0000051,2023-05-17,ZONE0016,3.33,Economy,Normal,597.21
DLVORD00000867,DLVCUST0000047,2023-03-27,ZONE0017,41.53,Economy,Urgent,2959.68
DLVORD00000868,DLVCUST0000206,2022-12-28,ZONE0005,36.66,Express,High,77.59
DLVORD00000869,DLVCUST0000007,2023-10-09,ZONE0020,27.79,Express,Normal,2682.62
DLVORD00000870,DLVCUST0000147,2024-11-08,ZONE0016,10.36,Express,Normal,4560.28
DLVORD00000871,DLVCUST0000226,2023-08-01,ZONE0002,3.97,Next Day,High,1857.69
DLVORD00000872,DLVCUST0000165,2024-09-17,ZONE0014,8.8,Next Day,High,1601.02
DLVORD00000873,DLVCUST0000319,2024-07-31,ZONE0006,11.34,Economy,High,491.3
DLVORD00000874,DLVCUST0000164,2023-04-29,ZONE0006,18.93,Express,Normal,3098.66
DLVORD00000875,DLVCUST0000288,2024-05-12,ZONE0016,25.26,Same Day,High,3382.4
DLVORD00000876,DLVCUST0000268,2023-06-13,ZONE0009,15.5,Next Day,Normal,3032.73
DLVORD00000877,DLVCUST0000055,2023-09-19,ZONE0019,11.94,Economy,Urgent,2188.84
DLVORD00000878,DLVCUST0000142,2023-12-29,ZONE0002,19.07,Same Day,High,641.16
DLVORD00000879,DLVCUST0000338,2024-02-17,ZONE0004,0.37,Express,Normal,3012.72
DLVORD00000880,DLVCUST0000171,2022-03-04,ZONE0015,40.22,Express,High,3350.56
DLVORD00000881,DLVCUST0000014,2023-04-28,ZONE0019,14.37,Standard,High,4461.03
DLVORD00000882,DLVCUST0000121,2024-12-24,ZONE0015,35.46,Economy,High,4858.69
DLVORD00000883,DLVCUST0000080,2022-04-05,ZONE0005,21.44,Standard,Urgent,2045.09
DLVORD00000884,DLVCUST0000213,2023-05-28,ZONE0011,13.01,Next Day,Normal,4876.79
DLVORD00000885,DLVCUST0000377,2024-06-21,ZONE0001,17.74,Same Day,Urgent,1219.94
DLVORD00000886,DLVCUST0000043,2022-07-28,ZONE0012,39.43,Next Day,High,3556.27
DLVORD00000887,DLVCUST0000164,2022-03-07,ZONE0006,31.63,Next Day,Normal,2652.17
DLVORD00000888,DLVCUST0000080,2024-07-19,ZONE0005,11.01,Economy,High,4672.35
DLVORD00000889,DLVCUST0000124,2024-04-13,ZONE0017,40.3,Express,High,4392.41
DLVORD00000890,DLVCUST0000172,2022-10-13,ZONE0020,13.74,Same Day,Urgent,3004.41
DLVORD00000891,DLVCUST0000273,2024-02-09,ZONE0006,6.17,Next Day,Urgent,2005.97
DLVORD00000892,DLVCUST0000389,2023-08-25,ZONE0017,12.9,Next Day,Normal,2460.36
DLVORD00000893,DLVCUST0000375,2023-09-09,ZONE0007,2.58,Standard,Normal,3892.8
DLVORD00000894,DLVCUST0000042,2022-01-07,ZONE0016,20.56,Same Day,High,2959.9
DLVORD00000895,DLVCUST0000319,2024-05-03,ZONE0006,11.69,Express,Normal,435.31
DLVORD00000896,DLVCUST0000396,2024-02-13,ZONE0003,5.88,Economy,Urgent,129.08
DLVORD00000897,DLVCUST0000057,2024-12-02,ZONE0017,37.8,Same Day,Normal,1510.17
DLVORD00000898,DLVCUST0000328,2022-05-26,ZONE0019,22.98,Same Day,Normal,3185.9
DLVORD00000899,DLVCUST0000378,2022-06-27,ZONE0019,44.13,Express,High,3657.7
DLVORD00000900,DLVCUST0000235,2024-09-08,ZONE0012,45.71,Economy,Normal,2794.29
DLVORD00000901,DLVCUST0000295,2024-08-31,ZONE0004,31.94,Next Day,High,3939.84
DLVORD00000902,DLVCUST0000049,2023-04-21,ZONE0008,9.09,Standard,High,1551.48
DLVORD00000903,DLVCUST0000140,2024-01-19,ZONE0006,44.44,Next Day,Normal,4115.54
DLVORD00000904,DLVCUST0000074,2024-07-03,ZONE0001,20.68,Economy,Urgent,1460.91
DLVORD00000905,DLVCUST0000328,2023-12-06,ZONE0019,40.2,Same Day,Urgent,4899.28
DLVORD00000906,DLVCUST0000283,2024-02-12,ZONE0013,19.38,Same Day,High,3670.54
DLVORD00000907,DLVCUST0000291,2024-01-15,ZONE0007,42.15,Economy,High,1296.75
DLVORD00000908,DLVCUST0000203,2024-04-22,ZONE0004,17.28,Standard,Urgent,2154.13
DLVORD00000909,DLVCUST0000151,2024-07-18,ZONE0020,32.92,Economy,Normal,1238.41
DLVORD00000910,DLVCUST0000021,2023-09-23,ZONE0019,27.52,Next Day,Urgent,4159.99
DLVORD00000911,DLVCUST0000215,2024-07-11,ZONE0002,27.57,Same Day,High,1159.75
DLVORD00000912,DLVCUST0000044,2022-08-05,ZONE0015,40.43,Express,Normal,1719.85
DLVORD00000913,DLVCUST0000281,2024-06-08,ZONE0010,18.88,Next Day,High,3124.29
DLVORD00000914,DLVCUST0000138,2024-07-08,ZONE0005,23.91,Standard,Urgent,4387.46
DLVORD00000915,DLVCUST0000022,2023-07-01,ZONE0003,1.83,Standard,Urgent,4642.81
DLVORD00000916,DLVCUST0000086,2024-12-07,ZONE0006,36.2,Next Day,High,114.48
DLVORD00000917,DLVCUST0000248,2023-06-30,ZONE0011,46.92,Next Day,Normal,3370.12
DLVORD00000918,DLVCUST0000288,2023-07-23,ZONE0016,2.51,Same Day,Normal,1838.27
DLVORD00000919,DLVCUST0000105,2024-04-06,ZONE0009,5.01,Economy,Urgent,227.75
DLVORD00000920,DLVCUST0000341,2022-03-17,ZONE0019,17.41,Same Day,Normal,4274.17
DLVORD00000921,DLVCUST0000214,2022-03-13,ZONE0015,36.1,Economy,Urgent,718.72
DLVORD00000922,DLVCUST0000328,2024-03-04,ZONE0019,0.69,Economy,Urgent,1001.85
DLVORD00000923,DLVCUST0000215,2024-08-16,ZONE0002,22.69,Express,High,478.1
DLVORD00000924,DLVCUST0000139,2023-12-16,ZONE0002,42.71,Economy,Urgent,3603.36
DLVORD00000925,DLVCUST0000110,2024-11-20,ZONE0014,33.1,Next Day,Urgent,2230.27
DLVORD00000926,DLVCUST0000270,2024-11-08,ZONE0013,42.44,Next Day,High,867.46
DLVORD00000927,DLVCUST0000069,2024-05-07,ZONE0018,20.35,Next Day,Urgent,2791.56
DLVORD00000928,DLVCUST0000026,2023-10-16,ZONE0019,49.0,Standard,High,1912.75
DLVORD00000929,DLVCUST0000306,2023-10-06,ZONE0004,48.54,Next Day,High,4774.47
DLVORD00000930,DLVCUST0000347,2023-05-01,ZONE0015,34.72,Same Day,Urgent,3939.37
DLVORD00000931,DLVCUST0000276,2022-03-24,ZONE0003,5.85,Same Day,Normal,4106.83
DLVORD00000932,DLVCUST0000209,2023-10-14,ZONE0013,36.36,Next Day,Urgent,1016.61
DLVORD00000933,DLVCUST0000202,2024-04-15,ZONE0018,21.25,Next Day,Normal,537.16
DLVORD00000934,DLVCUST0000014,2023-11-03,ZONE0019,16.35,Same Day,High,1861.33
DLVORD00000935,DLVCUST0000392,2023-01-06,ZONE0014,20.15,Economy,Urgent,4694.86
DLVORD00000936,DLVCUST0000311,2023-02-11,ZONE0006,6.51,Express,Normal,859.47
DLVORD00000937,DLVCUST0000342,2023-10-20,ZONE0001,10.18,Standard,High,1551.15
DLVORD00000938,DLVCUST0000271,2023-08-06,ZONE0003,10.68,Economy,High,2520.5
DLVORD00000939,DLVCUST0000098,2023-05-25,ZONE0017,6.47,Next Day,High,1034.48
DLVORD00000940,DLVCUST0000056,2024-11-05,ZONE0004,4.26,Standard,Urgent,1202.22
DLVORD00000941,DLVCUST0000058,2023-09-27,ZONE0018,15.1,Express,Urgent,3411.55
DLVORD00000942,DLVCUST0000108,2023-06-07,ZONE0012,31.16,Economy,Normal,3820.68
DLVORD00000943,DLVCUST0000305,2024-03-21,ZONE0013,6.79,Standard,Urgent,2702.33
DLVORD00000944,DLVCUST0000085,2024-12-10,ZONE0010,12.35,Standard,High,4867.56
DLVORD00000945,DLVCUST0000236,2023-09-19,ZONE0016,25.14,Economy,Urgent,2945.44
DLVORD00000946,DLVCUST0000284,2023-08-18,ZONE0011,40.16,Economy,Normal,3944.95
DLVORD00000947,DLVCUST0000184,2024-04-08,ZONE0012,37.27,Next Day,Urgent,3417.26
DLVORD00000948,DLVCUST0000081,2023-01-28,ZONE0007,48.98,Standard,Normal,2584.77
DLVORD00000949,DLVCUST0000005,2024-09-16,ZONE0002,45.3,Standard,High,4965.94
DLVORD00000950,DLVCUST0000014,2023-05-19,ZONE0019,10.6,Next Day,Normal,3197.7
DLVORD00000951,DLVCUST0000116,2024-10-23,ZONE0005,41.53,Economy,Urgent,1049.02
DLVORD00000952,DLVCUST0000240,2023-09-27,ZONE0008,19.02,Express,High,4303.99
DLVORD00000953,DLVCUST0000157,2024-12-08,ZONE0013,1.51,Economy,Normal,3140.55
DLVORD00000954,DLVCUST0000203,2023-10-28,ZONE0004,40.7,Express,High,2416.0
DLVORD00000955,DLVCUST0000174,2023-01-07,ZONE0006,21.75,Same Day,Normal,1721.42
DLVORD00000956,DLVCUST0000047,2023-04-29,ZONE0017,17.39,Express,Urgent,2209.73
DLVORD00000957,DLVCUST0000085,2023-07-16,ZONE0010,22.89,Economy,Normal,4834.03
DLVORD00000958,DLVCUST0000387,2022-10-12,ZONE0018,22.7,Next Day,Normal,2940.36
DLVORD00000959,DLVCUST0000128,2023-01-03,ZONE0019,48.1,Next Day,Normal,3019.76
DLVORD00000960,DLVCUST0000394,2023-10-20,ZONE0012,36.76,Express,Normal,163.86
DLVORD00000961,DLVCUST0000254,2024-01-11,ZONE0002,3.74,Economy,Normal,125.5
DLVORD00000962,DLVCUST0000206,2024-12-30,ZONE0005,13.29,Same Day,Normal,3154.88
DLVORD00000963,DLVCUST0000170,2022-11-27,ZONE0013,46.79,Same Day,High,1212.69
DLVORD00000964,DLVCUST0000209,2023-08-03,ZONE0013,27.73,Economy,High,4787.9
DLVORD00000965,DLVCUST0000186,2024-06-26,ZONE0001,41.78,Standard,High,4740.03
DLVORD00000966,DLVCUST0000205,2023-02-05,ZONE0013,8.42,Next Day,Urgent,1576.76
DLVORD00000967,DLVCUST0000371,2024-08-09,ZONE0005,15.36,Express,Normal,2528.47
DLVORD00000968,DLVCUST0000018,2023-08-23,ZONE0013,11.93,Same Day,Normal,3134.75
DLVORD00000969,DLVCUST0000382,2024-05-21,ZONE0006,6.3,Same Day,Normal,2244.54
DLVORD00000970,DLVCUST0000352,2024-02-02,ZONE0005,20.56,Standard,High,1505.18
DLVORD00000971,DLVCUST0000059,2024-03-19,ZONE0005,16.5,Same Day,Normal,3555.57
DLVORD00000972,DLVCUST0000034,2023-05-28,ZONE0004,48.61,Standard,Urgent,1799.74
DLVORD00000973,DLVCUST0000161,2024-02-25,ZONE0009,32.59,Express,Normal,78.08
DLVORD00000974,DLVCUST0000289,2022-07-10,ZONE0012,9.39,Next Day,High,2259.55
DLVORD00000975,DLVCUST0000323,2022-03-04,ZONE0007,0.44,Same Day,Normal,647.63
DLVORD00000976,DLVCUST0000360,2023-06-29,ZONE0006,4.76,Standard,Normal,2721.1
DLVORD00000977,DLVCUST0000225,2023-05-12,ZONE0011,46.44,Standard,Normal,4806.53
DLVORD00000978,DLVCUST0000106,2024-10-27,ZONE0019,15.26,Next Day,High,1957.17
DLVORD00000979,DLVCUST0000041,2023-01-29,ZONE0008,4.6,Next Day,Urgent,3382.8
DLVORD00000980,DLVCUST0000130,2023-08-05,ZONE0008,26.85,Standard,Urgent,499.78
DLVORD00000981,DLVCUST0000356,2023-09-01,ZONE0014,15.27,Same Day,Urgent,1431.6
DLVORD00000982,DLVCUST0000034,2023-10-08,ZONE0004,46.21,Same Day,Normal,1850.24
DLVORD00000983,DLVCUST0000235,2023-12-21,ZONE0012,32.08,Express,High,2177.55
DLVORD00000984,DLVCUST0000367,2022-06-06,ZONE0003,17.84,Next Day,High,1238.61
DLVORD00000985,DLVCUST0000224,2024-05-28,ZONE0016,27.78,Express,Urgent,1624.29
DLVORD00000986,DLVCUST0000271,2024-06-04,ZONE0003,18.03,Economy,Normal,2242.23
DLVORD00000987,DLVCUST0000351,2024-07-07,ZONE0009,8.07,Express,High,4824.67
DLVORD00000988,DLVCUST0000169,2022-08-16,ZONE0016,15.35,Same Day,Normal,3020.95
DLVORD00000989,DLVCUST0000135,2022-11-15,ZONE0018,2.41,Express,High,1202.67
DLVORD00000990,DLVCUST0000129,2024-07-29,ZONE0013,46.75,Same Day,Urgent,4953.65
DLVORD00000991,DLVCUST0000058,2024-05-07,ZONE0018,13.9,Standard,Urgent,2235.82
DLVORD00000992,DLVCUST0000218,2022-03-25,ZONE0003,24.18,Standard,High,2898.57
DLVORD00000993,DLVCUST0000096,2022-04-18,ZONE0005,22.75,Next Day,Normal,1544.02
DLVORD00000994,DLVCUST0000105,2024-04-14,ZONE0009,45.65,Same Day,Urgent,2377.19
DLVORD00000995,DLVCUST0000185,2023-11-17,ZONE0007,0.17,Same Day,Urgent,3108.39
DLVORD00000996,DLVCUST0000014,2023-04-12,ZONE0019,1.57,Express,Urgent,449.02
DLVORD00000997,DLVCUST0000005,2023-07-04,ZONE0002,2.34,Same Day,High,121.41
DLVORD00000998,DLVCUST0000082,2022-12-02,ZONE0010,23.93,Express,High,3022.22
DLVORD00000999,DLVCUST0000366,2024-07-28,ZONE0016,26.98,Express,High,2786.67
DLVORD00001000,DLVCUST0000039,2022-09-30,ZONE0012,45.19,Standard,High,2892.28
DLVORD00001001,DLVCUST0000168,2024-04-14,ZONE0018,26.28,Next Day,Urgent,64.6
DLVORD00001002,DLVCUST0000049,2023-02-23,ZONE0008,39.32,Same Day,High,3728.7
DLVORD00001003,DLVCUST0000227,2022-02-04,ZONE0011,33.32,Same Day,Normal,1087.52
DLVORD00001004,DLVCUST0000040,2024-08-05,ZONE0005,35.38,Next Day,High,1826.9
DLVORD00001005,DLVCUST0000141,2023-05-28,ZONE0012,22.3,Express,High,3815.35
DLVORD00001006,DLVCUST0000150,2024-02-29,ZONE0013,3.96,Same Day,High,3360.41
DLVORD00001007,DLVCUST0000083,2024-05-08,ZONE0020,33.53,Economy,Normal,4220.32
DLVORD00001008,DLVCUST0000237,2023-07-11,ZONE0001,29.01,Standard,High,1425.4
DLVORD00001009,DLVCUST0000295,2023-05-01,ZONE0004,8.78,Next Day,High,857.05
DLVORD00001010,DLVCUST0000055,2024-03-23,ZONE0019,42.43,Standard,Normal,3087.63
DLVORD00001011,DLVCUST0000371,2024-10-15,ZONE0005,42.66,Same Day,Normal,821.32
DLVORD00001012,DLVCUST0000262,2023-10-04,ZONE0005,7.68,Next Day,Urgent,3279.09
DLVORD00001013,DLVCUST0000108,2022-09-02,ZONE0012,21.6,Next Day,High,4408.81
DLVORD00001014,DLVCUST0000059,2023-07-10,ZONE0005,4.51,Standard,Urgent,3239.1
DLVORD00001015,DLVCUST0000204,2024-11-09,ZONE0005,29.71,Same Day,Urgent,1922.37
DLVORD00001016,DLVCUST0000217,2024-04-18,ZONE0003,28.34,Express,Normal,2782.31
DLVORD00001017,DLVCUST0000385,2022-03-30,ZONE0018,19.07,Same Day,High,2353.84
DLVORD00001018,DLVCUST0000305,2023-06-06,ZONE0013,29.02,Economy,High,1713.44
DLVORD00001019,DLVCUST0000248,2022-11-10,ZONE0011,48.76,Economy,Normal,144.07
DLVORD00001020,DLVCUST0000260,2023-06-21,ZONE0004,27.68,Express,Normal,2045.99
DLVORD00001021,DLVCUST0000192,2023-11-17,ZONE0002,14.59,Standard,High,2042.27
DLVORD00001022,DLVCUST0000131,2024-10-16,ZONE0005,12.92,Express,High,3929.91
DLVORD00001023,DLVCUST0000326,2024-02-27,ZONE0014,48.8,Next Day,Normal,2803.19
DLVORD00001024,DLVCUST0000315,2023-09-02,ZONE0011,28.85,Express,Normal,4410.55
DLVORD00001025,DLVCUST0000129,2024-11-22,ZONE0013,37.78,Next Day,High,4298.3
DLVORD00001026,DLVCUST0000341,2024-10-29,ZONE0019,31.67,Economy,Urgent,4398.55
DLVORD00001027,DLVCUST0000149,2023-05-08,ZONE0005,11.04,Same Day,Urgent,4204.55
DLVORD00001028,DLVCUST0000305,2024-04-15,ZONE0013,1.96,Next Day,Normal,538.3
DLVORD00001029,DLVCUST0000318,2023-04-03,ZONE0017,23.84,Economy,High,1441.75
DLVORD00001030,DLVCUST0000007,2024-01-14,ZONE0020,14.21,Economy,High,4779.64
DLVORD00001031,DLVCUST0000368,2023-05-19,ZONE0019,14.54,Standard,High,1907.26
DLVORD00001032,DLVCUST0000116,2023-10-28,ZONE0005,27.19,Standard,Urgent,975.1
DLVORD00001033,DLVCUST0000322,2024-05-28,ZONE0017,30.41,Standard,High,4313.98
DLVORD00001034,DLVCUST0000188,2023-02-23,ZONE0014,19.84,Economy,Normal,3562.69
DLVORD00001035,DLVCUST0000353,2023-01-04,ZONE0005,30.45,Economy,Normal,2075.32
DLVORD00001036,DLVCUST0000079,2022-03-09,ZONE0012,11.79,Standard,Urgent,411.43
DLVORD00001037,DLVCUST0000182,2022-11-07,ZONE0020,33.38,Economy,High,3498.18
DLVORD00001038,DLVCUST0000177,2023-04-11,ZONE0005,19.21,Express,Urgent,2274.59
DLVORD00001039,DLVCUST0000299,2023-12-03,ZONE0018,43.73,Standard,Normal,3932.59
DLVORD00001040,DLVCUST0000383,2023-03-09,ZONE0009,9.13,Express,Urgent,3382.85
DLVORD00001041,DLVCUST0000189,2024-05-01,ZONE0020,0.3,Economy,High,4454.04
DLVORD00001042,DLVCUST0000279,2023-04-05,ZONE0010,27.76,Standard,Normal,3267.33
DLVORD00001043,DLVCUST0000050,2024-07-23,ZONE0013,3.35,Same Day,Normal,3242.16
DLVORD00001044,DLVCUST0000207,2022-03-21,ZONE0013,41.79,Economy,High,1629.81
DLVORD00001045,DLVCUST0000171,2024-10-06,ZONE0015,41.71,Next Day,Normal,1836.78
DLVORD00001046,DLVCUST0000300,2023-03-04,ZONE0003,42.66,Next Day,Urgent,4074.96
DLVORD00001047,DLVCUST0000261,2024-08-15,ZONE0005,0.18,Standard,Urgent,4830.05
DLVORD00001048,DLVCUST0000182,2024-02-14,ZONE0020,27.56,Express,High,2916.89
DLVORD00001049,DLVCUST0000311,2023-11-03,ZONE0006,41.69,Standard,Normal,2780.59
DLVORD00001050,DLVCUST0000179,2022-01-13,ZONE0002,32.78,Next Day,Normal,3310.0
DLVORD00001051,DLVCUST0000266,2023-04-15,ZONE0007,23.8,Economy,Normal,4233.38
DLVORD00001052,DLVCUST0000175,2022-03-27,ZONE0003,8.04,Economy,Urgent,1531.32
DLVORD00001053,DLVCUST0000289,2022-04-19,ZONE0012,15.03,Express,Normal,4336.42
DLVORD00001054,DLVCUST0000330,2024-09-18,ZONE0006,31.55,Same Day,Normal,3129.22
DLVORD00001055,DLVCUST0000294,2024-12-19,ZONE0002,46.79,Standard,Urgent,3342.78
DLVORD00001056,DLVCUST0000003,2022-08-19,ZONE0018,30.93,Express,Normal,240.95
DLVORD00001057,DLVCUST0000347,2023-11-29,ZONE0015,43.42,Economy,High,4904.13
DLVORD00001058,DLVCUST0000114,2023-06-02,ZONE0013,33.38,Economy,Normal,3278.71
DLVORD00001059,DLVCUST0000388,2023-02-12,ZONE0014,37.35,Express,High,159.29
DLVORD00001060,DLVCUST0000262,2023-07-22,ZONE0005,35.6,Standard,Normal,3871.61
DLVORD00001061,DLVCUST0000283,2024-02-23,ZONE0013,40.05,Economy,High,4749.03
DLVORD00001062,DLVCUST0000042,2024-12-04,ZONE0016,42.85,Next Day,Urgent,1688.48
DLVORD00001063,DLVCUST0000065,2022-12-31,ZONE0002,49.81,Express,Urgent,2565.55
DLVORD00001064,DLVCUST0000091,2022-01-11,ZONE0014,41.02,Next Day,High,4463.75
DLVORD00001065,DLVCUST0000363,2024-07-08,ZONE0018,41.33,Express,High,592.83
DLVORD00001066,DLVCUST0000091,2024-02-10,ZONE0014,27.27,Express,Normal,1616.29
DLVORD00001067,DLVCUST0000290,2023-01-08,ZONE0014,43.82,Next Day,Normal,1241.46
DLVORD00001068,DLVCUST0000258,2023-11-30,ZONE0009,37.53,Express,Normal,2918.55
DLVORD00001069,DLVCUST0000168,2024-08-10,ZONE0018,27.68,Economy,Normal,4218.92
DLVORD00001070,DLVCUST0000157,2024-07-09,ZONE0013,22.05,Standard,High,390.91
DLVORD00001071,DLVCUST0000186,2023-10-16,ZONE0001,31.09,Economy,Urgent,1524.12
DLVORD00001072,DLVCUST0000367,2022-08-17,ZONE0003,31.33,Same Day,Urgent,2263.37
DLVORD00001073,DLVCUST0000155,2024-10-26,ZONE0015,21.83,Economy,High,262.02
DLVORD00001074,DLVCUST0000226,2023-04-09,ZONE0002,39.52,Next Day,Urgent,4664.78
DLVORD00001075,DLVCUST0000057,2024-12-27,ZONE0017,0.57,Express,High,4432.19
DLVORD00001076,DLVCUST0000195,2023-11-13,ZONE0010,42.31,Economy,Normal,2476.54
DLVORD00001077,DLVCUST0000352,2024-10-02,ZONE0005,15.63,Express,Normal,2862.22
DLVORD00001078,DLVCUST0000268,2023-08-12,ZONE0009,30.9,Standard,High,2316.01
DLVORD00001079,DLVCUST0000345,2023-02-04,ZONE0008,21.51,Standard,High,1724.64
DLVORD00001080,DLVCUST0000353,2023-06-06,ZONE0005,5.04,Express,Normal,1861.62
DLVORD00001081,DLVCUST0000173,2023-05-05,ZONE0020,24.75,Express,Urgent,1603.45
DLVORD00001082,DLVCUST0000267,2022-03-10,ZONE0010,0.91,Economy,High,779.8
DLVORD00001083,DLVCUST0000109,2024-05-01,ZONE0019,25.23,Economy,Normal,4953.84
DLVORD00001084,DLVCUST0000269,2022-10-18,ZONE0015,22.35,Same Day,High,4970.91
DLVORD00001085,DLVCUST0000159,2023-08-12,ZONE0018,21.73,Next Day,High,1326.21
DLVORD00001086,DLVCUST0000362,2023-05-24,ZONE0009,25.92,Standard,High,2069.12
DLVORD00001087,DLVCUST0000228,2024-01-23,ZONE0018,14.17,Same Day,Normal,3723.03
DLVORD00001088,DLVCUST0000300,2023-10-29,ZONE0003,23.07,Standard,Normal,2148.45
DLVORD00001089,DLVCUST0000047,2024-03-03,ZONE0017,46.74,Next Day,High,1124.76
DLVORD00001090,DLVCUST0000323,2023-12-24,ZONE0007,25.49,Economy,Normal,4304.94
DLVORD00001091,DLVCUST0000131,2023-11-01,ZONE0005,49.53,Same Day,Normal,2848.21
DLVORD00001092,DLVCUST0000365,2023-04-04,ZONE0005,21.82,Express,Normal,532.29
DLVORD00001093,DLVCUST0000357,2024-05-13,ZONE0001,47.12,Next Day,Normal,2348.69
DLVORD00001094,DLVCUST0000347,2024-10-27,ZONE0015,36.2,Economy,Normal,4805.68
DLVORD00001095,DLVCUST0000047,2023-02-28,ZONE0017,17.43,Economy,Urgent,3694.33
DLVORD00001096,DLVCUST0000308,2022-04-05,ZONE0008,32.54,Standard,High,1726.27
DLVORD00001097,DLVCUST0000314,2023-05-27,ZONE0014,44.3,Standard,Normal,698.79
DLVORD00001098,DLVCUST0000383,2024-11-16,ZONE0009,39.44,Express,High,4736.12
DLVORD00001099,DLVCUST0000390,2024-12-10,ZONE0003,22.02,Same Day,High,4535.92
DLVORD00001100,DLVCUST0000381,2023-07-06,ZONE0013,35.06,Next Day,Normal,991.0
DLVORD00001101,DLVCUST0000082,2023-03-29,ZONE0010,29.43,Next Day,High,2337.39
DLVORD00001102,DLVCUST0000377,2024-04-28,ZONE0001,41.77,Next Day,High,345.67
DLVORD00001103,DLVCUST0000258,2024-08-14,ZONE0009,8.13,Express,Normal,4972.07
DLVORD00001104,DLVCUST0000256,2023-12-08,ZONE0010,44.59,Next Day,High,2964.37
DLVORD00001105,DLVCUST0000138,2023-12-31,ZONE0005,36.77,Economy,Normal,4133.0
DLVORD00001106,DLVCUST0000246,2024-11-27,ZONE0020,8.77,Same Day,High,715.98
DLVORD00001107,DLVCUST0000266,2024-12-19,ZONE0007,10.96,Next Day,Urgent,4415.78
DLVORD00001108,DLVCUST0000157,2023-08-09,ZONE0013,34.62,Standard,Normal,4011.39
DLVORD00001109,DLVCUST0000160,2024-03-08,ZONE0009,45.53,Standard,High,2909.34
DLVORD00001110,DLVCUST0000376,2024-06-15,ZONE0017,1.62,Express,Normal,2157.96
DLVORD00001111,DLVCUST0000096,2022-08-15,ZONE0005,34.47,Economy,High,4637.69
DLVORD00001112,DLVCUST0000125,2024-06-30,ZONE0012,12.67,Express,High,1083.3
DLVORD00001113,DLVCUST0000241,2024-08-22,ZONE0004,9.62,Next Day,High,3758.8
DLVORD00001114,DLVCUST0000243,2023-08-03,ZONE0002,17.28,Economy,High,4088.21
DLVORD00001115,DLVCUST0000378,2023-04-03,ZONE0019,7.88,Standard,High,1394.18
DLVORD00001116,DLVCUST0000197,2023-10-02,ZONE0010,49.22,Economy,Urgent,2136.25
DLVORD00001117,DLVCUST0000037,2022-08-30,ZONE0005,15.23,Same Day,Normal,2470.2
DLVORD00001118,DLVCUST0000364,2023-08-12,ZONE0008,31.54,Next Day,Normal,1514.7
DLVORD00001119,DLVCUST0000093,2022-06-23,ZONE0014,19.6,Economy,High,69.86
DLVORD00001120,DLVCUST0000322,2024-06-20,ZONE0017,10.38,Next Day,Normal,3179.19
DLVORD00001121,DLVCUST0000224,2023-10-18,ZONE0016,17.37,Next Day,High,1950.97
DLVORD00001122,DLVCUST0000366,2024-08-10,ZONE0016,45.08,Standard,Urgent,4031.99
DLVORD00001123,DLVCUST0000302,2024-05-19,ZONE0003,30.47,Express,Urgent,444.44
DLVORD00001124,DLVCUST0000393,2024-06-14,ZONE0017,42.16,Same Day,Normal,1811.19
DLVORD00001125,DLVCUST0000300,2022-11-01,ZONE0003,3.77,Express,Normal,2763.69
DLVORD00001126,DLVCUST0000384,2023-09-14,ZONE0018,32.93,Express,High,1485.68
DLVORD00001127,DLVCUST0000203,2024-06-06,ZONE0004,14.16,Express,Normal,483.91
DLVORD00001128,DLVCUST0000008,2024-03-03,ZONE0006,9.99,Express,Urgent,2338.18
DLVORD00001129,DLVCUST0000293,2024-07-12,ZONE0008,37.01,Next Day,High,2707.01
DLVORD00001130,DLVCUST0000187,2022-07-10,ZONE0012,46.65,Standard,Urgent,1056.33
DLVORD00001131,DLVCUST0000303,2023-05-07,ZONE0012,25.9,Same Day,Normal,4186.2
DLVORD00001132,DLVCUST0000353,2022-12-28,ZONE0005,39.14,Express,Urgent,2488.98
DLVORD00001133,DLVCUST0000006,2023-04-05,ZONE0019,25.41,Express,Urgent,450.94
DLVORD00001134,DLVCUST0000021,2024-05-25,ZONE0019,20.33,Economy,Urgent,1032.71
DLVORD00001135,DLVCUST0000331,2024-10-24,ZONE0002,49.75,Economy,High,3541.14
DLVORD00001136,DLVCUST0000217,2023-12-16,ZONE0003,10.35,Express,Urgent,1650.77
DLVORD00001137,DLVCUST0000184,2024-10-29,ZONE0012,21.01,Same Day,Urgent,3226.51
DLVORD00001138,DLVCUST0000387,2023-02-17,ZONE0018,28.73,Economy,Normal,1074.44
DLVORD00001139,DLVCUST0000257,2023-09-29,ZONE0014,23.66,Standard,High,4464.8
DLVORD00001140,DLVCUST0000123,2022-09-23,ZONE0011,6.68,Next Day,Urgent,683.93
DLVORD00001141,DLVCUST0000002,2023-06-30,ZONE0016,46.49,Next Day,High,3639.85
DLVORD00001142,DLVCUST0000333,2023-01-20,ZONE0005,49.61,Standard,High,4054.0
DLVORD00001143,DLVCUST0000055,2023-11-21,ZONE0019,42.25,Next Day,High,1898.25
DLVORD00001144,DLVCUST0000189,2024-05-08,ZONE0020,15.02,Same Day,Urgent,3296.21
DLVORD00001145,DLVCUST0000087,2023-05-22,ZONE0001,0.25,Standard,Normal,460.55
DLVORD00001146,DLVCUST0000281,2023-09-07,ZONE0010,28.51,Standard,Urgent,4488.11
DLVORD00001147,DLVCUST0000175,2022-12-20,ZONE0003,38.85,Same Day,Urgent,3870.65
DLVORD00001148,DLVCUST0000114,2022-12-30,ZONE0013,29.84,Next Day,Urgent,4006.31
DLVORD00001149,DLVCUST0000254,2024-08-19,ZONE0002,38.46,Same Day,Normal,3504.5
DLVORD00001150,DLVCUST0000173,2023-08-19,ZONE0020,46.5,Economy,High,3478.52
DLVORD00001151,DLVCUST0000352,2024-12-28,ZONE0005,44.41,Standard,Normal,4726.71
DLVORD00001152,DLVCUST0000089,2022-07-06,ZONE0004,10.45,Same Day,High,2616.85
DLVORD00001153,DLVCUST0000375,2024-07-03,ZONE0007,37.25,Same Day,Normal,2651.04
DLVORD00001154,DLVCUST0000142,2024-07-14,ZONE0002,41.92,Express,High,262.11
DLVORD00001155,DLVCUST0000330,2024-05-21,ZONE0006,25.43,Economy,Urgent,2328.59
DLVORD00001156,DLVCUST0000228,2023-09-28,ZONE0018,40.91,Economy,High,286.67
DLVORD00001157,DLVCUST0000369,2024-02-15,ZONE0004,30.92,Economy,Urgent,794.51
DLVORD00001158,DLVCUST0000114,2023-08-03,ZONE0013,34.25,Standard,Urgent,290.42
DLVORD00001159,DLVCUST0000123,2024-09-19,ZONE0011,49.38,Express,Urgent,4342.09
DLVORD00001160,DLVCUST0000134,2023-01-22,ZONE0006,43.98,Standard,Normal,2152.53
DLVORD00001161,DLVCUST0000123,2024-09-20,ZONE0011,29.65,Express,Urgent,950.14
DLVORD00001162,DLVCUST0000327,2023-11-13,ZONE0004,1.79,Economy,Urgent,4908.53
DLVORD00001163,DLVCUST0000183,2022-07-18,ZONE0013,29.01,Next Day,Normal,3647.29
DLVORD00001164,DLVCUST0000179,2024-02-02,ZONE0002,47.09,Economy,Normal,1550.23
DLVORD00001165,DLVCUST0000124,2022-02-14,ZONE0017,14.9,Next Day,Urgent,2404.39
DLVORD00001166,DLVCUST0000377,2024-01-03,ZONE0001,11.97,Express,Urgent,2593.33
DLVORD00001167,DLVCUST0000317,2023-07-16,ZONE0012,43.73,Express,Normal,2713.49
DLVORD00001168,DLVCUST0000118,2023-11-02,ZONE0006,2.35,Express,High,724.98
DLVORD00001169,DLVCUST0000037,2023-02-21,ZONE0005,12.79,Economy,High,919.58
DLVORD00001170,DLVCUST0000398,2023-06-02,ZONE0005,5.48,Economy,Urgent,1671.16
DLVORD00001171,DLVCUST0000105,2024-04-27,ZONE0009,40.28,Next Day,High,2108.61
DLVORD00001172,DLVCUST0000222,2022-07-09,ZONE0016,8.84,Express,Urgent,3161.29
DLVORD00001173,DLVCUST0000387,2023-05-14,ZONE0018,45.84,Next Day,Urgent,2972.95
DLVORD00001174,DLVCUST0000352,2023-07-05,ZONE0005,32.62,Express,Normal,4714.81
DLVORD00001175,DLVCUST0000059,2022-12-18,ZONE0005,10.59,Express,High,3042.88
DLVORD00001176,DLVCUST0000138,2023-10-07,ZONE0005,39.04,Economy,High,2482.14
DLVORD00001177,DLVCUST0000181,2024-12-18,ZONE0005,13.05,Economy,Urgent,4130.09
DLVORD00001178,DLVCUST0000254,2023-09-03,ZONE0002,43.63,Next Day,High,4459.89
DLVORD00001179,DLVCUST0000301,2022-03-01,ZONE0006,48.03,Next Day,High,3986.98
DLVORD00001180,DLVCUST0000276,2022-02-20,ZONE0003,17.66,Standard,Normal,2847.56
DLVORD00001181,DLVCUST0000044,2024-01-25,ZONE0015,47.04,Standard,High,1412.68
DLVORD00001182,DLVCUST0000124,2022-08-06,ZONE0017,31.49,Economy,Urgent,1240.66
DLVORD00001183,DLVCUST0000369,2023-09-16,ZONE0004,32.52,Next Day,Normal,1344.49
DLVORD00001184,DLVCUST0000116,2024-03-08,ZONE0005,3.46,Standard,High,992.58
DLVORD00001185,DLVCUST0000093,2022-12-28,ZONE0014,1.14,Express,Urgent,4730.73
DLVORD00001186,DLVCUST0000051,2024-04-07,ZONE0016,28.14,Next Day,High,2025.07
DLVORD00001187,DLVCUST0000142,2024-03-24,ZONE0002,42.28,Economy,High,4158.77
DLVORD00001188,DLVCUST0000249,2024-04-22,ZONE0016,24.76,Next Day,High,4754.56
DLVORD00001189,DLVCUST0000123,2022-12-20,ZONE0011,12.42,Next Day,High,2469.08
DLVORD00001190,DLVCUST0000399,2023-03-02,ZONE0011,3.94,Standard,Urgent,1049.35
DLVORD00001191,DLVCUST0000296,2024-01-24,ZONE0014,45.18,Express,High,2974.18
DLVORD00001192,DLVCUST0000129,2024-01-16,ZONE0013,17.99,Next Day,Urgent,3259.86
DLVORD00001193,DLVCUST0000123,2022-06-23,ZONE0011,44.89,Same Day,Normal,988.31
DLVORD00001194,DLVCUST0000127,2024-06-27,ZONE0009,19.89,Next Day,Urgent,1931.86
DLVORD00001195,DLVCUST0000282,2024-08-06,ZONE0004,17.36,Same Day,High,2631.67
DLVORD00001196,DLVCUST0000364,2023-07-22,ZONE0008,18.8,Same Day,Urgent,3539.97
DLVORD00001197,DLVCUST0000320,2024-03-30,ZONE0007,9.64,Same Day,High,3310.07
DLVORD00001198,DLVCUST0000032,2024-06-17,ZONE0018,33.5,Same Day,Urgent,1426.36
DLVORD00001199,DLVCUST0000232,2023-09-12,ZONE0004,40.02,Express,Normal,4228.81
DLVORD00001200,DLVCUST0000327,2023-03-25,ZONE0004,7.0,Standard,Urgent,3836.91
DLVORD00001201,DLVCUST0000345,2023-01-02,ZONE0008,12.94,Economy,Urgent,1836.72
DLVORD00001202,DLVCUST0000128,2024-12-10,ZONE0019,7.31,Same Day,High,4674.66
DLVORD00001203,DLVCUST0000387,2024-06-16,ZONE0018,25.0,Same Day,High,1114.07
DLVORD00001204,DLVCUST0000284,2024-04-01,ZONE0011,4.11,Express,Urgent,3398.05
DLVORD00001205,DLVCUST0000324,2024-11-19,ZONE0005,33.49,Express,High,75.36
DLVORD00001206,DLVCUST0000343,2024-09-04,ZONE0013,20.49,Same Day,High,2098.59
DLVORD00001207,DLVCUST0000048,2023-03-24,ZONE0011,17.49,Same Day,Urgent,3885.63
DLVORD00001208,DLVCUST0000064,2024-04-09,ZONE0003,24.35,Next Day,High,3850.38
DLVORD00001209,DLVCUST0000293,2023-07-11,ZONE0008,27.03,Express,High,3486.31
DLVORD00001210,DLVCUST0000137,2022-11-30,ZONE0010,34.23,Next Day,Normal,2741.43
DLVORD00001211,DLVCUST0000060,2023-04-14,ZONE0003,27.66,Express,High,4574.41
DLVORD00001212,DLVCUST0000236,2024-04-19,ZONE0016,28.72,Express,Urgent,2153.98
DLVORD00001213,DLVCUST0000341,2022-11-06,ZONE0019,9.04,Same Day,Urgent,4405.83
DLVORD00001214,DLVCUST0000253,2024-09-11,ZONE0018,9.56,Next Day,High,4298.67
DLVORD00001215,DLVCUST0000011,2023-03-24,ZONE0019,40.11,Next Day,Normal,4761.64
DLVORD00001216,DLVCUST0000223,2024-06-10,ZONE0012,31.94,Same Day,Normal,85.05
DLVORD00001217,DLVCUST0000277,2022-07-18,ZONE0004,15.93,Express,Normal,963.32
DLVORD00001218,DLVCUST0000190,2022-08-01,ZONE0009,28.34,Same Day,Normal,4628.11
DLVORD00001219,DLVCUST0000164,2022-01-13,ZONE0006,1.52,Economy,High,2840.6
DLVORD00001220,DLVCUST0000136,2022-10-31,ZONE0019,12.84,Standard,Normal,308.22
DLVORD00001221,DLVCUST0000019,2023-03-27,ZONE0008,44.24,Standard,High,92.88
DLVORD00001222,DLVCUST0000200,2023-05-16,ZONE0020,18.09,Economy,Normal,4839.41
DLVORD00001223,DLVCUST0000112,2022-10-31,ZONE0010,35.91,Economy,Normal,302.97
DLVORD00001224,DLVCUST0000335,2023-09-27,ZONE0017,27.58,Express,Normal,4008.2
DLVORD00001225,DLVCUST0000315,2024-04-24,ZONE0011,18.05,Express,Urgent,4639.19
DLVORD00001226,DLVCUST0000210,2023-09-15,ZONE0009,28.89,Same Day,Normal,3962.95
DLVORD00001227,DLVCUST0000151,2023-05-01,ZONE0020,39.35,Economy,Urgent,2099.34
DLVORD00001228,DLVCUST0000314,2024-11-17,ZONE0014,26.43,Standard,High,100.93
DLVORD00001229,DLVCUST0000176,2023-06-28,ZONE0019,33.85,Economy,Urgent,4517.83
DLVORD00001230,DLVCUST0000070,2023-08-27,ZONE0010,14.4,Standard,Normal,168.12
DLVORD00001231,DLVCUST0000191,2022-12-13,ZONE0011,1.23,Standard,Urgent,1094.27
DLVORD00001232,DLVCUST0000110,2022-11-28,ZONE0014,23.17,Standard,Urgent,913.96
DLVORD00001233,DLVCUST0000253,2024-01-06,ZONE0018,34.78,Standard,Urgent,1869.95
DLVORD00001234,DLVCUST0000327,2023-08-17,ZONE0004,15.16,Express,Urgent,3520.93
DLVORD00001235,DLVCUST0000181,2022-08-26,ZONE0005,4.38,Standard,High,1505.55
DLVORD00001236,DLVCUST0000241,2024-05-31,ZONE0004,17.87,Same Day,Urgent,4576.32
DLVORD00001237,DLVCUST0000120,2022-08-03,ZONE0001,11.84,Same Day,Normal,351.29
DLVORD00001238,DLVCUST0000319,2023-03-02,ZONE0006,45.62,Same Day,Normal,401.03
DLVORD00001239,DLVCUST0000063,2023-06-06,ZONE0014,3.76,Economy,Normal,1488.04
DLVORD00001240,DLVCUST0000161,2022-02-21,ZONE0009,22.85,Same Day,Normal,3877.71
DLVORD00001241,DLVCUST0000294,2022-12-16,ZONE0002,33.65,Next Day,Urgent,3465.62
DLVORD00001242,DLVCUST0000003,2022-11-16,ZONE0018,34.26,Next Day,Normal,4308.11
DLVORD00001243,DLVCUST0000052,2023-07-08,ZONE0013,32.37,Next Day,Urgent,4721.7
DLVORD00001244,DLVCUST0000051,2024-05-08,ZONE0016,41.62,Standard,Normal,1677.03
DLVORD00001245,DLVCUST0000177,2024-03-17,ZONE0005,4.83,Economy,Urgent,1982.53
DLVORD00001246,DLVCUST0000297,2023-01-04,ZONE0019,16.22,Economy,High,3437.63
DLVORD00001247,DLVCUST0000040,2024-01-01,ZONE0005,36.04,Same Day,Urgent,1124.08
DLVORD00001248,DLVCUST0000326,2022-10-02,ZONE0014,1.21,Same Day,Urgent,2920.42
DLVORD00001249,DLVCUST0000320,2022-10-01,ZONE0007,1.35,Standard,Urgent,339.58
DLVORD00001250,DLVCUST0000359,2022-09-21,ZONE0012,29.71,Express,Normal,4625.99
DLVORD00001251,DLVCUST0000124,2022-09-05,ZONE0017,35.75,Express,Normal,1517.2
DLVORD00001252,DLVCUST0000069,2023-12-14,ZONE0018,36.8,Next Day,Urgent,3228.5
DLVORD00001253,DLVCUST0000217,2024-12-11,ZONE0003,35.2,Express,Urgent,2188.86
DLVORD00001254,DLVCUST0000178,2022-11-22,ZONE0012,15.52,Same Day,Normal,4005.04
DLVORD00001255,DLVCUST0000259,2023-09-29,ZONE0019,18.51,Next Day,Urgent,1498.77
DLVORD00001256,DLVCUST0000395,2022-11-17,ZONE0009,31.09,Economy,Normal,3993.09
DLVORD00001257,DLVCUST0000018,2022-07-02,ZONE0013,46.64,Next Day,Normal,4987.9
DLVORD00001258,DLVCUST0000101,2024-08-03,ZONE0019,19.1,Express,Normal,4125.93
DLVORD00001259,DLVCUST0000242,2022-04-20,ZONE0013,6.13,Same Day,Normal,4257.8
DLVORD00001260,DLVCUST0000333,2023-04-25,ZONE0005,4.95,Economy,Urgent,4083.33
DLVORD00001261,DLVCUST0000176,2023-06-21,ZONE0019,24.42,Express,High,3634.99
DLVORD00001262,DLVCUST0000080,2024-09-22,ZONE0005,46.35,Same Day,Urgent,2702.42
DLVORD00001263,DLVCUST0000007,2022-09-16,ZONE0020,2.26,Standard,High,2534.54
DLVORD00001264,DLVCUST0000037,2022-11-09,ZONE0005,12.31,Standard,Urgent,3091.06
DLVORD00001265,DLVCUST0000206,2024-12-30,ZONE0005,4.26,Express,Normal,3148.79
DLVORD00001266,DLVCUST0000241,2024-11-09,ZONE0004,22.44,Economy,High,2873.49
DLVORD00001267,DLVCUST0000263,2024-02-26,ZONE0014,17.45,Next Day,High,4554.92
DLVORD00001268,DLVCUST0000121,2023-06-13,ZONE0015,38.1,Standard,Normal,1145.7
DLVORD00001269,DLVCUST0000183,2023-09-24,ZONE0013,45.63,Next Day,High,472.44
DLVORD00001270,DLVCUST0000390,2022-04-30,ZONE0003,3.19,Same Day,High,75.34
DLVORD00001271,DLVCUST0000241,2024-09-01,ZONE0004,22.46,Express,Normal,4139.18
DLVORD00001272,DLVCUST0000321,2023-05-27,ZONE0017,49.02,Standard,Urgent,288.42
DLVORD00001273,DLVCUST0000156,2024-11-26,ZONE0002,36.87,Economy,Normal,271.91
DLVORD00001274,DLVCUST0000025,2024-04-20,ZONE0005,40.28,Same Day,High,412.8
DLVORD00001275,DLVCUST0000180,2023-10-22,ZONE0006,29.46,Same Day,Urgent,4765.07
DLVORD00001276,DLVCUST0000276,2023-11-30,ZONE0003,47.45,Express,Normal,2415.71
DLVORD00001277,DLVCUST0000286,2023-02-23,ZONE0002,27.42,Economy,Urgent,4848.86
DLVORD00001278,DLVCUST0000093,2024-01-28,ZONE0014,49.58,Standard,High,670.1
DLVORD00001279,DLVCUST0000122,2024-01-12,ZONE0014,1.65,Same Day,High,2775.24
DLVORD00001280,DLVCUST0000043,2022-07-16,ZONE0012,28.66,Economy,Urgent,3792.36
DLVORD00001281,DLVCUST0000119,2023-12-09,ZONE0002,39.32,Express,Urgent,3117.77
DLVORD00001282,DLVCUST0000057,2023-03-16,ZONE0017,31.91,Same Day,High,4810.97
DLVORD00001283,DLVCUST0000248,2022-10-17,ZONE0011,40.54,Standard,Normal,4579.18
DLVORD00001284,DLVCUST0000329,2023-02-14,ZONE0001,40.93,Same Day,High,1103.75
DLVORD00001285,DLVCUST0000173,2024-10-12,ZONE0020,6.4,Economy,Normal,3557.48
DLVORD00001286,DLVCUST0000295,2024-08-18,ZONE0004,47.37,Express,Normal,2118.19
DLVORD00001287,DLVCUST0000329,2024-04-09,ZONE0001,2.38,Standard,High,2999.39
DLVORD00001288,DLVCUST0000052,2024-03-15,ZONE0013,49.22,Express,Normal,4057.57
DLVORD00001289,DLVCUST0000255,2022-01-21,ZONE0016,41.06,Economy,Normal,1357.11
DLVORD00001290,DLVCUST0000224,2024-12-20,ZONE0016,43.19,Same Day,Normal,1782.44
DLVORD00001291,DLVCUST0000307,2022-10-30,ZONE0006,40.95,Same Day,Normal,2582.02
DLVORD00001292,DLVCUST0000027,2023-11-06,ZONE0013,1.55,Standard,Urgent,4634.9
DLVORD00001293,DLVCUST0000102,2022-07-18,ZONE0020,30.52,Express,Urgent,4506.39
DLVORD00001294,DLVCUST0000146,2024-08-09,ZONE0018,33.87,Economy,High,4180.59
DLVORD00001295,DLVCUST0000395,2023-01-30,ZONE0009,30.7,Standard,Normal,4051.82
DLVORD00001296,DLVCUST0000374,2024-07-19,ZONE0002,48.16,Economy,Urgent,2790.62
DLVORD00001297,DLVCUST0000350,2023-08-30,ZONE0009,9.56,Express,Normal,4060.28
DLVORD00001298,DLVCUST0000022,2023-07-12,ZONE0003,35.06,Economy,High,3653.33
DLVORD00001299,DLVCUST0000310,2024-07-02,ZONE0016,15.93,Economy,Urgent,2801.54
DLVORD00001300,DLVCUST0000055,2024-07-13,ZONE0019,15.32,Next Day,Urgent,3773.29
DLVORD00001301,DLVCUST0000223,2022-05-14,ZONE0012,12.52,Same Day,High,3348.02
DLVORD00001302,DLVCUST0000368,2023-04-06,ZONE0019,0.46,Economy,High,2822.19
DLVORD00001303,DLVCUST0000024,2024-10-15,ZONE0019,39.34,Standard,High,1415.6
DLVORD00001304,DLVCUST0000135,2022-10-30,ZONE0018,30.0,Next Day,Normal,2034.29
DLVORD00001305,DLVCUST0000348,2022-10-06,ZONE0008,3.2,Next Day,Urgent,1336.58
DLVORD00001306,DLVCUST0000079,2024-10-11,ZONE0012,11.4,Economy,High,3515.9
DLVORD00001307,DLVCUST0000045,2022-11-02,ZONE0016,48.61,Next Day,High,1298.26
DLVORD00001308,DLVCUST0000365,2022-11-01,ZONE0005,49.76,Next Day,High,1626.47
DLVORD00001309,DLVCUST0000301,2024-05-22,ZONE0006,32.44,Express,Urgent,4998.42
DLVORD00001310,DLVCUST0000377,2024-10-27,ZONE0001,20.42,Same Day,Normal,4246.16
DLVORD00001311,DLVCUST0000020,2023-02-08,ZONE0020,30.55,Express,High,3346.05
DLVORD00001312,DLVCUST0000291,2024-02-18,ZONE0007,44.55,Economy,Urgent,3232.01
DLVORD00001313,DLVCUST0000070,2024-03-09,ZONE0010,24.63,Standard,High,823.67
DLVORD00001314,DLVCUST0000082,2023-05-12,ZONE0010,47.07,Same Day,Urgent,4232.81
DLVORD00001315,DLVCUST0000063,2023-08-17,ZONE0014,23.74,Standard,Normal,2694.65
DLVORD00001316,DLVCUST0000095,2024-09-23,ZONE0014,31.9,Next Day,Urgent,2729.81
DLVORD00001317,DLVCUST0000247,2024-07-26,ZONE0012,41.31,Same Day,Normal,246.7
DLVORD00001318,DLVCUST0000212,2022-12-24,ZONE0016,27.52,Economy,Normal,3998.3
DLVORD00001319,DLVCUST0000010,2022-08-21,ZONE0005,9.39,Express,Urgent,2490.12
DLVORD00001320,DLVCUST0000348,2022-11-13,ZONE0008,15.37,Economy,Normal,1302.17
DLVORD00001321,DLVCUST0000145,2022-10-02,ZONE0016,23.96,Next Day,High,4296.96
DLVORD00001322,DLVCUST0000302,2023-06-02,ZONE0003,16.61,Same Day,High,2531.59
DLVORD00001323,DLVCUST0000198,2023-12-23,ZONE0004,30.02,Next Day,High,1774.5
DLVORD00001324,DLVCUST0000300,2023-03-24,ZONE0003,26.05,Economy,Normal,2130.85
DLVORD00001325,DLVCUST0000239,2022-10-30,ZONE0017,14.0,Next Day,Urgent,2244.37
DLVORD00001326,DLVCUST0000056,2024-12-16,ZONE0004,43.68,Standard,Normal,1001.43
DLVORD00001327,DLVCUST0000170,2024-02-15,ZONE0013,36.69,Next Day,Urgent,2395.78
DLVORD00001328,DLVCUST0000288,2022-06-10,ZONE0016,17.31,Standard,Normal,3662.54
DLVORD00001329,DLVCUST0000131,2024-06-16,ZONE0005,1.6,Standard,Urgent,4238.92
DLVORD00001330,DLVCUST0000316,2024-05-03,ZONE0016,21.49,Next Day,Urgent,3038.97
DLVORD00001331,DLVCUST0000100,2022-11-11,ZONE0009,13.89,Express,Normal,12.27
DLVORD00001332,DLVCUST0000273,2024-05-09,ZONE0006,12.35,Express,Normal,4413.67
DLVORD00001333,DLVCUST0000046,2022-04-17,ZONE0002,2.22,Express,High,3154.74
DLVORD00001334,DLVCUST0000163,2024-10-30,ZONE0001,7.46,Express,Urgent,1609.79
DLVORD00001335,DLVCUST0000150,2023-09-20,ZONE0013,32.61,Economy,Normal,4101.35
DLVORD00001336,DLVCUST0000098,2024-12-13,ZONE0017,5.21,Express,High,4344.63
DLVORD00001337,DLVCUST0000241,2024-02-20,ZONE0004,11.44,Same Day,Urgent,368.52
DLVORD00001338,DLVCUST0000137,2023-06-17,ZONE0010,19.0,Standard,Normal,2375.27
DLVORD00001339,DLVCUST0000150,2023-01-21,ZONE0013,32.17,Next Day,High,2142.52
DLVORD00001340,DLVCUST0000273,2023-11-10,ZONE0006,14.68,Standard,High,2803.3
DLVORD00001341,DLVCUST0000355,2024-06-06,ZONE0009,37.86,Next Day,Normal,662.27
DLVORD00001342,DLVCUST0000384,2022-05-20,ZONE0018,1.68,Economy,High,3703.37
DLVORD00001343,DLVCUST0000400,2023-09-08,ZONE0010,29.23,Same Day,Urgent,2704.94
DLVORD00001344,DLVCUST0000089,2023-11-18,ZONE0004,41.54,Next Day,Urgent,3018.05
DLVORD00001345,DLVCUST0000268,2023-08-05,ZONE0009,14.25,Economy,Normal,1200.56
DLVORD00001346,DLVCUST0000133,2022-06-28,ZONE0012,49.9,Express,Urgent,3188.75
DLVORD00001347,DLVCUST0000396,2023-09-10,ZONE0003,5.67,Economy,Urgent,2749.24
DLVORD00001348,DLVCUST0000247,2023-12-30,ZONE0012,28.87,Next Day,Urgent,3180.05
DLVORD00001349,DLVCUST0000097,2024-04-09,ZONE0020,36.28,Next Day,High,4521.97
DLVORD00001350,DLVCUST0000090,2023-03-03,ZONE0012,32.04,Standard,Normal,742.31
DLVORD00001351,DLVCUST0000291,2023-10-24,ZONE0007,24.01,Economy,Urgent,3893.77
DLVORD00001352,DLVCUST0000025,2024-04-07,ZONE0005,25.1,Next Day,Urgent,4054.93
DLVORD00001353,DLVCUST0000110,2022-09-05,ZONE0014,30.47,Economy,High,655.09
DLVORD00001354,DLVCUST0000159,2022-04-04,ZONE0018,16.99,Same Day,Normal,3240.03
DLVORD00001355,DLVCUST0000268,2023-03-28,ZONE0009,21.72,Same Day,Normal,2795.23
DLVORD00001356,DLVCUST0000158,2024-12-11,ZONE0009,0.9,Next Day,High,3183.92
DLVORD00001357,DLVCUST0000169,2024-03-08,ZONE0016,48.97,Economy,High,3188.75
DLVORD00001358,DLVCUST0000095,2022-03-15,ZONE0014,5.27,Next Day,Urgent,791.28
DLVORD00001359,DLVCUST0000245,2023-05-09,ZONE0012,32.75,Standard,Normal,553.58
DLVORD00001360,DLVCUST0000248,2023-11-29,ZONE0011,18.46,Economy,Normal,624.24
DLVORD00001361,DLVCUST0000295,2023-08-06,ZONE0004,43.58,Standard,High,4566.74
DLVORD00001362,DLVCUST0000274,2024-05-18,ZONE0017,12.57,Next Day,High,4446.42
DLVORD00001363,DLVCUST0000308,2022-04-26,ZONE0008,37.89,Economy,Normal,1201.49
DLVORD00001364,DLVCUST0000305,2023-05-01,ZONE0013,4.69,Express,Normal,1258.97
DLVORD00001365,DLVCUST0000361,2022-01-22,ZONE0016,17.1,Next Day,High,306.81
DLVORD00001366,DLVCUST0000189,2023-08-20,ZONE0020,6.69,Next Day,Urgent,633.83
DLVORD00001367,DLVCUST0000259,2024-10-27,ZONE0019,42.86,Standard,Urgent,4267.98
DLVORD00001368,DLVCUST0000001,2023-01-17,ZONE0003,26.56,Next Day,Urgent,3696.2
DLVORD00001369,DLVCUST0000107,2022-07-15,ZONE0007,3.17,Next Day,Urgent,2304.12
DLVORD00001370,DLVCUST0000274,2023-12-21,ZONE0017,47.16,Same Day,Normal,1966.31
DLVORD00001371,DLVCUST0000297,2024-08-25,ZONE0019,34.76,Economy,Urgent,1396.59
DLVORD00001372,DLVCUST0000057,2023-02-09,ZONE0017,20.63,Next Day,Urgent,707.67
DLVORD00001373,DLVCUST0000282,2023-07-04,ZONE0004,24.23,Next Day,Normal,1299.02
DLVORD00001374,DLVCUST0000252,2024-06-16,ZONE0017,28.88,Same Day,Normal,4796.8
DLVORD00001375,DLVCUST0000025,2024-09-16,ZONE0005,16.45,Next Day,Urgent,1967.83
DLVORD00001376,DLVCUST0000153,2024-01-13,ZONE0016,24.73,Express,High,1186.65
DLVORD00001377,DLVCUST0000109,2023-12-14,ZONE0019,27.71,Economy,High,3259.2
DLVORD00001378,DLVCUST0000010,2023-04-25,ZONE0005,27.59,Same Day,High,3223.57
DLVORD00001379,DLVCUST0000174,2024-06-24,ZONE0006,19.12,Next Day,Urgent,2896.05
DLVORD00001380,DLVCUST0000167,2024-03-20,ZONE0007,13.56,Standard,High,3765.3
DLVORD00001381,DLVCUST0000280,2024-01-10,ZONE0018,49.85,Standard,Normal,4946.27
DLVORD00001382,DLVCUST0000190,2022-03-06,ZONE0009,49.68,Next Day,High,4654.67
DLVORD00001383,DLVCUST0000262,2024-07-08,ZONE0005,43.16,Next Day,High,2400.65
DLVORD00001384,DLVCUST0000327,2023-07-24,ZONE0004,36.73,Same Day,Normal,1931.39
DLVORD00001385,DLVCUST0000270,2024-05-19,ZONE0013,8.4,Next Day,Urgent,3476.65
DLVORD00001386,DLVCUST0000119,2024-07-22,ZONE0002,34.63,Standard,Urgent,2021.88
DLVORD00001387,DLVCUST0000167,2024-04-11,ZONE0007,27.04,Next Day,Normal,2861.69
DLVORD00001388,DLVCUST0000305,2024-04-03,ZONE0013,10.76,Standard,High,684.33
DLVORD00001389,DLVCUST0000375,2024-03-22,ZONE0007,22.43,Economy,High,4946.88
DLVORD00001390,DLVCUST0000251,2022-07-01,ZONE0015,10.29,Economy,Urgent,2443.94
DLVORD00001391,DLVCUST0000037,2024-03-20,ZONE0005,43.88,Economy,High,2759.92
DLVORD00001392,DLVCUST0000021,2024-05-01,ZONE0019,13.05,Standard,High,4810.64
DLVORD00001393,DLVCUST0000087,2024-01-12,ZONE0001,11.57,Express,High,2183.27
DLVORD00001394,DLVCUST0000344,2022-05-25,ZONE0002,1.73,Same Day,Urgent,2559.16
DLVORD00001395,DLVCUST0000113,2023-08-06,ZONE0007,27.16,Next Day,Urgent,2651.05
DLVORD00001396,DLVCUST0000182,2023-02-28,ZONE0020,30.19,Next Day,High,3728.77
DLVORD00001397,DLVCUST0000377,2023-12-20,ZONE0001,22.14,Next Day,High,1455.95
DLVORD00001398,DLVCUST0000155,2023-01-11,ZONE0015,43.03,Same Day,High,347.5
DLVORD00001399,DLVCUST0000090,2023-03-05,ZONE0012,23.36,Next Day,High,224.54
DLVORD00001400,DLVCUST0000137,2023-02-19,ZONE0010,8.71,Next Day,High,2803.31
DLVORD00001401,DLVCUST0000316,2023-12-26,ZONE0016,32.23,Economy,Urgent,3347.3
DLVORD00001402,DLVCUST0000263,2023-10-07,ZONE0014,42.51,Economy,Normal,3521.89
DLVORD00001403,DLVCUST0000387,2022-07-24,ZONE0018,23.7,Standard,High,4386.71
DLVORD00001404,DLVCUST0000270,2024-11-28,ZONE0013,8.78,Next Day,Urgent,1328.55
DLVORD00001405,DLVCUST0000014,2023-09-29,ZONE0019,34.49,Economy,Normal,2644.73
DLVORD00001406,DLVCUST0000217,2023-12-15,ZONE0003,0.33,Express,High,4549.02
DLVORD00001407,DLVCUST0000161,2024-06-16,ZONE0009,23.44,Economy,High,3498.16
DLVORD00001408,DLVCUST0000102,2024-10-22,ZONE0020,11.73,Standard,Normal,2011.45
DLVORD00001409,DLVCUST0000288,2023-05-19,ZONE0016,47.13,Standard,Normal,2267.86
DLVORD00001410,DLVCUST0000010,2022-07-11,ZONE0005,29.69,Standard,Urgent,2139.5
DLVORD00001411,DLVCUST0000025,2024-10-01,ZONE0005,9.57,Next Day,Urgent,2535.7
DLVORD00001412,DLVCUST0000132,2024-03-15,ZONE0017,30.08,Economy,Normal,2053.92
DLVORD00001413,DLVCUST0000256,2023-05-13,ZONE0010,3.3,Economy,Urgent,1310.04
DLVORD00001414,DLVCUST0000074,2023-09-25,ZONE0001,31.74,Standard,Urgent,4337.32
DLVORD00001415,DLVCUST0000312,2022-03-25,ZONE0018,26.35,Next Day,Urgent,4428.54
DLVORD00001416,DLVCUST0000196,2023-11-21,ZONE0001,21.09,Same Day,Normal,764.59
DLVORD00001417,DLVCUST0000045,2022-08-08,ZONE0016,17.85,Express,Normal,2104.29
DLVORD00001418,DLVCUST0000205,2022-02-22,ZONE0013,22.41,Economy,Urgent,3228.78
DLVORD00001419,DLVCUST0000049,2024-01-20,ZONE0008,19.49,Standard,Urgent,438.89
DLVORD00001420,DLVCUST0000347,2023-02-22,ZONE0015,3.04,Express,High,3739.81
DLVORD00001421,DLVCUST0000241,2024-04-22,ZONE0004,33.44,Next Day,Normal,1383.58
DLVORD00001422,DLVCUST0000209,2023-10-08,ZONE0013,13.19,Standard,Urgent,1110.73
DLVORD00001423,DLVCUST0000258,2024-04-08,ZONE0009,7.76,Same Day,High,4516.97
DLVORD00001424,DLVCUST0000275,2022-09-13,ZONE0017,24.91,Economy,Urgent,3654.14
DLVORD00001425,DLVCUST0000053,2023-06-21,ZONE0013,43.64,Express,Urgent,465.51
DLVORD00001426,DLVCUST0000274,2022-05-25,ZONE0017,44.76,Economy,Urgent,3288.22
DLVORD00001427,DLVCUST0000391,2023-09-14,ZONE0010,33.22,Standard,Urgent,1890.32
DLVORD00001428,DLVCUST0000032,2023-12-09,ZONE0018,39.39,Same Day,Urgent,2530.17
DLVORD00001429,DLVCUST0000201,2022-01-26,ZONE0010,44.68,Same Day,High,4521.35
DLVORD00001430,DLVCUST0000273,2024-02-13,ZONE0006,24.15,Next Day,Urgent,2451.49
DLVORD00001431,DLVCUST0000282,2024-04-17,ZONE0004,39.66,Economy,High,1507.6
DLVORD00001432,DLVCUST0000099,2022-12-30,ZONE0002,28.51,Express,Normal,637.73
DLVORD00001433,DLVCUST0000138,2023-06-02,ZONE0005,15.25,Same Day,High,949.44
DLVORD00001434,DLVCUST0000378,2024-01-15,ZONE0019,14.06,Standard,High,4532.39
DLVORD00001435,DLVCUST0000023,2024-06-22,ZONE0004,28.65,Standard,High,2716.61
DLVORD00001436,DLVCUST0000367,2024-07-28,ZONE0003,32.59,Next Day,High,1922.42
DLVORD00001437,DLVCUST0000384,2023-06-14,ZONE0018,24.25,Next Day,Normal,1683.01
DLVORD00001438,DLVCUST0000215,2024-07-12,ZONE0002,26.41,Next Day,High,1230.1
DLVORD00001439,DLVCUST0000171,2024-12-11,ZONE0015,44.02,Same Day,High,926.85
DLVORD00001440,DLVCUST0000052,2024-03-02,ZONE0013,32.58,Same Day,High,1033.62
DLVORD00001441,DLVCUST0000002,2024-09-10,ZONE0016,17.21,Express,Urgent,4722.32
DLVORD00001442,DLVCUST0000133,2024-07-03,ZONE0012,18.44,Next Day,Urgent,3976.31
DLVORD00001443,DLVCUST0000275,2024-11-17,ZONE0017,34.76,Express,Urgent,2316.31
DLVORD00001444,DLVCUST0000125,2023-07-05,ZONE0012,35.19,Standard,Urgent,1851.76
DLVORD00001445,DLVCUST0000381,2024-12-04,ZONE0013,30.02,Express,Urgent,4631.25
DLVORD00001446,DLVCUST0000204,2024-10-10,ZONE0005,41.84,Standard,High,4609.71
DLVORD00001447,DLVCUST0000132,2024-02-28,ZONE0017,45.36,Same Day,Normal,2672.76
DLVORD00001448,DLVCUST0000274,2022-03-02,ZONE0017,11.35,Next Day,Urgent,2645.06
DLVORD00001449,DLVCUST0000156,2022-07-15,ZONE0002,31.56,Standard,Normal,2098.15
DLVORD00001450,DLVCUST0000142,2024-09-19,ZONE0002,45.49,Express,High,2479.86
DLVORD00001451,DLVCUST0000164,2024-05-04,ZONE0006,35.0,Next Day,Normal,229.31
DLVORD00001452,DLVCUST0000390,2024-05-11,ZONE0003,37.44,Same Day,Normal,2745.57
DLVORD00001453,DLVCUST0000050,2023-07-21,ZONE0013,43.86,Economy,Urgent,2581.19
DLVORD00001454,DLVCUST0000155,2024-09-05,ZONE0015,30.77,Next Day,High,3170.49
DLVORD00001455,DLVCUST0000123,2022-04-07,ZONE0011,24.23,Standard,High,2574.4
DLVORD00001456,DLVCUST0000177,2024-12-11,ZONE0005,40.45,Express,High,804.65
DLVORD00001457,DLVCUST0000039,2023-05-15,ZONE0012,40.82,Express,Normal,4038.0
DLVORD00001458,DLVCUST0000314,2023-02-21,ZONE0014,10.34,Economy,Normal,3812.1
DLVORD00001459,DLVCUST0000119,2023-05-21,ZONE0002,20.25,Standard,High,2686.17
DLVORD00001460,DLVCUST0000087,2022-08-07,ZONE0001,45.21,Economy,High,4587.78
DLVORD00001461,DLVCUST0000043,2023-02-28,ZONE0012,24.72,Express,High,3679.73
DLVORD00001462,DLVCUST0000054,2022-10-04,ZONE0014,19.86,Standard,Urgent,4904.0
DLVORD00001463,DLVCUST0000376,2023-10-13,ZONE0017,20.07,Express,Urgent,3931.19
DLVORD00001464,DLVCUST0000379,2024-02-28,ZONE0018,25.6,Next Day,High,2408.75
DLVORD00001465,DLVCUST0000144,2023-12-24,ZONE0001,31.02,Standard,Urgent,3789.43
DLVORD00001466,DLVCUST0000193,2023-09-27,ZONE0016,33.22,Same Day,High,3735.69
DLVORD00001467,DLVCUST0000106,2023-12-04,ZONE0019,41.87,Express,High,4207.54
DLVORD00001468,DLVCUST0000305,2022-03-21,ZONE0013,8.3,Same Day,Normal,993.26
DLVORD00001469,DLVCUST0000327,2023-10-07,ZONE0004,11.49,Express,Urgent,1634.92
DLVORD00001470,DLVCUST0000282,2024-02-18,ZONE0004,30.35,Same Day,High,4337.6
DLVORD00001471,DLVCUST0000320,2022-08-18,ZONE0007,34.57,Next Day,High,4102.32
DLVORD00001472,DLVCUST0000222,2023-10-29,ZONE0016,30.05,Next Day,Normal,31.83
DLVORD00001473,DLVCUST0000146,2023-09-23,ZONE0018,44.8,Standard,High,3395.85
DLVORD00001474,DLVCUST0000078,2022-05-24,ZONE0005,18.45,Next Day,Normal,4041.26
DLVORD00001475,DLVCUST0000151,2022-12-30,ZONE0020,15.21,Next Day,High,4133.49
DLVORD00001476,DLVCUST0000224,2024-05-21,ZONE0016,48.06,Standard,Urgent,3222.16
DLVORD00001477,DLVCUST0000315,2024-09-02,ZONE0011,26.35,Standard,Normal,2225.35
DLVORD00001478,DLVCUST0000340,2023-02-28,ZONE0004,6.33,Standard,High,1558.77
DLVORD00001479,DLVCUST0000310,2024-02-15,ZONE0016,34.75,Express,Urgent,1056.11
DLVORD00001480,DLVCUST0000104,2024-01-13,ZONE0001,3.28,Same Day,High,930.83
DLVORD00001481,DLVCUST0000225,2024-09-12,ZONE0011,34.78,Express,Normal,285.88
DLVORD00001482,DLVCUST0000154,2024-07-16,ZONE0014,31.79,Next Day,Normal,1631.74
DLVORD00001483,DLVCUST0000065,2022-10-29,ZONE0002,22.16,Next Day,High,3192.94
DLVORD00001484,DLVCUST0000237,2022-05-26,ZONE0001,36.43,Economy,High,4314.34
DLVORD00001485,DLVCUST0000185,2024-10-24,ZONE0007,28.0,Next Day,Normal,4899.55
DLVORD00001486,DLVCUST0000377,2024-08-24,ZONE0001,42.43,Economy,Normal,1279.51
DLVORD00001487,DLVCUST0000147,2024-12-09,ZONE0016,6.02,Express,Normal,4909.4
DLVORD00001488,DLVCUST0000194,2022-08-19,ZONE0001,8.64,Next Day,Normal,1159.59
DLVORD00001489,DLVCUST0000390,2022-12-06,ZONE0003,16.39,Next Day,High,3802.76
DLVORD00001490,DLVCUST0000013,2024-02-22,ZONE0008,29.1,Express,Urgent,2556.8
DLVORD00001491,DLVCUST0000375,2024-02-25,ZONE0007,14.8,Express,High,72.96
DLVORD00001492,DLVCUST0000276,2022-10-26,ZONE0003,23.14,Same Day,High,3103.69
DLVORD00001493,DLVCUST0000209,2022-10-16,ZONE0013,14.55,Standard,Normal,4335.29
DLVORD00001494,DLVCUST0000310,2024-07-19,ZONE0016,12.69,Next Day,Normal,1920.73
DLVORD00001495,DLVCUST0000010,2023-12-25,ZONE0005,5.19,Next Day,High,4556.88
DLVORD00001496,DLVCUST0000369,2024-03-10,ZONE0004,1.95,Next Day,Urgent,4593.17
DLVORD00001497,DLVCUST0000205,2023-07-25,ZONE0013,21.11,Next Day,Urgent,1833.69
DLVORD00001498,DLVCUST0000181,2022-07-26,ZONE0005,34.13,Same Day,Normal,1117.18
DLVORD00001499,DLVCUST0000039,2023-11-02,ZONE0012,18.18,Standard,Urgent,2958.24
DLVORD00001500,DLVCUST0000138,2024-09-16,ZONE0005,14.3,Same Day,Urgent,3282.53
DLVORD00001501,DLVCUST0000075,2023-02-17,ZONE0004,26.65,Economy,Urgent,1979.05
DLVORD00001502,DLVCUST0000154,2023-11-01,ZONE0014,47.69,Economy,High,4656.6
DLVORD00001503,DLVCUST0000173,2024-07-16,ZONE0020,13.85,Economy,High,4160.51
DLVORD00001504,DLVCUST0000130,2023-03-31,ZONE0008,9.23,Express,High,2032.23
DLVORD00001505,DLVCUST0000116,2023-01-22,ZONE0005,49.65,Standard,Normal,2289.22
DLVORD00001506,DLVCUST0000043,2023-03-16,ZONE0012,16.9,Next Day,Urgent,3879.09
DLVORD00001507,DLVCUST0000179,2023-12-22,ZONE0002,33.62,Same Day,High,1150.36
DLVORD00001508,DLVCUST0000211,2022-01-22,ZONE0014,0.51,Next Day,High,2485.98
DLVORD00001509,DLVCUST0000216,2023-04-07,ZONE0002,0.92,Economy,Normal,2615.31
DLVORD00001510,DLVCUST0000344,2023-03-29,ZONE0002,13.75,Express,Normal,2498.95
DLVORD00001511,DLVCUST0000335,2022-05-03,ZONE0017,41.33,Standard,Normal,4748.9
DLVORD00001512,DLVCUST0000128,2024-11-24,ZONE0019,5.11,Next Day,High,207.46
DLVORD00001513,DLVCUST0000371,2024-05-12,ZONE0005,25.21,Economy,Urgent,4722.63
DLVORD00001514,DLVCUST0000163,2024-02-08,ZONE0001,21.51,Standard,High,3788.56
DLVORD00001515,DLVCUST0000205,2023-01-28,ZONE0013,41.83,Standard,Urgent,1557.27
DLVORD00001516,DLVCUST0000194,2024-07-02,ZONE0001,34.75,Same Day,Urgent,1336.36
DLVORD00001517,DLVCUST0000329,2022-09-16,ZONE0001,22.56,Next Day,High,955.98
DLVORD00001518,DLVCUST0000060,2023-11-04,ZONE0003,40.02,Same Day,Urgent,4311.62
DLVORD00001519,DLVCUST0000145,2023-07-14,ZONE0016,28.03,Standard,High,786.64
DLVORD00001520,DLVCUST0000095,2024-08-03,ZONE0014,40.65,Standard,Normal,883.88
DLVORD00001521,DLVCUST0000352,2022-02-11,ZONE0005,46.05,Express,High,1889.3
DLVORD00001522,DLVCUST0000219,2023-02-07,ZONE0018,44.57,Express,Urgent,4185.83
DLVORD00001523,DLVCUST0000334,2022-04-03,ZONE0010,6.0,Economy,High,312.56
DLVORD00001524,DLVCUST0000229,2023-10-26,ZONE0018,11.03,Standard,Urgent,2507.51
DLVORD00001525,DLVCUST0000308,2023-04-06,ZONE0008,29.04,Next Day,Normal,3159.75
DLVORD00001526,DLVCUST0000352,2023-11-07,ZONE0005,47.5,Next Day,High,3934.86
DLVORD00001527,DLVCUST0000124,2024-12-28,ZONE0017,48.07,Next Day,High,1693.71
DLVORD00001528,DLVCUST0000363,2022-03-28,ZONE0018,21.96,Next Day,Normal,4915.26
DLVORD00001529,DLVCUST0000292,2023-10-24,ZONE0016,39.38,Same Day,Normal,1266.09
DLVORD00001530,DLVCUST0000118,2023-12-20,ZONE0006,13.35,Next Day,High,2899.74
DLVORD00001531,DLVCUST0000123,2022-06-01,ZONE0011,24.69,Express,Urgent,4294.94
DLVORD00001532,DLVCUST0000021,2024-09-03,ZONE0019,41.69,Express,Urgent,4799.22
DLVORD00001533,DLVCUST0000361,2023-03-08,ZONE0016,12.89,Standard,High,3441.49
DLVORD00001534,DLVCUST0000069,2024-03-31,ZONE0018,26.62,Economy,Normal,4199.66
DLVORD00001535,DLVCUST0000194,2023-06-20,ZONE0001,13.1,Express,Urgent,3464.84
DLVORD00001536,DLVCUST0000191,2022-08-22,ZONE0011,37.64,Same Day,High,1328.5
DLVORD00001537,DLVCUST0000207,2023-01-08,ZONE0013,13.88,Next Day,Normal,1660.69
DLVORD00001538,DLVCUST0000327,2024-03-07,ZONE0004,13.45,Express,High,1292.07
DLVORD00001539,DLVCUST0000188,2024-06-12,ZONE0014,35.45,Express,High,2747.53
DLVORD00001540,DLVCUST0000364,2024-03-02,ZONE0008,36.43,Next Day,Normal,2201.57
DLVORD00001541,DLVCUST0000341,2023-05-18,ZONE0019,24.74,Economy,High,601.58
DLVORD00001542,DLVCUST0000177,2024-04-14,ZONE0005,15.44,Standard,Urgent,1022.2
DLVORD00001543,DLVCUST0000198,2024-10-08,ZONE0004,24.63,Standard,Normal,208.92
DLVORD00001544,DLVCUST0000090,2022-02-28,ZONE0012,37.55,Standard,Normal,1317.96
DLVORD00001545,DLVCUST0000016,2023-07-19,ZONE0001,13.04,Express,High,4751.04
DLVORD00001546,DLVCUST0000195,2023-01-27,ZONE0010,17.43,Economy,Normal,3321.95
DLVORD00001547,DLVCUST0000334,2023-05-28,ZONE0010,17.64,Next Day,High,3767.28
DLVORD00001548,DLVCUST0000266,2023-09-02,ZONE0007,29.73,Standard,Normal,2919.33
DLVORD00001549,DLVCUST0000266,2024-08-06,ZONE0007,26.79,Standard,Urgent,4575.32
DLVORD00001550,DLVCUST0000090,2023-03-06,ZONE0012,27.89,Standard,Normal,2428.15
DLVORD00001551,DLVCUST0000030,2022-12-29,ZONE0018,27.92,Next Day,High,678.3
DLVORD00001552,DLVCUST0000147,2024-03-07,ZONE0016,10.59,Same Day,High,2379.91
DLVORD00001553,DLVCUST0000071,2024-08-16,ZONE0001,18.35,Economy,Urgent,1674.66
DLVORD00001554,DLVCUST0000281,2022-09-15,ZONE0010,12.75,Standard,Urgent,4630.2
DLVORD00001555,DLVCUST0000074,2023-09-10,ZONE0001,45.38,Same Day,Normal,934.34
DLVORD00001556,DLVCUST0000077,2022-06-06,ZONE0010,9.33,Same Day,Urgent,3486.33
DLVORD00001557,DLVCUST0000049,2024-08-15,ZONE0008,45.62,Express,High,3062.32
DLVORD00001558,DLVCUST0000392,2024-10-05,ZONE0014,31.95,Same Day,Urgent,2667.08
DLVORD00001559,DLVCUST0000158,2024-08-29,ZONE0009,14.67,Next Day,High,4878.24
DLVORD00001560,DLVCUST0000353,2022-12-16,ZONE0005,12.76,Express,Urgent,2346.82
DLVORD00001561,DLVCUST0000075,2024-02-13,ZONE0004,2.43,Standard,Normal,4528.04
DLVORD00001562,DLVCUST0000276,2023-02-21,ZONE0003,29.79,Standard,Normal,1583.74
DLVORD00001563,DLVCUST0000360,2024-04-05,ZONE0006,41.17,Economy,Normal,4811.4
DLVORD00001564,DLVCUST0000209,2024-06-24,ZONE0013,44.13,Same Day,Urgent,2799.79
DLVORD00001565,DLVCUST0000019,2024-06-09,ZONE0008,25.59,Next Day,Normal,3005.82
DLVORD00001566,DLVCUST0000362,2024-03-25,ZONE0009,27.62,Standard,Normal,1236.85
DLVORD00001567,DLVCUST0000147,2024-12-08,ZONE0016,26.12,Economy,High,636.25
DLVORD00001568,DLVCUST0000125,2022-12-22,ZONE0012,45.52,Standard,High,3441.78
DLVORD00001569,DLVCUST0000015,2024-09-10,ZONE0010,31.88,Standard,Normal,3016.05
DLVORD00001570,DLVCUST0000129,2024-02-08,ZONE0013,20.23,Next Day,High,319.95
DLVORD00001571,DLVCUST0000104,2024-10-15,ZONE0001,28.56,Same Day,High,4583.12
DLVORD00001572,DLVCUST0000264,2022-05-01,ZONE0005,12.81,Standard,High,1184.77
DLVORD00001573,DLVCUST0000249,2022-06-09,ZONE0016,31.57,Standard,High,2212.12
DLVORD00001574,DLVCUST0000301,2024-10-11,ZONE0006,25.07,Economy,Urgent,1947.95
DLVORD00001575,DLVCUST0000387,2022-10-27,ZONE0018,6.51,Same Day,Normal,91.47
DLVORD00001576,DLVCUST0000231,2022-12-20,ZONE0016,33.99,Standard,High,1362.89
DLVORD00001577,DLVCUST0000280,2024-01-18,ZONE0018,20.92,Economy,Urgent,941.26
DLVORD00001578,DLVCUST0000373,2023-09-09,ZONE0009,34.8,Economy,High,841.03
DLVORD00001579,DLVCUST0000304,2022-11-17,ZONE0014,35.43,Express,Urgent,4545.48
DLVORD00001580,DLVCUST0000159,2022-08-24,ZONE0018,31.15,Standard,Normal,4448.5
DLVORD00001581,DLVCUST0000278,2023-08-07,ZONE0010,2.56,Standard,Normal,889.91
DLVORD00001582,DLVCUST0000255,2024-04-26,ZONE0016,22.84,Standard,Normal,2007.9
DLVORD00001583,DLVCUST0000217,2024-04-19,ZONE0003,5.76,Express,High,1334.05
DLVORD00001584,DLVCUST0000318,2023-06-10,ZONE0017,4.67,Standard,High,4307.61
DLVORD00001585,DLVCUST0000192,2022-12-02,ZONE0002,33.91,Next Day,Urgent,2793.34
DLVORD00001586,DLVCUST0000048,2023-01-15,ZONE0011,1.91,Next Day,High,1068.41
DLVORD00001587,DLVCUST0000172,2023-03-22,ZONE0020,47.2,Same Day,High,715.15
DLVORD00001588,DLVCUST0000050,2023-12-08,ZONE0013,30.95,Standard,Urgent,2984.75
DLVORD00001589,DLVCUST0000039,2024-09-03,ZONE0012,4.31,Express,Normal,3209.7
DLVORD00001590,DLVCUST0000340,2023-02-22,ZONE0004,35.88,Same Day,Urgent,1065.6
DLVORD00001591,DLVCUST0000050,2024-07-31,ZONE0013,32.9,Standard,Normal,4934.52
DLVORD00001592,DLVCUST0000032,2023-07-31,ZONE0018,13.77,Express,High,2097.12
DLVORD00001593,DLVCUST0000125,2024-08-17,ZONE0012,38.98,Standard,High,338.44
DLVORD00001594,DLVCUST0000229,2024-07-02,ZONE0018,5.14,Next Day,Urgent,897.07
DLVORD00001595,DLVCUST0000052,2022-10-25,ZONE0013,9.98,Economy,High,2348.84
DLVORD00001596,DLVCUST0000257,2024-03-31,ZONE0014,37.63,Standard,Urgent,778.22
DLVORD00001597,DLVCUST0000382,2023-05-24,ZONE0006,32.85,Express,Urgent,3893.13
DLVORD00001598,DLVCUST0000270,2022-08-21,ZONE0013,23.84,Standard,Normal,275.74
DLVORD00001599,DLVCUST0000297,2023-03-31,ZONE0019,9.32,Next Day,High,533.15
DLVORD00001600,DLVCUST0000149,2022-12-18,ZONE0005,25.53,Next Day,Urgent,170.75
DLVORD00001601,DLVCUST0000036,2023-11-29,ZONE0005,10.91,Same Day,Urgent,4118.57
DLVORD00001602,DLVCUST0000348,2023-12-23,ZONE0008,11.95,Standard,Normal,1259.99
DLVORD00001603,DLVCUST0000353,2023-02-18,ZONE0005,33.26,Economy,Normal,3562.74
DLVORD00001604,DLVCUST0000392,2022-11-07,ZONE0014,48.6,Same Day,Urgent,4488.94
DLVORD00001605,DLVCUST0000399,2024-08-13,ZONE0011,17.57,Same Day,Urgent,4742.39
DLVORD00001606,DLVCUST0000076,2023-12-13,ZONE0004,18.92,Next Day,Normal,1363.16
DLVORD00001607,DLVCUST0000293,2024-06-13,ZONE0008,21.34,Economy,Normal,3329.37
DLVORD00001608,DLVCUST0000095,2023-03-24,ZONE0014,40.08,Next Day,Urgent,3680.28
DLVORD00001609,DLVCUST0000384,2023-04-15,ZONE0018,34.1,Same Day,Urgent,100.94
DLVORD00001610,DLVCUST0000120,2022-04-14,ZONE0001,1.56,Same Day,High,3192.45
DLVORD00001611,DLVCUST0000069,2024-04-23,ZONE0018,43.77,Same Day,Normal,4851.85
DLVORD00001612,DLVCUST0000077,2024-12-02,ZONE0010,11.39,Next Day,Urgent,2556.57
DLVORD00001613,DLVCUST0000350,2022-07-26,ZONE0009,23.97,Next Day,Normal,1229.58
DLVORD00001614,DLVCUST0000040,2024-04-14,ZONE0005,4.26,Express,Normal,697.19
DLVORD00001615,DLVCUST0000021,2023-08-18,ZONE0019,23.96,Economy,High,751.09
DLVORD00001616,DLVCUST0000274,2023-10-04,ZONE0017,21.78,Standard,Normal,1584.38
DLVORD00001617,DLVCUST0000261,2022-03-16,ZONE0005,6.25,Standard,Normal,1137.38
DLVORD00001618,DLVCUST0000269,2023-03-05,ZONE0015,42.9,Same Day,Normal,1906.46
DLVORD00001619,DLVCUST0000105,2023-12-17,ZONE0009,38.03,Standard,Normal,4669.36
DLVORD00001620,DLVCUST0000077,2022-03-27,ZONE0010,1.48,Same Day,High,4184.87
DLVORD00001621,DLVCUST0000188,2024-12-19,ZONE0014,7.3,Same Day,High,4016.1
DLVORD00001622,DLVCUST0000208,2024-08-05,ZONE0009,41.79,Standard,Normal,3326.1
DLVORD00001623,DLVCUST0000241,2024-02-06,ZONE0004,43.56,Next Day,Normal,3914.11
DLVORD00001624,DLVCUST0000391,2023-05-21,ZONE0010,27.01,Next Day,High,642.97
DLVORD00001625,DLVCUST0000313,2023-10-05,ZONE0009,40.69,Next Day,High,3613.68
DLVORD00001626,DLVCUST0000051,2023-09-15,ZONE0016,23.26,Express,Normal,825.11
DLVORD00001627,DLVCUST0000202,2024-04-08,ZONE0018,35.64,Standard,Normal,986.01
DLVORD00001628,DLVCUST0000221,2024-11-04,ZONE0020,0.82,Next Day,High,3475.99
DLVORD00001629,DLVCUST0000083,2024-04-19,ZONE0020,15.22,Next Day,Urgent,591.99
DLVORD00001630,DLVCUST0000328,2022-04-05,ZONE0019,0.9,Economy,Urgent,2081.4
DLVORD00001631,DLVCUST0000208,2023-11-27,ZONE0009,31.34,Economy,Urgent,4271.48
DLVORD00001632,DLVCUST0000180,2022-01-26,ZONE0006,32.67,Same Day,Normal,4521.56
DLVORD00001633,DLVCUST0000065,2023-04-02,ZONE0002,20.41,Next Day,High,3979.0
DLVORD00001634,DLVCUST0000382,2023-09-08,ZONE0006,25.7,Economy,Urgent,666.94
DLVORD00001635,DLVCUST0000264,2024-05-08,ZONE0005,32.45,Next Day,Normal,2829.51
DLVORD00001636,DLVCUST0000126,2023-10-14,ZONE0009,25.71,Next Day,High,3444.92
DLVORD00001637,DLVCUST0000148,2022-11-05,ZONE0014,41.26,Next Day,Urgent,1745.35
DLVORD00001638,DLVCUST0000165,2024-10-09,ZONE0014,35.63,Standard,High,1592.25
DLVORD00001639,DLVCUST0000204,2024-10-29,ZONE0005,16.14,Standard,Normal,122.91
DLVORD00001640,DLVCUST0000124,2022-08-02,ZONE0017,14.17,Standard,Urgent,2875.66
DLVORD00001641,DLVCUST0000049,2023-05-06,ZONE0008,0.38,Same Day,Urgent,305.21
DLVORD00001642,DLVCUST0000160,2024-12-04,ZONE0009,7.8,Express,Normal,3500.33
DLVORD00001643,DLVCUST0000079,2022-04-09,ZONE0012,3.72,Economy,Normal,1903.89
DLVORD00001644,DLVCUST0000325,2024-07-10,ZONE0013,5.19,Next Day,Urgent,113.78
DLVORD00001645,DLVCUST0000163,2023-08-15,ZONE0001,27.93,Express,High,3201.67
DLVORD00001646,DLVCUST0000231,2024-06-12,ZONE0016,13.91,Standard,Urgent,2379.85
DLVORD00001647,DLVCUST0000057,2023-11-03,ZONE0017,7.71,Economy,Normal,3164.07
DLVORD00001648,DLVCUST0000184,2023-11-16,ZONE0012,23.36,Next Day,High,355.15
DLVORD00001649,DLVCUST0000325,2023-10-23,ZONE0013,11.02,Next Day,Normal,3826.28
DLVORD00001650,DLVCUST0000192,2023-05-14,ZONE0002,29.33,Standard,High,1827.87
DLVORD00001651,DLVCUST0000249,2023-04-25,ZONE0016,6.99,Same Day,High,4088.84
DLVORD00001652,DLVCUST0000189,2024-10-03,ZONE0020,8.68,Same Day,High,1536.29
DLVORD00001653,DLVCUST0000102,2024-10-18,ZONE0020,19.54,Next Day,High,2153.23
DLVORD00001654,DLVCUST0000108,2023-06-23,ZONE0012,44.66,Economy,Normal,4911.78
DLVORD00001655,DLVCUST0000070,2023-04-26,ZONE0010,49.81,Express,High,126.05
DLVORD00001656,DLVCUST0000125,2022-08-15,ZONE0012,17.03,Economy,Normal,698.64
DLVORD00001657,DLVCUST0000210,2024-07-29,ZONE0009,11.51,Next Day,High,577.66
DLVORD00001658,DLVCUST0000316,2024-07-11,ZONE0016,30.79,Same Day,Urgent,2600.74
DLVORD00001659,DLVCUST0000311,2023-07-25,ZONE0006,35.55,Standard,Urgent,1059.15
DLVORD00001660,DLVCUST0000255,2024-11-22,ZONE0016,24.57,Standard,Normal,1912.08
DLVORD00001661,DLVCUST0000254,2022-01-30,ZONE0002,15.63,Economy,Normal,3808.5
DLVORD00001662,DLVCUST0000374,2023-08-21,ZONE0002,6.81,Economy,Normal,3676.39
DLVORD00001663,DLVCUST0000346,2024-03-27,ZONE0005,23.63,Economy,Urgent,4234.67
DLVORD00001664,DLVCUST0000236,2023-07-05,ZONE0016,34.65,Economy,Urgent,807.88
DLVORD00001665,DLVCUST0000399,2023-01-18,ZONE0011,42.51,Express,High,2855.64
DLVORD00001666,DLVCUST0000132,2023-11-12,ZONE0017,11.24,Economy,High,1333.06
DLVORD00001667,DLVCUST0000062,2023-12-26,ZONE0001,21.5,Standard,Normal,1784.05
DLVORD00001668,DLVCUST0000148,2023-12-11,ZONE0014,38.16,Express,High,611.06
DLVORD00001669,DLVCUST0000154,2023-12-19,ZONE0014,23.94,Economy,Urgent,2991.46
DLVORD00001670,DLVCUST0000129,2024-12-24,ZONE0013,26.52,Economy,High,1217.19
DLVORD00001671,DLVCUST0000110,2023-02-04,ZONE0014,0.32,Express,Urgent,1879.89
DLVORD00001672,DLVCUST0000060,2024-06-12,ZONE0003,26.87,Next Day,Urgent,4782.07
DLVORD00001673,DLVCUST0000295,2022-01-27,ZONE0004,29.74,Standard,Normal,876.74
DLVORD00001674,DLVCUST0000119,2023-06-11,ZONE0002,6.41,Economy,Normal,1126.3
DLVORD00001675,DLVCUST0000087,2024-01-26,ZONE0001,38.54,Express,High,4146.57
DLVORD00001676,DLVCUST0000109,2024-02-10,ZONE0019,9.88,Standard,Normal,1237.86
DLVORD00001677,DLVCUST0000302,2023-08-10,ZONE0003,13.69,Same Day,Urgent,671.0
DLVORD00001678,DLVCUST0000116,2024-07-07,ZONE0005,6.24,Same Day,Normal,2207.2
DLVORD00001679,DLVCUST0000237,2022-08-22,ZONE0001,44.41,Economy,High,4075.19
DLVORD00001680,DLVCUST0000315,2022-05-17,ZONE0011,33.25,Same Day,High,3022.31
DLVORD00001681,DLVCUST0000128,2024-04-24,ZONE0019,36.6,Same Day,Normal,4257.09
DLVORD00001682,DLVCUST0000367,2024-08-17,ZONE0003,17.0,Same Day,High,1753.64
DLVORD00001683,DLVCUST0000282,2023-10-29,ZONE0004,5.61,Next Day,Normal,1492.95
DLVORD00001684,DLVCUST0000116,2024-09-08,ZONE0005,3.1,Standard,High,716.12
DLVORD00001685,DLVCUST0000290,2024-03-20,ZONE0014,18.48,Express,Normal,530.31
DLVORD00001686,DLVCUST0000250,2023-11-19,ZONE0009,2.04,Next Day,High,2533.33
DLVORD00001687,DLVCUST0000176,2023-01-29,ZONE0019,17.39,Express,Normal,3106.9
DLVORD00001688,DLVCUST0000024,2024-05-24,ZONE0019,10.79,Standard,Normal,1235.93
DLVORD00001689,DLVCUST0000285,2022-01-20,ZONE0020,17.76,Economy,Normal,3651.77
DLVORD00001690,DLVCUST0000098,2023-10-09,ZONE0017,36.75,Economy,High,3714.33
DLVORD00001691,DLVCUST0000380,2022-05-21,ZONE0004,39.39,Economy,Normal,4152.0
DLVORD00001692,DLVCUST0000215,2023-10-06,ZONE0002,12.64,Same Day,Normal,3322.95
DLVORD00001693,DLVCUST0000131,2024-07-16,ZONE0005,39.58,Standard,Normal,546.24
DLVORD00001694,DLVCUST0000344,2022-01-24,ZONE0002,2.23,Express,Normal,3330.79
DLVORD00001695,DLVCUST0000073,2023-11-27,ZONE0006,29.9,Economy,Urgent,4033.64
DLVORD00001696,DLVCUST0000034,2023-10-27,ZONE0004,11.63,Next Day,High,4530.87
DLVORD00001697,DLVCUST0000233,2024-05-17,ZONE0010,21.88,Express,Normal,2254.24
DLVORD00001698,DLVCUST0000394,2023-10-24,ZONE0012,30.59,Express,High,2308.1
DLVORD00001699,DLVCUST0000074,2022-09-05,ZONE0001,8.26,Next Day,Normal,1074.46
DLVORD00001700,DLVCUST0000037,2022-11-19,ZONE0005,42.72,Same Day,High,4783.22
DLVORD00001701,DLVCUST0000376,2024-11-19,ZONE0017,49.08,Standard,Normal,4528.67
DLVORD00001702,DLVCUST0000028,2023-01-21,ZONE0004,5.28,Express,High,67.41
DLVORD00001703,DLVCUST0000101,2024-10-19,ZONE0019,45.66,Next Day,Urgent,1295.63
DLVORD00001704,DLVCUST0000146,2023-12-17,ZONE0018,11.55,Standard,Normal,1510.05
DLVORD00001705,DLVCUST0000243,2024-05-15,ZONE0002,45.05,Next Day,High,2385.66
DLVORD00001706,DLVCUST0000118,2024-04-29,ZONE0006,12.62,Next Day,High,1669.49
DLVORD00001707,DLVCUST0000344,2022-10-11,ZONE0002,34.42,Economy,Urgent,1312.4
DLVORD00001708,DLVCUST0000333,2022-10-07,ZONE0005,35.24,Express,Urgent,1314.01
DLVORD00001709,DLVCUST0000249,2023-02-27,ZONE0016,42.91,Standard,Urgent,3719.91
DLVORD00001710,DLVCUST0000279,2023-09-03,ZONE0010,47.95,Express,Urgent,1568.04
DLVORD00001711,DLVCUST0000178,2024-06-03,ZONE0012,34.29,Next Day,Urgent,234.11
DLVORD00001712,DLVCUST0000235,2024-03-31,ZONE0012,37.85,Standard,Urgent,3255.79
DLVORD00001713,DLVCUST0000316,2023-04-21,ZONE0016,33.91,Same Day,Normal,2064.31
DLVORD00001714,DLVCUST0000242,2022-09-21,ZONE0013,24.29,Same Day,High,3852.27
DLVORD00001715,DLVCUST0000381,2022-07-22,ZONE0013,47.96,Economy,High,648.57
DLVORD00001716,DLVCUST0000088,2024-12-18,ZONE0007,47.54,Express,Normal,3658.95
DLVORD00001717,DLVCUST0000161,2024-01-11,ZONE0009,43.93,Same Day,High,3304.03
DLVORD00001718,DLVCUST0000147,2024-09-04,ZONE0016,33.67,Standard,High,4128.95
DLVORD00001719,DLVCUST0000098,2024-12-22,ZONE0017,24.32,Standard,High,3680.72
DLVORD00001720,DLVCUST0000183,2024-11-25,ZONE0013,47.71,Next Day,Urgent,2474.12
DLVORD00001721,DLVCUST0000310,2024-10-21,ZONE0016,38.44,Next Day,Normal,1554.92
DLVORD00001722,DLVCUST0000171,2023-01-12,ZONE0015,12.73,Express,Urgent,2903.78
DLVORD00001723,DLVCUST0000113,2023-03-07,ZONE0007,39.42,Economy,High,3115.8
DLVORD00001724,DLVCUST0000055,2024-07-29,ZONE0019,30.96,Express,High,1222.57
DLVORD00001725,DLVCUST0000244,2024-02-23,ZONE0009,5.27,Economy,High,4006.28
DLVORD00001726,DLVCUST0000273,2024-05-06,ZONE0006,10.22,Standard,Urgent,562.16
DLVORD00001727,DLVCUST0000055,2024-03-28,ZONE0019,6.52,Express,High,3536.81
DLVORD00001728,DLVCUST0000193,2022-12-26,ZONE0016,6.14,Express,Urgent,2499.19
DLVORD00001729,DLVCUST0000062,2023-01-28,ZONE0001,15.5,Economy,Normal,4928.08
DLVORD00001730,DLVCUST0000069,2024-03-12,ZONE0018,8.57,Standard,Urgent,3889.32
DLVORD00001731,DLVCUST0000329,2024-04-16,ZONE0001,13.04,Standard,Urgent,2596.36
DLVORD00001732,DLVCUST0000274,2023-11-30,ZONE0017,8.64,Next Day,Urgent,1054.74
DLVORD00001733,DLVCUST0000073,2024-04-19,ZONE0006,13.05,Express,High,3652.45
DLVORD00001734,DLVCUST0000024,2024-03-22,ZONE0019,47.99,Standard,High,4209.85
DLVORD00001735,DLVCUST0000365,2024-06-24,ZONE0005,36.81,Standard,Normal,2292.91
DLVORD00001736,DLVCUST0000324,2023-01-12,ZONE0005,13.88,Next Day,High,1387.64
DLVORD00001737,DLVCUST0000313,2024-01-19,ZONE0009,31.54,Same Day,Urgent,1659.63
DLVORD00001738,DLVCUST0000382,2024-02-19,ZONE0006,4.28,Next Day,Normal,1996.54
DLVORD00001739,DLVCUST0000003,2024-03-15,ZONE0018,39.77,Economy,High,4341.35
DLVORD00001740,DLVCUST0000003,2022-03-15,ZONE0018,3.75,Express,Urgent,1964.98
DLVORD00001741,DLVCUST0000388,2023-08-17,ZONE0014,40.0,Same Day,Urgent,3718.24
DLVORD00001742,DLVCUST0000209,2024-01-01,ZONE0013,18.62,Same Day,Normal,3098.7
DLVORD00001743,DLVCUST0000393,2023-11-06,ZONE0017,39.77,Next Day,Urgent,4608.02
DLVORD00001744,DLVCUST0000012,2022-12-23,ZONE0014,36.04,Next Day,High,962.99
DLVORD00001745,DLVCUST0000035,2024-08-08,ZONE0004,16.25,Express,High,3119.97
DLVORD00001746,DLVCUST0000166,2023-02-28,ZONE0019,32.14,Economy,Urgent,1559.77
DLVORD00001747,DLVCUST0000023,2023-01-30,ZONE0004,10.9,Next Day,Normal,1580.04
DLVORD00001748,DLVCUST0000035,2024-09-08,ZONE0004,17.69,Standard,Urgent,3566.88
DLVORD00001749,DLVCUST0000022,2023-06-03,ZONE0003,48.37,Standard,Urgent,908.61
DLVORD00001750,DLVCUST0000208,2023-07-15,ZONE0009,22.26,Standard,Normal,3914.33
DLVORD00001751,DLVCUST0000277,2022-05-13,ZONE0004,11.4,Express,High,3899.05
DLVORD00001752,DLVCUST0000392,2023-03-14,ZONE0014,29.99,Express,Normal,889.99
DLVORD00001753,DLVCUST0000156,2024-09-22,ZONE0002,15.12,Same Day,Urgent,4213.49
DLVORD00001754,DLVCUST0000208,2023-10-15,ZONE0009,42.59,Same Day,Urgent,154.46
DLVORD00001755,DLVCUST0000111,2023-02-18,ZONE0018,40.35,Standard,Urgent,2029.29
DLVORD00001756,DLVCUST0000230,2022-03-14,ZONE0002,8.24,Economy,High,352.44
DLVORD00001757,DLVCUST0000029,2024-02-17,ZONE0004,42.94,Economy,Urgent,3687.23
DLVORD00001758,DLVCUST0000299,2024-12-25,ZONE0018,16.4,Standard,Normal,1125.57
DLVORD00001759,DLVCUST0000257,2023-09-12,ZONE0014,22.17,Economy,Urgent,3860.13
DLVORD00001760,DLVCUST0000229,2024-01-07,ZONE0018,23.32,Express,Urgent,2729.0
DLVORD00001761,DLVCUST0000083,2024-09-20,ZONE0020,42.9,Economy,High,4897.94
DLVORD00001762,DLVCUST0000154,2023-11-03,ZONE0014,32.17,Standard,High,2631.48
DLVORD00001763,DLVCUST0000152,2022-10-17,ZONE0020,18.74,Same Day,High,4502.88
DLVORD00001764,DLVCUST0000239,2023-04-11,ZONE0017,17.44,Next Day,High,716.48
DLVORD00001765,DLVCUST0000201,2022-12-17,ZONE0010,24.26,Economy,High,3895.76
DLVORD00001766,DLVCUST0000379,2023-05-24,ZONE0018,43.57,Same Day,Normal,998.96
DLVORD00001767,DLVCUST0000393,2024-11-05,ZONE0017,20.6,Economy,High,62.05
DLVORD00001768,DLVCUST0000238,2024-04-21,ZONE0005,42.1,Economy,High,4010.37
DLVORD00001769,DLVCUST0000227,2022-05-19,ZONE0011,36.83,Express,Urgent,1763.78
DLVORD00001770,DLVCUST0000035,2024-04-26,ZONE0004,21.59,Economy,Urgent,221.57
DLVORD00001771,DLVCUST0000316,2022-12-02,ZONE0016,15.64,Economy,Urgent,470.93
DLVORD00001772,DLVCUST0000223,2023-09-01,ZONE0012,49.95,Express,Normal,1070.98
DLVORD00001773,DLVCUST0000001,2022-08-16,ZONE0003,41.66,Economy,Normal,3263.31
DLVORD00001774,DLVCUST0000290,2023-01-01,ZONE0014,9.93,Economy,Urgent,703.01
DLVORD00001775,DLVCUST0000297,2023-04-24,ZONE0019,35.97,Standard,Urgent,1471.6
DLVORD00001776,DLVCUST0000212,2023-05-03,ZONE0016,39.17,Standard,High,2288.83
DLVORD00001777,DLVCUST0000131,2022-03-06,ZONE0005,9.4,Express,Normal,4563.58
DLVORD00001778,DLVCUST0000188,2023-03-14,ZONE0014,33.97,Express,High,4529.66
DLVORD00001779,DLVCUST0000384,2023-12-20,ZONE0018,33.26,Express,Urgent,569.25
DLVORD00001780,DLVCUST0000386,2024-01-06,ZONE0014,1.32,Economy,Normal,4869.51
DLVORD00001781,DLVCUST0000283,2023-09-14,ZONE0013,46.67,Standard,High,4985.76
DLVORD00001782,DLVCUST0000147,2024-11-28,ZONE0016,12.68,Same Day,Urgent,2342.65
DLVORD00001783,DLVCUST0000052,2024-05-01,ZONE0013,31.69,Economy,Urgent,2070.94
DLVORD00001784,DLVCUST0000146,2022-04-22,ZONE0018,22.0,Same Day,High,4187.84
DLVORD00001785,DLVCUST0000193,2023-06-19,ZONE0016,1.65,Express,High,2841.38
DLVORD00001786,DLVCUST0000383,2024-02-18,ZONE0009,23.08,Next Day,High,1689.25
DLVORD00001787,DLVCUST0000276,2023-03-10,ZONE0003,9.5,Next Day,Urgent,1228.71
DLVORD00001788,DLVCUST0000097,2024-04-02,ZONE0020,35.37,Express,Normal,1711.51
DLVORD00001789,DLVCUST0000218,2022-06-27,ZONE0003,45.83,Express,Normal,315.15
DLVORD00001790,DLVCUST0000258,2023-12-13,ZONE0009,18.87,Same Day,High,2043.59
DLVORD00001791,DLVCUST0000342,2023-12-18,ZONE0001,8.27,Economy,Normal,2377.01
DLVORD00001792,DLVCUST0000161,2023-02-07,ZONE0009,30.84,Next Day,Urgent,4503.97
DLVORD00001793,DLVCUST0000190,2023-08-24,ZONE0009,36.31,Economy,Normal,2422.07
DLVORD00001794,DLVCUST0000150,2023-04-06,ZONE0013,1.23,Next Day,Urgent,1326.84
DLVORD00001795,DLVCUST0000171,2023-10-24,ZONE0015,20.73,Express,High,1204.62
DLVORD00001796,DLVCUST0000210,2023-03-04,ZONE0009,13.43,Express,Urgent,1336.77
DLVORD00001797,DLVCUST0000220,2023-07-16,ZONE0002,4.01,Standard,High,59.05
DLVORD00001798,DLVCUST0000253,2024-07-04,ZONE0018,43.16,Next Day,Urgent,3986.67
DLVORD00001799,DLVCUST0000174,2023-05-19,ZONE0006,6.45,Same Day,Normal,1020.84
DLVORD00001800,DLVCUST0000030,2022-03-11,ZONE0018,17.11,Economy,High,241.29
DLVORD00001801,DLVCUST0000205,2024-05-15,ZONE0013,21.18,Next Day,High,2020.77
DLVORD00001802,DLVCUST0000301,2024-12-11,ZONE0006,17.41,Next Day,High,696.22
DLVORD00001803,DLVCUST0000233,2023-03-28,ZONE0010,35.38,Standard,Urgent,3136.12
DLVORD00001804,DLVCUST0000199,2023-02-26,ZONE0018,21.46,Economy,Urgent,2749.75
DLVORD00001805,DLVCUST0000073,2024-07-07,ZONE0006,47.16,Economy,High,1209.97
DLVORD00001806,DLVCUST0000210,2023-06-24,ZONE0009,26.21,Standard,High,4502.26
DLVORD00001807,DLVCUST0000204,2024-03-17,ZONE0005,10.44,Next Day,Urgent,1297.01
DLVORD00001808,DLVCUST0000304,2024-04-09,ZONE0014,21.18,Same Day,High,4645.72
DLVORD00001809,DLVCUST0000350,2022-09-22,ZONE0009,1.72,Next Day,High,4782.18
DLVORD00001810,DLVCUST0000056,2023-11-07,ZONE0004,35.68,Express,Normal,3702.92
DLVORD00001811,DLVCUST0000342,2023-04-30,ZONE0001,16.85,Express,Normal,135.55
DLVORD00001812,DLVCUST0000073,2023-11-13,ZONE0006,48.77,Next Day,Normal,3263.93
DLVORD00001813,DLVCUST0000250,2024-01-16,ZONE0009,16.27,Same Day,High,3474.68
DLVORD00001814,DLVCUST0000173,2023-03-03,ZONE0020,12.39,Standard,High,1114.62
DLVORD00001815,DLVCUST0000061,2022-09-25,ZONE0013,1.03,Standard,High,2742.96
DLVORD00001816,DLVCUST0000236,2023-01-01,ZONE0016,0.79,Same Day,Urgent,1359.45
DLVORD00001817,DLVCUST0000093,2023-05-29,ZONE0014,14.45,Same Day,High,4870.0
DLVORD00001818,DLVCUST0000170,2024-08-14,ZONE0013,13.11,Next Day,Urgent,4998.54
DLVORD00001819,DLVCUST0000210,2023-08-15,ZONE0009,26.43,Next Day,Urgent,2297.79
DLVORD00001820,DLVCUST0000309,2024-02-10,ZONE0013,16.09,Same Day,High,2556.27
DLVORD00001821,DLVCUST0000043,2023-12-11,ZONE0012,19.44,Standard,Urgent,853.63
DLVORD00001822,DLVCUST0000085,2023-05-11,ZONE0010,28.2,Economy,Normal,1586.29
DLVORD00001823,DLVCUST0000075,2023-01-18,ZONE0004,8.55,Standard,High,2698.38
DLVORD00001824,DLVCUST0000105,2024-04-27,ZONE0009,8.88,Same Day,High,3365.26
DLVORD00001825,DLVCUST0000381,2023-12-06,ZONE0013,40.21,Economy,Urgent,3996.26
DLVORD00001826,DLVCUST0000054,2022-08-01,ZONE0014,27.7,Standard,Urgent,4015.14
DLVORD00001827,DLVCUST0000312,2024-09-21,ZONE0018,26.87,Economy,Normal,3329.7
DLVORD00001828,DLVCUST0000170,2023-11-10,ZONE0013,3.29,Next Day,Normal,1731.48
DLVORD00001829,DLVCUST0000088,2023-06-18,ZONE0007,35.78,Express,Normal,3160.29
DLVORD00001830,DLVCUST0000109,2022-11-01,ZONE0019,10.55,Express,High,3022.45
DLVORD00001831,DLVCUST0000197,2024-04-18,ZONE0010,16.22,Standard,High,2854.6
DLVORD00001832,DLVCUST0000342,2023-10-31,ZONE0001,22.01,Next Day,High,2150.92
DLVORD00001833,DLVCUST0000168,2023-10-20,ZONE0018,7.27,Economy,Urgent,3000.74
DLVORD00001834,DLVCUST0000103,2023-06-04,ZONE0003,7.01,Express,Normal,4029.61
DLVORD00001835,DLVCUST0000009,2024-03-22,ZONE0019,35.1,Standard,Urgent,2069.42
DLVORD00001836,DLVCUST0000036,2023-05-30,ZONE0005,27.88,Same Day,Normal,2386.49
DLVORD00001837,DLVCUST0000086,2024-10-19,ZONE0006,18.33,Express,Urgent,2650.55
DLVORD00001838,DLVCUST0000154,2024-02-06,ZONE0014,34.36,Same Day,Normal,915.29
DLVORD00001839,DLVCUST0000129,2024-05-16,ZONE0013,13.14,Express,Urgent,833.95
DLVORD00001840,DLVCUST0000255,2024-02-14,ZONE0016,18.36,Economy,Normal,1703.57
DLVORD00001841,DLVCUST0000136,2024-09-14,ZONE0019,43.92,Next Day,High,3410.28
DLVORD00001842,DLVCUST0000021,2023-11-16,ZONE0019,5.73,Standard,High,1248.07
DLVORD00001843,DLVCUST0000073,2024-07-28,ZONE0006,25.65,Express,Urgent,4045.81
DLVORD00001844,DLVCUST0000126,2024-05-16,ZONE0009,23.24,Standard,Normal,684.76
DLVORD00001845,DLVCUST0000133,2024-05-28,ZONE0012,46.87,Economy,Urgent,532.1
DLVORD00001846,DLVCUST0000199,2023-01-19,ZONE0018,41.31,Same Day,Normal,3178.43
DLVORD00001847,DLVCUST0000245,2022-02-27,ZONE0012,47.34,Same Day,Normal,1729.15
DLVORD00001848,DLVCUST0000356,2023-10-25,ZONE0014,5.78,Next Day,Urgent,2604.11
DLVORD00001849,DLVCUST0000024,2024-09-12,ZONE0019,32.51,Standard,Normal,4008.23
DLVORD00001850,DLVCUST0000343,2022-06-01,ZONE0013,34.17,Same Day,Urgent,3830.2
DLVORD00001851,DLVCUST0000015,2023-05-13,ZONE0010,33.51,Economy,Urgent,3077.79
DLVORD00001852,DLVCUST0000022,2024-11-20,ZONE0003,16.35,Economy,High,1390.68
DLVORD00001853,DLVCUST0000040,2024-12-30,ZONE0005,31.66,Standard,Normal,3533.76
DLVORD00001854,DLVCUST0000218,2022-08-29,ZONE0003,17.55,Standard,High,4261.24
DLVORD00001855,DLVCUST0000121,2024-03-28,ZONE0015,29.28,Next Day,Normal,4692.67
DLVORD00001856,DLVCUST0000280,2024-08-20,ZONE0018,49.87,Standard,High,1091.52
DLVORD00001857,DLVCUST0000350,2024-05-28,ZONE0009,11.78,Express,Normal,2393.78
DLVORD00001858,DLVCUST0000366,2023-12-10,ZONE0016,36.39,Same Day,Urgent,1013.64
DLVORD00001859,DLVCUST0000202,2024-06-27,ZONE0018,7.56,Standard,Urgent,2793.73
DLVORD00001860,DLVCUST0000197,2024-04-25,ZONE0010,6.16,Standard,High,1963.95
DLVORD00001861,DLVCUST0000263,2023-11-27,ZONE0014,15.92,Standard,High,514.93
DLVORD00001862,DLVCUST0000108,2022-09-02,ZONE0012,21.8,Standard,Normal,4173.22
DLVORD00001863,DLVCUST0000252,2023-07-27,ZONE0017,34.37,Same Day,Normal,4496.11
DLVORD00001864,DLVCUST0000317,2023-03-09,ZONE0012,2.64,Economy,Normal,3097.3
DLVORD00001865,DLVCUST0000136,2024-03-07,ZONE0019,30.23,Express,High,1531.33
DLVORD00001866,DLVCUST0000066,2023-06-18,ZONE0011,18.12,Economy,Urgent,2098.38
DLVORD00001867,DLVCUST0000393,2024-04-08,ZONE0017,13.29,Next Day,Urgent,3220.81
DLVORD00001868,DLVCUST0000339,2024-12-05,ZONE0014,41.58,Same Day,High,1603.95
DLVORD00001869,DLVCUST0000024,2023-03-06,ZONE0019,29.3,Same Day,Urgent,3944.88
DLVORD00001870,DLVCUST0000009,2024-04-13,ZONE0019,13.79,Economy,High,2558.42
DLVORD00001871,DLVCUST0000186,2022-05-28,ZONE0001,6.69,Economy,High,3069.58
DLVORD00001872,DLVCUST0000133,2024-12-21,ZONE0012,29.6,Economy,Normal,3349.8
DLVORD00001873,DLVCUST0000237,2024-04-27,ZONE0001,49.53,Express,High,1329.9
DLVORD00001874,DLVCUST0000029,2024-05-24,ZONE0004,24.89,Express,High,581.11
DLVORD00001875,DLVCUST0000255,2023-07-21,ZONE0016,36.33,Economy,Normal,2344.39
DLVORD00001876,DLVCUST0000073,2024-08-04,ZONE0006,49.94,Same Day,High,314.09
DLVORD00001877,DLVCUST0000238,2022-05-30,ZONE0005,41.07,Economy,High,1562.2
DLVORD00001878,DLVCUST0000235,2023-11-11,ZONE0012,32.07,Same Day,Normal,2749.78
DLVORD00001879,DLVCUST0000244,2024-12-15,ZONE0009,11.62,Same Day,Normal,1081.07
DLVORD00001880,DLVCUST0000297,2024-01-08,ZONE0019,38.97,Express,Normal,4398.6
DLVORD00001881,DLVCUST0000260,2022-03-29,ZONE0004,47.32,Next Day,Normal,202.48
DLVORD00001882,DLVCUST0000176,2023-03-20,ZONE0019,20.42,Economy,Normal,3159.61
DLVORD00001883,DLVCUST0000292,2023-08-13,ZONE0016,35.45,Express,Urgent,2657.44
DLVORD00001884,DLVCUST0000091,2024-06-17,ZONE0014,14.74,Economy,Urgent,2956.23
DLVORD00001885,DLVCUST0000039,2022-11-18,ZONE0012,13.13,Next Day,Urgent,2844.12
DLVORD00001886,DLVCUST0000392,2024-07-06,ZONE0014,22.44,Economy,Urgent,853.49
DLVORD00001887,DLVCUST0000043,2022-07-28,ZONE0012,39.33,Economy,Urgent,4485.82
DLVORD00001888,DLVCUST0000202,2024-04-23,ZONE0018,9.24,Express,Urgent,708.93
DLVORD00001889,DLVCUST0000293,2024-08-26,ZONE0008,20.44,Next Day,High,1615.39
DLVORD00001890,DLVCUST0000084,2024-03-21,ZONE0015,14.47,Same Day,Normal,3847.1
DLVORD00001891,DLVCUST0000369,2024-08-06,ZONE0004,45.5,Economy,High,2739.83
DLVORD00001892,DLVCUST0000072,2024-08-26,ZONE0019,3.77,Same Day,High,3345.04
DLVORD00001893,DLVCUST0000102,2023-10-17,ZONE0020,2.95,Standard,High,645.93
DLVORD00001894,DLVCUST0000110,2023-12-31,ZONE0014,15.75,Standard,High,4773.43
DLVORD00001895,DLVCUST0000228,2023-12-02,ZONE0018,7.94,Express,Normal,1135.7
DLVORD00001896,DLVCUST0000397,2024-05-28,ZONE0016,17.16,Standard,Urgent,2675.98
DLVORD00001897,DLVCUST0000231,2023-10-14,ZONE0016,37.87,Same Day,Normal,677.7
DLVORD00001898,DLVCUST0000112,2022-02-19,ZONE0010,41.03,Same Day,High,2996.66
DLVORD00001899,DLVCUST0000239,2022-08-17,ZONE0017,30.81,Same Day,High,3807.78
DLVORD00001900,DLVCUST0000213,2022-12-16,ZONE0011,47.39,Same Day,Urgent,3272.34
DLVORD00001901,DLVCUST0000369,2024-06-05,ZONE0004,16.97,Same Day,High,2700.3
DLVORD00001902,DLVCUST0000162,2024-03-11,ZONE0001,6.24,Next Day,Urgent,3335.45
DLVORD00001903,DLVCUST0000190,2022-03-06,ZONE0009,16.1,Standard,High,2258.59
DLVORD00001904,DLVCUST0000105,2024-02-11,ZONE0009,16.34,Express,Urgent,759.31
DLVORD00001905,DLVCUST0000297,2024-07-13,ZONE0019,44.3,Same Day,High,670.57
DLVORD00001906,DLVCUST0000131,2023-11-05,ZONE0005,36.66,Express,Normal,1375.56
DLVORD00001907,DLVCUST0000064,2024-05-25,ZONE0003,38.01,Next Day,Normal,1293.17
DLVORD00001908,DLVCUST0000346,2022-07-02,ZONE0005,17.01,Same Day,Urgent,1591.51
DLVORD00001909,DLVCUST0000176,2023-05-08,ZONE0019,13.74,Same Day,Normal,3236.71
DLVORD00001910,DLVCUST0000393,2024-03-18,ZONE0017,29.53,Express,High,281.84
DLVORD00001911,DLVCUST0000195,2022-03-24,ZONE0010,46.73,Express,Urgent,4097.77
DLVORD00001912,DLVCUST0000352,2023-08-24,ZONE0005,15.03,Same Day,Urgent,4467.22
DLVORD00001913,DLVCUST0000369,2024-01-28,ZONE0004,12.92,Next Day,Urgent,4626.63
DLVORD00001914,DLVCUST0000243,2024-06-20,ZONE0002,18.3,Standard,Urgent,4219.66
DLVORD00001915,DLVCUST0000144,2024-06-23,ZONE0001,49.46,Standard,High,1372.98
DLVORD00001916,DLVCUST0000271,2024-06-10,ZONE0003,2.36,Next Day,Urgent,3261.89
DLVORD00001917,DLVCUST0000376,2024-07-31,ZONE0017,6.81,Express,Normal,4500.8
DLVORD00001918,DLVCUST0000044,2023-06-18,ZONE0015,40.97,Same Day,Urgent,3355.64
DLVORD00001919,DLVCUST0000307,2022-10-29,ZONE0006,20.04,Standard,Urgent,4441.23
DLVORD00001920,DLVCUST0000291,2023-02-10,ZONE0007,4.37,Next Day,Urgent,1501.14
DLVORD00001921,DLVCUST0000106,2024-08-21,ZONE0019,48.32,Next Day,Urgent,1919.37
DLVORD00001922,DLVCUST0000307,2024-01-22,ZONE0006,11.51,Economy,Normal,337.78
DLVORD00001923,DLVCUST0000240,2023-11-08,ZONE0008,36.27,Economy,Normal,2568.62
DLVORD00001924,DLVCUST0000075,2023-09-04,ZONE0004,40.22,Same Day,Normal,3443.08
DLVORD00001925,DLVCUST0000265,2022-10-19,ZONE0010,17.98,Same Day,Normal,3343.75
DLVORD00001926,DLVCUST0000077,2024-07-18,ZONE0010,43.53,Same Day,Normal,3405.02
DLVORD00001927,DLVCUST0000115,2023-01-18,ZONE0001,46.13,Next Day,Normal,4181.14
DLVORD00001928,DLVCUST0000326,2023-01-29,ZONE0014,36.36,Express,Normal,1729.98
DLVORD00001929,DLVCUST0000272,2024-08-18,ZONE0013,40.38,Standard,Normal,4752.49
DLVORD00001930,DLVCUST0000267,2023-04-08,ZONE0010,28.62,Same Day,Normal,1096.08
DLVORD00001931,DLVCUST0000098,2024-02-04,ZONE0017,11.3,Economy,Normal,2295.32
DLVORD00001932,DLVCUST0000063,2023-01-11,ZONE0014,42.65,Next Day,High,1529.38
DLVORD00001933,DLVCUST0000105,2024-07-07,ZONE0009,30.5,Express,Normal,2761.63
DLVORD00001934,DLVCUST0000298,2024-09-30,ZONE0015,16.06,Standard,Normal,3387.72
DLVORD00001935,DLVCUST0000055,2024-04-18,ZONE0019,28.93,Same Day,Normal,3883.15
DLVORD00001936,DLVCUST0000039,2023-10-18,ZONE0012,2.43,Economy,High,1324.51
DLVORD00001937,DLVCUST0000062,2023-01-17,ZONE0001,16.61,Standard,High,4809.31
DLVORD00001938,DLVCUST0000075,2022-10-01,ZONE0004,46.95,Standard,Normal,4552.41
DLVORD00001939,DLVCUST0000378,2024-02-13,ZONE0019,32.3,Standard,Normal,3411.5
DLVORD00001940,DLVCUST0000274,2023-04-11,ZONE0017,24.71,Express,Urgent,214.14
DLVORD00001941,DLVCUST0000054,2024-04-11,ZONE0014,42.1,Economy,Normal,3474.83
DLVORD00001942,DLVCUST0000085,2024-04-22,ZONE0010,41.15,Express,Urgent,2465.33
DLVORD00001943,DLVCUST0000339,2023-10-24,ZONE0014,18.61,Economy,Normal,355.79
DLVORD00001944,DLVCUST0000114,2023-06-19,ZONE0013,10.82,Standard,Urgent,1781.75
DLVORD00001945,DLVCUST0000023,2023-07-16,ZONE0004,45.52,Same Day,Normal,4752.1
DLVORD00001946,DLVCUST0000016,2024-05-16,ZONE0001,36.84,Same Day,Urgent,4500.73
DLVORD00001947,DLVCUST0000373,2023-10-08,ZONE0009,5.41,Economy,Normal,808.15
DLVORD00001948,DLVCUST0000017,2024-03-17,ZONE0008,32.66,Economy,Urgent,4554.13
DLVORD00001949,DLVCUST0000283,2023-04-16,ZONE0013,18.18,Same Day,High,497.38
DLVORD00001950,DLVCUST0000311,2023-10-17,ZONE0006,33.81,Same Day,Normal,57.73
DLVORD00001951,DLVCUST0000277,2024-07-16,ZONE0004,15.1,Standard,High,3179.86
DLVORD00001952,DLVCUST0000262,2022-11-28,ZONE0005,15.44,Express,Normal,3999.32
DLVORD00001953,DLVCUST0000185,2024-09-29,ZONE0007,40.11,Express,Normal,4811.49
DLVORD00001954,DLVCUST0000234,2024-11-01,ZONE0012,39.63,Same Day,Urgent,4505.43
DLVORD00001955,DLVCUST0000141,2023-04-28,ZONE0012,37.61,Express,Urgent,2928.21
DLVORD00001956,DLVCUST0000187,2023-12-09,ZONE0012,22.38,Express,High,1073.93
DLVORD00001957,DLVCUST0000309,2024-05-07,ZONE0013,44.68,Next Day,Normal,4656.34
DLVORD00001958,DLVCUST0000071,2022-10-18,ZONE0001,19.03,Economy,Normal,4887.45
DLVORD00001959,DLVCUST0000002,2024-06-27,ZONE0016,21.11,Economy,High,1337.76
DLVORD00001960,DLVCUST0000345,2024-04-08,ZONE0008,43.53,Express,High,2349.85
DLVORD00001961,DLVCUST0000182,2023-06-26,ZONE0020,10.51,Next Day,Urgent,4345.85
DLVORD00001962,DLVCUST0000253,2022-06-07,ZONE0018,46.04,Standard,High,1995.77
DLVORD00001963,DLVCUST0000223,2024-05-28,ZONE0012,40.58,Same Day,Normal,3385.93
DLVORD00001964,DLVCUST0000394,2024-06-29,ZONE0012,37.14,Express,Urgent,1740.31
DLVORD00001965,DLVCUST0000316,2024-07-23,ZONE0016,31.74,Same Day,High,4231.22
DLVORD00001966,DLVCUST0000204,2024-08-13,ZONE0005,10.16,Next Day,Urgent,4104.03
DLVORD00001967,DLVCUST0000196,2023-08-20,ZONE0001,45.23,Economy,Normal,4692.94
DLVORD00001968,DLVCUST0000302,2023-09-09,ZONE0003,24.16,Standard,Urgent,3705.33
DLVORD00001969,DLVCUST0000178,2024-04-23,ZONE0012,17.17,Standard,High,3400.63
DLVORD00001970,DLVCUST0000110,2022-10-15,ZONE0014,24.22,Economy,High,2300.18
DLVORD00001971,DLVCUST0000173,2023-06-19,ZONE0020,33.29,Same Day,Normal,2486.25
DLVORD00001972,DLVCUST0000088,2023-11-07,ZONE0007,36.03,Economy,Urgent,3106.56
DLVORD00001973,DLVCUST0000079,2022-12-30,ZONE0012,16.27,Same Day,High,1443.27
DLVORD00001974,DLVCUST0000021,2024-04-08,ZONE0019,36.97,Standard,Normal,2268.42
DLVORD00001975,DLVCUST0000216,2023-10-20,ZONE0002,5.29,Standard,High,639.2
DLVORD00001976,DLVCUST0000076,2023-08-09,ZONE0004,15.85,Same Day,Urgent,1551.47
DLVORD00001977,DLVCUST0000192,2024-07-01,ZONE0002,24.33,Economy,Urgent,4267.76
DLVORD00001978,DLVCUST0000271,2024-11-16,ZONE0003,47.61,Express,Normal,2740.69
DLVORD00001979,DLVCUST0000281,2022-10-23,ZONE0010,45.27,Express,Normal,3794.19
DLVORD00001980,DLVCUST0000084,2023-11-16,ZONE0015,21.86,Express,Normal,346.93
DLVORD00001981,DLVCUST0000293,2023-02-19,ZONE0008,15.33,Next Day,Normal,4034.93
DLVORD00001982,DLVCUST0000028,2024-07-20,ZONE0004,24.02,Same Day,Urgent,457.34
DLVORD00001983,DLVCUST0000217,2024-12-29,ZONE0003,30.82,Standard,High,570.11
DLVORD00001984,DLVCUST0000334,2023-06-04,ZONE0010,35.08,Economy,Normal,4992.13
DLVORD00001985,DLVCUST0000225,2023-09-14,ZONE0011,2.87,Standard,Normal,3065.02
DLVORD00001986,DLVCUST0000363,2022-09-12,ZONE0018,23.66,Next Day,High,1677.31
DLVORD00001987,DLVCUST0000099,2024-06-03,ZONE0002,19.94,Economy,High,724.21
DLVORD00001988,DLVCUST0000086,2024-01-09,ZONE0006,19.32,Same Day,High,1290.95
DLVORD00001989,DLVCUST0000293,2023-08-14,ZONE0008,29.29,Standard,Urgent,1879.18
DLVORD00001990,DLVCUST0000252,2023-12-23,ZONE0017,18.32,Express,Normal,317.64
DLVORD00001991,DLVCUST0000078,2024-11-25,ZONE0005,17.15,Same Day,Urgent,1518.36
DLVORD00001992,DLVCUST0000397,2024-01-12,ZONE0016,34.44,Standard,High,2883.63
DLVORD00001993,DLVCUST0000379,2023-11-13,ZONE0018,33.29,Economy,High,1275.42
DLVORD00001994,DLVCUST0000295,2024-12-12,ZONE0004,21.23,Next Day,High,2562.35
DLVORD00001995,DLVCUST0000164,2022-12-18,ZONE0006,17.34,Same Day,Normal,3049.59
DLVORD00001996,DLVCUST0000211,2022-10-16,ZONE0014,3.24,Same Day,Normal,537.84
DLVORD00001997,DLVCUST0000183,2024-06-03,ZONE0013,44.9,Same Day,Normal,3468.89
DLVORD00001998,DLVCUST0000166,2023-03-20,ZONE0019,17.83,Express,High,3130.71
DLVORD00001999,DLVCUST0000327,2023-12-20,ZONE0004,27.63,Same Day,Urgent,2685.14
DLVORD00002000,DLVCUST0000163,2023-09-26,ZONE0001,30.51,Express,Urgent,2819.17
DLVORD00002001,DLVCUST0000190,2024-07-16,ZONE0009,9.39,Express,Urgent,2316.56
DLVORD00002002,DLVCUST0000184,2023-09-30,ZONE0012,49.22,Economy,Urgent,3024.86
DLVORD00002003,DLVCUST0000126,2023-12-10,ZONE0009,17.63,Standard,Normal,3531.79
DLVORD00002004,DLVCUST0000117,2024-11-29,ZONE0015,26.49,Express,Normal,3470.88
DLVORD00002005,DLVCUST0000161,2024-01-18,ZONE0009,38.44,Economy,High,2546.24
DLVORD00002006,DLVCUST0000213,2024-05-29,ZONE0011,49.39,Next Day,Normal,3886.83
DLVORD00002007,DLVCUST0000265,2023-01-26,ZONE0010,47.35,Express,Normal,2009.55
DLVORD00002008,DLVCUST0000030,2024-07-16,ZONE0018,32.12,Standard,Urgent,253.18
DLVORD00002009,DLVCUST0000348,2024-12-12,ZONE0008,40.62,Economy,Urgent,3120.02
DLVORD00002010,DLVCUST0000281,2022-09-06,ZONE0010,34.69,Same Day,High,3914.94
DLVORD00002011,DLVCUST0000069,2024-02-01,ZONE0018,24.04,Express,Urgent,4429.85
DLVORD00002012,DLVCUST0000128,2024-04-25,ZONE0019,48.39,Express,Urgent,371.76
DLVORD00002013,DLVCUST0000239,2022-09-18,ZONE0017,28.73,Standard,Urgent,4612.06
DLVORD00002014,DLVCUST0000132,2022-07-13,ZONE0017,47.11,Next Day,High,329.54
DLVORD00002015,DLVCUST0000092,2022-03-25,ZONE0013,36.06,Standard,Urgent,2717.92
DLVORD00002016,DLVCUST0000024,2024-02-15,ZONE0019,18.51,Economy,High,2515.73
DLVORD00002017,DLVCUST0000021,2023-11-25,ZONE0019,6.05,Express,Urgent,680.74
DLVORD00002018,DLVCUST0000095,2023-07-09,ZONE0014,0.67,Economy,Normal,3378.17
DLVORD00002019,DLVCUST0000241,2024-04-16,ZONE0004,16.05,Standard,Urgent,4089.75
DLVORD00002020,DLVCUST0000353,2024-03-03,ZONE0005,12.75,Same Day,Urgent,414.97
DLVORD00002021,DLVCUST0000374,2023-01-13,ZONE0002,30.35,Next Day,High,3535.22
DLVORD00002022,DLVCUST0000083,2024-12-12,ZONE0020,30.13,Same Day,Normal,2000.05
DLVORD00002023,DLVCUST0000234,2023-10-13,ZONE0012,31.17,Same Day,Urgent,4903.22
DLVORD00002024,DLVCUST0000125,2022-08-08,ZONE0012,17.31,Standard,Normal,2926.84
DLVORD00002025,DLVCUST0000186,2024-01-17,ZONE0001,6.64,Standard,High,3596.35
DLVORD00002026,DLVCUST0000317,2024-11-23,ZONE0012,44.29,Next Day,Normal,909.97
DLVORD00002027,DLVCUST0000375,2023-05-02,ZONE0007,2.43,Express,High,3493.79
DLVORD00002028,DLVCUST0000219,2023-08-17,ZONE0018,25.59,Express,High,792.21
DLVORD00002029,DLVCUST0000192,2024-09-17,ZONE0002,6.88,Same Day,Urgent,3071.99
DLVORD00002030,DLVCUST0000171,2023-09-16,ZONE0015,30.92,Standard,Urgent,4351.57
DLVORD00002031,DLVCUST0000262,2023-08-02,ZONE0005,1.13,Economy,Urgent,2094.43
DLVORD00002032,DLVCUST0000187,2022-11-22,ZONE0012,32.84,Same Day,High,4810.94
DLVORD00002033,DLVCUST0000145,2023-09-09,ZONE0016,19.05,Economy,Urgent,3686.63
DLVORD00002034,DLVCUST0000347,2023-12-29,ZONE0015,15.58,Economy,High,1409.96
DLVORD00002035,DLVCUST0000214,2024-10-17,ZONE0015,24.36,Next Day,Normal,2829.97
DLVORD00002036,DLVCUST0000393,2024-11-22,ZONE0017,33.92,Economy,Normal,746.7
DLVORD00002037,DLVCUST0000307,2023-09-27,ZONE0006,23.67,Express,Normal,3455.45
DLVORD00002038,DLVCUST0000373,2024-01-09,ZONE0009,23.48,Same Day,High,2783.73
DLVORD00002039,DLVCUST0000225,2023-06-17,ZONE0011,48.16,Same Day,Urgent,2775.89
DLVORD00002040,DLVCUST0000268,2023-04-16,ZONE0009,24.2,Standard,Normal,601.16
DLVORD00002041,DLVCUST0000060,2022-05-12,ZONE0003,48.43,Same Day,Urgent,2502.79
DLVORD00002042,DLVCUST0000220,2024-03-23,ZONE0002,44.52,Express,Urgent,4266.34
DLVORD00002043,DLVCUST0000040,2024-08-15,ZONE0005,8.85,Same Day,Urgent,3051.35
DLVORD00002044,DLVCUST0000302,2024-02-24,ZONE0003,3.52,Same Day,High,637.59
DLVORD00002045,DLVCUST0000055,2023-10-03,ZONE0019,1.49,Next Day,High,2954.84
DLVORD00002046,DLVCUST0000059,2024-04-08,ZONE0005,1.38,Express,High,1686.9
DLVORD00002047,DLVCUST0000367,2024-01-08,ZONE0003,12.14,Next Day,Urgent,2006.72
DLVORD00002048,DLVCUST0000151,2022-03-22,ZONE0020,33.22,Standard,Normal,843.78
DLVORD00002049,DLVCUST0000271,2024-04-24,ZONE0003,31.75,Next Day,High,2906.91
DLVORD00002050,DLVCUST0000127,2024-12-09,ZONE0009,20.22,Standard,Urgent,2420.27
DLVORD00002051,DLVCUST0000395,2023-06-08,ZONE0009,21.33,Next Day,High,2445.43
DLVORD00002052,DLVCUST0000068,2024-01-02,ZONE0012,46.78,Express,Normal,1004.36
DLVORD00002053,DLVCUST0000012,2023-10-06,ZONE0014,19.06,Express,High,4424.91
DLVORD00002054,DLVCUST0000324,2023-10-16,ZONE0005,5.8,Next Day,High,3526.62
DLVORD00002055,DLVCUST0000058,2024-08-05,ZONE0018,22.68,Economy,High,2940.17
DLVORD00002056,DLVCUST0000072,2023-10-02,ZONE0019,12.87,Standard,Normal,3322.53
DLVORD00002057,DLVCUST0000222,2023-01-14,ZONE0016,40.55,Same Day,Normal,651.29
DLVORD00002058,DLVCUST0000342,2023-02-04,ZONE0001,18.19,Standard,Urgent,1390.25
DLVORD00002059,DLVCUST0000207,2023-10-29,ZONE0013,19.31,Standard,High,3183.53
DLVORD00002060,DLVCUST0000024,2023-10-19,ZONE0019,1.71,Same Day,High,1631.13
DLVORD00002061,DLVCUST0000123,2023-10-18,ZONE0011,16.75,Economy,Normal,1895.34
DLVORD00002062,DLVCUST0000305,2024-01-07,ZONE0013,3.88,Same Day,Urgent,2917.94
DLVORD00002063,DLVCUST0000316,2023-09-08,ZONE0016,3.2,Express,Normal,3412.98
DLVORD00002064,DLVCUST0000245,2022-08-18,ZONE0012,5.07,Express,High,2103.06
DLVORD00002065,DLVCUST0000188,2022-06-17,ZONE0014,34.5,Standard,High,907.84
DLVORD00002066,DLVCUST0000348,2023-12-09,ZONE0008,28.98,Next Day,Urgent,3366.5
DLVORD00002067,DLVCUST0000115,2023-01-14,ZONE0001,5.19,Standard,Normal,2900.18
DLVORD00002068,DLVCUST0000243,2022-12-21,ZONE0002,8.88,Economy,Urgent,611.11
DLVORD00002069,DLVCUST0000226,2023-04-09,ZONE0002,49.2,Same Day,Normal,2090.11
DLVORD00002070,DLVCUST0000311,2023-10-05,ZONE0006,16.61,Same Day,Urgent,659.82
DLVORD00002071,DLVCUST0000335,2023-07-04,ZONE0017,23.36,Standard,Normal,2494.77
DLVORD00002072,DLVCUST0000383,2024-06-19,ZONE0009,19.05,Standard,High,1567.2
DLVORD00002073,DLVCUST0000201,2022-02-16,ZONE0010,14.29,Same Day,Normal,4857.44
DLVORD00002074,DLVCUST0000362,2024-09-19,ZONE0009,36.2,Express,Normal,1285.28
DLVORD00002075,DLVCUST0000196,2023-08-29,ZONE0001,29.35,Next Day,Urgent,1242.45
DLVORD00002076,DLVCUST0000064,2022-09-30,ZONE0003,40.5,Same Day,Urgent,3390.91
DLVORD00002077,DLVCUST0000174,2024-05-28,ZONE0006,38.93,Economy,High,1036.85
DLVORD00002078,DLVCUST0000146,2022-01-23,ZONE0018,47.12,Same Day,Urgent,2799.48
DLVORD00002079,DLVCUST0000004,2023-11-28,ZONE0017,2.78,Next Day,Normal,2047.44
DLVORD00002080,DLVCUST0000030,2024-09-05,ZONE0018,9.48,Next Day,High,507.44
DLVORD00002081,DLVCUST0000169,2023-05-25,ZONE0016,24.68,Same Day,Normal,1269.3
DLVORD00002082,DLVCUST0000058,2023-06-23,ZONE0018,44.55,Standard,Urgent,2843.37
DLVORD00002083,DLVCUST0000087,2024-01-21,ZONE0001,43.6,Next Day,Urgent,1429.37
DLVORD00002084,DLVCUST0000012,2024-10-23,ZONE0014,28.28,Economy,Urgent,1874.95
DLVORD00002085,DLVCUST0000364,2024-09-26,ZONE0008,28.99,Same Day,Normal,596.21
DLVORD00002086,DLVCUST0000237,2024-08-20,ZONE0001,8.9,Next Day,High,4726.78
DLVORD00002087,DLVCUST0000040,2024-08-07,ZONE0005,13.56,Economy,High,3294.5
DLVORD00002088,DLVCUST0000079,2023-12-16,ZONE0012,4.39,Same Day,High,1171.24
DLVORD00002089,DLVCUST0000008,2023-08-12,ZONE0006,7.97,Next Day,Normal,2990.38
DLVORD00002090,DLVCUST0000093,2024-02-12,ZONE0014,8.08,Next Day,Normal,4612.33
DLVORD00002091,DLVCUST0000311,2023-07-07,ZONE0006,4.08,Economy,High,1831.3
DLVORD00002092,DLVCUST0000131,2024-01-10,ZONE0005,41.2,Same Day,Urgent,3429.84
DLVORD00002093,DLVCUST0000262,2023-10-13,ZONE0005,36.35,Standard,Urgent,41.29
DLVORD00002094,DLVCUST0000354,2023-08-09,ZONE0011,3.41,Economy,High,218.63
DLVORD00002095,DLVCUST0000104,2024-03-06,ZONE0001,33.89,Economy,High,3390.47
DLVORD00002096,DLVCUST0000301,2022-12-28,ZONE0006,33.42,Express,Normal,3335.43
DLVORD00002097,DLVCUST0000165,2023-11-04,ZONE0014,6.68,Standard,Urgent,3594.73
DLVORD00002098,DLVCUST0000034,2023-08-09,ZONE0004,8.01,Same Day,Urgent,1082.96
DLVORD00002099,DLVCUST0000004,2022-06-02,ZONE0017,24.09,Economy,Normal,2519.26
DLVORD00002100,DLVCUST0000300,2022-01-31,ZONE0003,14.18,Same Day,High,4998.72
DLVORD00002101,DLVCUST0000125,2022-12-25,ZONE0012,5.14,Express,Urgent,2606.93
DLVORD00002102,DLVCUST0000339,2023-01-19,ZONE0014,48.71,Same Day,High,463.3
DLVORD00002103,DLVCUST0000136,2022-08-16,ZONE0019,1.07,Express,High,1970.25
DLVORD00002104,DLVCUST0000069,2024-02-27,ZONE0018,6.18,Next Day,High,3370.58
DLVORD00002105,DLVCUST0000139,2024-05-23,ZONE0002,17.0,Same Day,High,3892.88
DLVORD00002106,DLVCUST0000280,2024-07-19,ZONE0018,31.24,Economy,Urgent,3689.65
DLVORD00002107,DLVCUST0000238,2022-06-14,ZONE0005,27.91,Express,High,1834.38
DLVORD00002108,DLVCUST0000166,2023-03-23,ZONE0019,25.68,Standard,High,2145.68
DLVORD00002109,DLVCUST0000328,2024-09-29,ZONE0019,9.32,Express,High,2079.18
DLVORD00002110,DLVCUST0000029,2023-12-12,ZONE0004,7.77,Express,Urgent,3184.85
DLVORD00002111,DLVCUST0000071,2023-06-24,ZONE0001,14.27,Standard,Normal,2708.5
DLVORD00002112,DLVCUST0000281,2024-03-19,ZONE0010,39.73,Economy,High,3285.38
DLVORD00002113,DLVCUST0000211,2022-04-27,ZONE0014,41.8,Economy,Urgent,3511.19
DLVORD00002114,DLVCUST0000387,2023-11-19,ZONE0018,48.36,Standard,Urgent,4944.71
DLVORD00002115,DLVCUST0000143,2023-10-09,ZONE0012,3.4,Next Day,Normal,2937.19
DLVORD00002116,DLVCUST0000264,2023-11-25,ZONE0005,26.3,Standard,Normal,3090.1
DLVORD00002117,DLVCUST0000289,2023-08-19,ZONE0012,6.39,Same Day,Urgent,4314.59
DLVORD00002118,DLVCUST0000383,2023-10-30,ZONE0009,15.72,Standard,Normal,1687.5
DLVORD00002119,DLVCUST0000369,2024-07-27,ZONE0004,38.16,Standard,High,4899.01
DLVORD00002120,DLVCUST0000091,2024-12-28,ZONE0014,37.53,Next Day,Normal,4801.0
DLVORD00002121,DLVCUST0000366,2024-06-15,ZONE0016,43.83,Next Day,High,2451.27
DLVORD00002122,DLVCUST0000196,2024-04-15,ZONE0001,41.7,Express,Urgent,2452.83
DLVORD00002123,DLVCUST0000241,2024-10-28,ZONE0004,5.14,Economy,High,397.08
DLVORD00002124,DLVCUST0000343,2023-06-23,ZONE0013,16.61,Express,High,2821.05
DLVORD00002125,DLVCUST0000191,2024-07-14,ZONE0011,40.01,Next Day,Normal,3849.65
DLVORD00002126,DLVCUST0000204,2024-01-28,ZONE0005,8.9,Standard,Normal,3879.96
DLVORD00002127,DLVCUST0000140,2024-11-01,ZONE0006,5.91,Next Day,Urgent,24.08
DLVORD00002128,DLVCUST0000025,2024-11-14,ZONE0005,16.96,Next Day,High,3425.48
DLVORD00002129,DLVCUST0000021,2024-03-20,ZONE0019,48.67,Standard,Normal,2649.32
DLVORD00002130,DLVCUST0000156,2024-09-20,ZONE0002,33.4,Same Day,High,2965.37
DLVORD00002131,DLVCUST0000160,2024-06-08,ZONE0009,7.84,Economy,Urgent,1711.6
DLVORD00002132,DLVCUST0000093,2022-11-29,ZONE0014,25.31,Express,Urgent,2121.63
DLVORD00002133,DLVCUST0000314,2024-11-18,ZONE0014,43.58,Express,High,430.11
DLVORD00002134,DLVCUST0000068,2022-11-12,ZONE0012,2.48,Same Day,Urgent,1399.85
DLVORD00002135,DLVCUST0000066,2022-11-21,ZONE0011,21.89,Economy,High,3253.87
DLVORD00002136,DLVCUST0000316,2023-06-13,ZONE0016,37.5,Same Day,Normal,2488.1
DLVORD00002137,DLVCUST0000146,2024-01-19,ZONE0018,48.02,Express,Normal,4545.51
DLVORD00002138,DLVCUST0000048,2022-01-29,ZONE0011,13.69,Same Day,Normal,1484.81
DLVORD00002139,DLVCUST0000368,2024-03-08,ZONE0019,9.25,Next Day,Urgent,3915.88
DLVORD00002140,DLVCUST0000266,2023-06-16,ZONE0007,37.45,Express,Urgent,1643.38
DLVORD00002141,DLVCUST0000352,2023-10-25,ZONE0005,42.93,Standard,Urgent,570.41
DLVORD00002142,DLVCUST0000244,2023-09-21,ZONE0009,18.66,Same Day,High,3608.09
DLVORD00002143,DLVCUST0000129,2024-06-05,ZONE0013,15.46,Express,Urgent,115.83
DLVORD00002144,DLVCUST0000021,2024-04-06,ZONE0019,29.29,Next Day,Normal,2223.76
DLVORD00002145,DLVCUST0000193,2023-08-30,ZONE0016,2.84,Same Day,Normal,3653.35
DLVORD00002146,DLVCUST0000113,2023-06-03,ZONE0007,18.84,Economy,Normal,289.06
DLVORD00002147,DLVCUST0000292,2023-05-29,ZONE0016,33.32,Next Day,Normal,132.0
DLVORD00002148,DLVCUST0000205,2022-04-29,ZONE0013,22.57,Standard,Urgent,970.66
DLVORD00002149,DLVCUST0000344,2022-05-14,ZONE0002,9.79,Same Day,Urgent,4143.01
DLVORD00002150,DLVCUST0000223,2024-05-07,ZONE0012,14.99,Standard,Normal,1723.19
DLVORD00002151,DLVCUST0000135,2024-08-16,ZONE0018,43.51,Same Day,Normal,2944.01
DLVORD00002152,DLVCUST0000148,2022-07-20,ZONE0014,20.74,Express,High,3827.35
DLVORD00002153,DLVCUST0000216,2023-05-05,ZONE0002,46.05,Express,Urgent,2099.11
DLVORD00002154,DLVCUST0000174,2023-09-06,ZONE0006,9.55,Standard,Urgent,3005.88
DLVORD00002155,DLVCUST0000047,2023-06-21,ZONE0017,33.44,Economy,Urgent,1088.36
DLVORD00002156,DLVCUST0000168,2023-05-24,ZONE0018,12.61,Standard,Urgent,2674.99
DLVORD00002157,DLVCUST0000394,2023-09-01,ZONE0012,14.51,Same Day,High,947.77
DLVORD00002158,DLVCUST0000243,2023-03-28,ZONE0002,12.23,Next Day,Normal,2815.74
DLVORD00002159,DLVCUST0000238,2023-09-25,ZONE0005,44.08,Express,Normal,2538.48
DLVORD00002160,DLVCUST0000384,2022-09-10,ZONE0018,16.93,Express,Urgent,3528.11
DLVORD00002161,DLVCUST0000202,2024-07-23,ZONE0018,36.57,Economy,Urgent,201.12
DLVORD00002162,DLVCUST0000362,2022-05-01,ZONE0009,48.69,Next Day,Urgent,3697.23
DLVORD00002163,DLVCUST0000159,2022-05-08,ZONE0018,45.35,Express,Normal,1749.04
DLVORD00002164,DLVCUST0000051,2023-11-20,ZONE0016,30.22,Economy,Urgent,1399.43
DLVORD00002165,DLVCUST0000400,2024-02-14,ZONE0010,29.68,Express,Urgent,2211.37
DLVORD00002166,DLVCUST0000010,2022-10-10,ZONE0005,22.6,Next Day,High,3922.68
DLVORD00002167,DLVCUST0000265,2024-05-25,ZONE0010,39.08,Next Day,Normal,4654.69
DLVORD00002168,DLVCUST0000219,2023-10-05,ZONE0018,27.67,Economy,Normal,1634.04
DLVORD00002169,DLVCUST0000193,2022-09-30,ZONE0016,11.51,Express,Urgent,3019.22
DLVORD00002170,DLVCUST0000241,2024-07-05,ZONE0004,30.0,Next Day,Normal,893.66
DLVORD00002171,DLVCUST0000089,2023-10-23,ZONE0004,40.48,Next Day,Urgent,2833.19
DLVORD00002172,DLVCUST0000117,2023-12-02,ZONE0015,17.01,Next Day,Normal,2882.99
DLVORD00002173,DLVCUST0000179,2022-08-07,ZONE0002,32.99,Standard,Normal,2226.63
DLVORD00002174,DLVCUST0000228,2024-12-03,ZONE0018,27.98,Same Day,High,1091.75
DLVORD00002175,DLVCUST0000245,2024-09-22,ZONE0012,37.6,Next Day,High,1622.85
DLVORD00002176,DLVCUST0000066,2023-04-22,ZONE0011,45.64,Next Day,Urgent,1596.24
DLVORD00002177,DLVCUST0000010,2024-10-03,ZONE0005,39.63,Economy,Urgent,1954.06
DLVORD00002178,DLVCUST0000335,2024-08-08,ZONE0017,5.55,Standard,Normal,1648.68
DLVORD00002179,DLVCUST0000360,2023-08-06,ZONE0006,28.92,Standard,High,2394.42
DLVORD00002180,DLVCUST0000114,2024-11-22,ZONE0013,11.29,Standard,High,3064.98
DLVORD00002181,DLVCUST0000388,2023-08-15,ZONE0014,10.38,Same Day,High,4861.91
DLVORD00002182,DLVCUST0000120,2023-12-04,ZONE0001,7.93,Next Day,Normal,3415.83
DLVORD00002183,DLVCUST0000127,2022-11-26,ZONE0009,39.02,Standard,Normal,3847.3
DLVORD00002184,DLVCUST0000394,2023-09-14,ZONE0012,24.62,Express,Normal,4083.32
DLVORD00002185,DLVCUST0000178,2022-10-11,ZONE0012,24.81,Economy,High,1256.54
DLVORD00002186,DLVCUST0000050,2023-02-12,ZONE0013,14.19,Economy,High,643.12
DLVORD00002187,DLVCUST0000283,2023-02-28,ZONE0013,12.63,Next Day,High,2370.14
DLVORD00002188,DLVCUST0000009,2022-10-11,ZONE0019,26.51,Next Day,Normal,2119.38
DLVORD00002189,DLVCUST0000253,2022-07-17,ZONE0018,9.02,Economy,High,170.49
DLVORD00002190,DLVCUST0000156,2022-12-20,ZONE0002,17.71,Same Day,Normal,2157.3
DLVORD00002191,DLVCUST0000312,2023-05-13,ZONE0018,36.17,Standard,High,1445.86
DLVORD00002192,DLVCUST0000046,2022-06-18,ZONE0002,7.29,Express,High,1055.73
DLVORD00002193,DLVCUST0000055,2024-02-28,ZONE0019,8.62,Express,Urgent,4617.17
DLVORD00002194,DLVCUST0000400,2022-09-29,ZONE0010,9.85,Same Day,High,4199.54
DLVORD00002195,DLVCUST0000078,2022-10-30,ZONE0005,38.44,Next Day,High,160.96
DLVORD00002196,DLVCUST0000306,2024-03-10,ZONE0004,29.37,Same Day,Urgent,3519.22
DLVORD00002197,DLVCUST0000092,2023-09-30,ZONE0013,40.68,Next Day,Normal,879.92
DLVORD00002198,DLVCUST0000376,2023-11-20,ZONE0017,16.73,Same Day,Normal,4742.48
DLVORD00002199,DLVCUST0000173,2024-12-30,ZONE0020,18.39,Express,Urgent,739.27
DLVORD00002200,DLVCUST0000169,2024-09-12,ZONE0016,3.65,Same Day,High,4770.18
DLVORD00002201,DLVCUST0000351,2023-12-26,ZONE0009,23.68,Economy,High,1755.4
DLVORD00002202,DLVCUST0000332,2024-05-05,ZONE0016,39.28,Same Day,Urgent,4396.57
DLVORD00002203,DLVCUST0000202,2023-12-10,ZONE0018,1.56,Standard,Urgent,170.06
DLVORD00002204,DLVCUST0000374,2024-05-28,ZONE0002,17.8,Same Day,Urgent,3120.98
DLVORD00002205,DLVCUST0000241,2024-03-28,ZONE0004,34.9,Economy,High,4031.42
DLVORD00002206,DLVCUST0000316,2022-11-06,ZONE0016,46.3,Same Day,Normal,3885.91
DLVORD00002207,DLVCUST0000182,2024-05-02,ZONE0020,24.59,Economy,Urgent,860.51
DLVORD00002208,DLVCUST0000135,2024-08-30,ZONE0018,19.07,Economy,Urgent,1933.99
DLVORD00002209,DLVCUST0000058,2023-09-07,ZONE0018,46.95,Express,High,4909.07
DLVORD00002210,DLVCUST0000252,2022-10-24,ZONE0017,20.62,Same Day,Normal,3083.31
DLVORD00002211,DLVCUST0000274,2024-09-17,ZONE0017,47.97,Same Day,Urgent,392.56
DLVORD00002212,DLVCUST0000372,2022-03-03,ZONE0004,49.04,Standard,High,3198.91
DLVORD00002213,DLVCUST0000379,2024-10-24,ZONE0018,41.74,Same Day,High,2519.27
DLVORD00002214,DLVCUST0000133,2024-01-14,ZONE0012,8.23,Economy,High,1604.83
DLVORD00002215,DLVCUST0000036,2024-09-20,ZONE0005,46.57,Express,Urgent,304.18
DLVORD00002216,DLVCUST0000271,2024-08-02,ZONE0003,32.45,Economy,Urgent,2669.45
DLVORD00002217,DLVCUST0000174,2024-05-16,ZONE0006,2.77,Express,Urgent,493.71
DLVORD00002218,DLVCUST0000349,2024-03-02,ZONE0001,21.0,Economy,Urgent,963.68
DLVORD00002219,DLVCUST0000399,2024-09-23,ZONE0011,28.53,Express,High,3954.91
DLVORD00002220,DLVCUST0000372,2024-05-14,ZONE0004,18.2,Express,High,1529.45
DLVORD00002221,DLVCUST0000051,2024-01-24,ZONE0016,35.29,Next Day,Normal,1620.13
DLVORD00002222,DLVCUST0000129,2023-11-16,ZONE0013,42.17,Express,Urgent,3293.46
DLVORD00002223,DLVCUST0000378,2024-07-08,ZONE0019,32.12,Express,Urgent,3475.89
DLVORD00002224,DLVCUST0000177,2023-09-17,ZONE0005,24.31,Economy,Normal,4648.26
DLVORD00002225,DLVCUST0000223,2024-11-21,ZONE0012,15.55,Next Day,Normal,561.97
DLVORD00002226,DLVCUST0000119,2023-01-14,ZONE0002,35.08,Express,Normal,1650.81
DLVORD00002227,DLVCUST0000093,2024-08-12,ZONE0014,1.19,Same Day,Urgent,714.22
DLVORD00002228,DLVCUST0000287,2023-10-05,ZONE0013,35.66,Express,High,435.62
DLVORD00002229,DLVCUST0000397,2024-07-22,ZONE0016,16.59,Next Day,Normal,592.45
DLVORD00002230,DLVCUST0000277,2022-01-21,ZONE0004,4.8,Same Day,Normal,1817.43
DLVORD00002231,DLVCUST0000129,2024-07-29,ZONE0013,37.82,Economy,Urgent,2291.66
DLVORD00002232,DLVCUST0000259,2023-11-12,ZONE0019,4.85,Standard,High,2135.82
DLVORD00002233,DLVCUST0000389,2024-07-25,ZONE0017,13.64,Economy,High,4442.96
DLVORD00002234,DLVCUST0000294,2024-10-11,ZONE0002,13.12,Standard,High,751.43
DLVORD00002235,DLVCUST0000009,2024-03-23,ZONE0019,34.46,Same Day,High,3747.72
DLVORD00002236,DLVCUST0000194,2024-08-14,ZONE0001,5.96,Economy,Normal,861.32
DLVORD00002237,DLVCUST0000272,2024-01-07,ZONE0013,16.74,Same Day,Urgent,4215.87
DLVORD00002238,DLVCUST0000146,2022-07-15,ZONE0018,46.79,Next Day,Urgent,1528.14
DLVORD00002239,DLVCUST0000205,2024-12-15,ZONE0013,32.63,Express,Urgent,2687.21
DLVORD00002240,DLVCUST0000046,2023-08-22,ZONE0002,41.99,Economy,Normal,25.65
DLVORD00002241,DLVCUST0000034,2023-10-24,ZONE0004,31.87,Standard,High,301.67
DLVORD00002242,DLVCUST0000362,2023-03-10,ZONE0009,38.76,Next Day,High,4890.22
DLVORD00002243,DLVCUST0000061,2024-11-20,ZONE0013,10.96,Same Day,Urgent,1012.04
DLVORD00002244,DLVCUST0000258,2024-06-01,ZONE0009,5.26,Next Day,Urgent,1435.79
DLVORD00002245,DLVCUST0000375,2024-02-16,ZONE0007,0.23,Same Day,Urgent,4390.54
DLVORD00002246,DLVCUST0000025,2024-03-15,ZONE0005,42.07,Standard,Normal,2357.15
DLVORD00002247,DLVCUST0000049,2023-01-23,ZONE0008,0.72,Same Day,High,1227.45
DLVORD00002248,DLVCUST0000122,2023-08-31,ZONE0014,40.0,Same Day,Urgent,2923.79
DLVORD00002249,DLVCUST0000223,2022-08-24,ZONE0012,15.07,Express,High,1628.26
DLVORD00002250,DLVCUST0000093,2023-03-01,ZONE0014,7.79,Same Day,Urgent,834.18
DLVORD00002251,DLVCUST0000348,2023-08-09,ZONE0008,29.71,Standard,High,1812.65
DLVORD00002252,DLVCUST0000262,2022-09-01,ZONE0005,9.96,Express,Urgent,2527.93
DLVORD00002253,DLVCUST0000173,2023-06-17,ZONE0020,17.75,Express,Urgent,1656.52
DLVORD00002254,DLVCUST0000049,2023-10-16,ZONE0008,15.09,Standard,High,3870.53
DLVORD00002255,DLVCUST0000150,2024-11-12,ZONE0013,44.45,Same Day,Normal,1635.76
DLVORD00002256,DLVCUST0000047,2023-07-11,ZONE0017,17.0,Express,Urgent,4233.11
DLVORD00002257,DLVCUST0000254,2024-03-27,ZONE0002,20.77,Standard,High,3887.55
DLVORD00002258,DLVCUST0000269,2024-05-27,ZONE0015,5.5,Next Day,Urgent,4457.05
DLVORD00002259,DLVCUST0000083,2024-02-05,ZONE0020,10.05,Next Day,Normal,3433.2
DLVORD00002260,DLVCUST0000324,2023-04-10,ZONE0005,24.57,Economy,Normal,320.7
DLVORD00002261,DLVCUST0000024,2023-01-12,ZONE0019,9.71,Standard,Urgent,1763.19
DLVORD00002262,DLVCUST0000125,2022-11-21,ZONE0012,19.22,Same Day,Normal,4333.23
DLVORD00002263,DLVCUST0000172,2024-08-08,ZONE0020,38.18,Standard,High,1383.4
DLVORD00002264,DLVCUST0000282,2023-06-30,ZONE0004,33.28,Next Day,Normal,187.74
DLVORD00002265,DLVCUST0000180,2022-09-24,ZONE0006,22.76,Standard,Urgent,1048.3
DLVORD00002266,DLVCUST0000202,2024-05-11,ZONE0018,35.38,Economy,High,4913.61
DLVORD00002267,DLVCUST0000113,2024-08-25,ZONE0007,44.1,Standard,Normal,2674.91
DLVORD00002268,DLVCUST0000030,2023-07-25,ZONE0018,10.0,Next Day,Normal,845.49
DLVORD00002269,DLVCUST0000105,2023-11-14,ZONE0009,8.97,Standard,High,2258.55
DLVORD00002270,DLVCUST0000253,2023-10-11,ZONE0018,15.06,Same Day,Urgent,4763.51
DLVORD00002271,DLVCUST0000279,2024-08-18,ZONE0010,30.56,Next Day,High,3228.9
DLVORD00002272,DLVCUST0000116,2024-07-05,ZONE0005,19.75,Express,Urgent,3887.41
DLVORD00002273,DLVCUST0000132,2023-02-10,ZONE0017,13.94,Same Day,Normal,2112.62
DLVORD00002274,DLVCUST0000064,2022-08-13,ZONE0003,47.15,Economy,Normal,3624.15
DLVORD00002275,DLVCUST0000248,2024-12-30,ZONE0011,0.61,Express,Urgent,2405.97
DLVORD00002276,DLVCUST0000354,2023-10-21,ZONE0011,11.39,Express,Urgent,4076.48
DLVORD00002277,DLVCUST0000135,2023-06-26,ZONE0018,44.16,Economy,Normal,4028.67
DLVORD00002278,DLVCUST0000056,2023-07-17,ZONE0004,48.28,Same Day,High,3007.24
DLVORD00002279,DLVCUST0000057,2023-08-21,ZONE0017,48.08,Same Day,High,1807.42
DLVORD00002280,DLVCUST0000390,2024-04-13,ZONE0003,5.6,Next Day,High,4441.86
DLVORD00002281,DLVCUST0000047,2024-11-10,ZONE0017,9.51,Economy,Normal,2735.35
DLVORD00002282,DLVCUST0000008,2023-03-04,ZONE0006,14.76,Standard,High,3358.76
DLVORD00002283,DLVCUST0000182,2022-10-25,ZONE0020,27.15,Economy,Normal,3140.85
DLVORD00002284,DLVCUST0000384,2024-11-29,ZONE0018,36.53,Same Day,Urgent,2995.04
DLVORD00002285,DLVCUST0000300,2024-06-23,ZONE0003,42.97,Economy,Normal,2877.02
DLVORD00002286,DLVCUST0000302,2024-06-18,ZONE0003,28.14,Next Day,Normal,2782.33
DLVORD00002287,DLVCUST0000241,2024-01-03,ZONE0004,48.27,Next Day,Normal,160.13
DLVORD00002288,DLVCUST0000221,2024-10-03,ZONE0020,46.59,Same Day,Normal,965.19
DLVORD00002289,DLVCUST0000193,2022-02-23,ZONE0016,0.16,Same Day,High,1753.44
DLVORD00002290,DLVCUST0000098,2023-07-19,ZONE0017,14.35,Economy,Urgent,2311.75
DLVORD00002291,DLVCUST0000024,2023-03-30,ZONE0019,4.28,Same Day,High,4599.74
DLVORD00002292,DLVCUST0000048,2024-03-01,ZONE0011,33.98,Economy,Urgent,2614.08
DLVORD00002293,DLVCUST0000181,2024-09-07,ZONE0005,34.89,Economy,Normal,1063.84
DLVORD00002294,DLVCUST0000030,2023-09-26,ZONE0018,5.06,Next Day,Normal,2763.08
DLVORD00002295,DLVCUST0000042,2023-01-20,ZONE0016,22.63,Standard,Normal,1313.55
DLVORD00002296,DLVCUST0000129,2024-01-31,ZONE0013,3.61,Next Day,Normal,1640.22
DLVORD00002297,DLVCUST0000093,2022-05-07,ZONE0014,5.07,Economy,High,2745.3
DLVORD00002298,DLVCUST0000230,2022-10-02,ZONE0002,2.81,Next Day,Urgent,3146.0
DLVORD00002299,DLVCUST0000015,2023-09-07,ZONE0010,47.68,Next Day,High,2277.88
DLVORD00002300,DLVCUST0000038,2022-11-11,ZONE0017,20.99,Same Day,Normal,4072.46
DLVORD00002301,DLVCUST0000073,2024-11-23,ZONE0006,4.63,Standard,High,3875.56
DLVORD00002302,DLVCUST0000074,2024-02-12,ZONE0001,49.02,Next Day,Normal,634.57
DLVORD00002303,DLVCUST0000067,2022-02-20,ZONE0010,49.64,Standard,Normal,4849.0
DLVORD00002304,DLVCUST0000362,2024-06-28,ZONE0009,19.82,Economy,Normal,2822.92
DLVORD00002305,DLVCUST0000248,2023-07-10,ZONE0011,25.16,Same Day,High,620.19
DLVORD00002306,DLVCUST0000057,2024-09-22,ZONE0017,45.46,Standard,Normal,2077.38
DLVORD00002307,DLVCUST0000261,2024-09-01,ZONE0005,12.28,Standard,Urgent,3974.97
DLVORD00002308,DLVCUST0000138,2022-01-12,ZONE0005,11.72,Economy,Normal,3699.32
DLVORD00002309,DLVCUST0000316,2022-07-22,ZONE0016,44.94,Economy,Normal,1224.14
DLVORD00002310,DLVCUST0000189,2023-08-21,ZONE0020,28.09,Express,High,2137.03
DLVORD00002311,DLVCUST0000049,2023-12-03,ZONE0008,48.38,Next Day,Normal,3471.9
DLVORD00002312,DLVCUST0000016,2022-06-23,ZONE0001,49.77,Express,Normal,3076.71
DLVORD00002313,DLVCUST0000266,2024-01-15,ZONE0007,46.18,Same Day,High,3137.61
DLVORD00002314,DLVCUST0000117,2024-01-16,ZONE0015,44.7,Next Day,High,2909.05
DLVORD00002315,DLVCUST0000053,2023-09-03,ZONE0013,44.28,Same Day,Normal,1414.52
DLVORD00002316,DLVCUST0000342,2024-02-08,ZONE0001,45.32,Economy,Urgent,2058.49
DLVORD00002317,DLVCUST0000217,2023-12-09,ZONE0003,10.43,Standard,Urgent,4136.43
DLVORD00002318,DLVCUST0000175,2023-04-16,ZONE0003,35.74,Next Day,High,170.18
DLVORD00002319,DLVCUST0000168,2023-07-07,ZONE0018,31.16,Standard,Normal,4531.18
DLVORD00002320,DLVCUST0000168,2024-12-24,ZONE0018,37.13,Same Day,High,2236.91
DLVORD00002321,DLVCUST0000186,2022-05-01,ZONE0001,41.87,Next Day,Urgent,2526.65
DLVORD00002322,DLVCUST0000155,2024-06-22,ZONE0015,17.62,Standard,High,1125.93
DLVORD00002323,DLVCUST0000392,2024-08-31,ZONE0014,35.36,Same Day,High,1743.22
DLVORD00002324,DLVCUST0000387,2022-08-14,ZONE0018,14.43,Same Day,Urgent,3012.85
DLVORD00002325,DLVCUST0000176,2023-05-09,ZONE0019,19.67,Standard,Urgent,1403.61
DLVORD00002326,DLVCUST0000205,2022-09-15,ZONE0013,19.68,Economy,Urgent,3797.67
DLVORD00002327,DLVCUST0000379,2023-05-17,ZONE0018,6.82,Economy,High,1638.67
DLVORD00002328,DLVCUST0000195,2022-11-07,ZONE0010,42.58,Same Day,Urgent,475.07
DLVORD00002329,DLVCUST0000199,2024-10-12,ZONE0018,26.91,Next Day,Urgent,1995.36
DLVORD00002330,DLVCUST0000251,2024-12-07,ZONE0015,24.22,Same Day,Urgent,2918.98
DLVORD00002331,DLVCUST0000117,2024-08-19,ZONE0015,24.97,Same Day,High,4140.36
DLVORD00002332,DLVCUST0000074,2024-11-18,ZONE0001,42.51,Next Day,Urgent,2808.71
DLVORD00002333,DLVCUST0000210,2024-04-27,ZONE0009,9.21,Next Day,Urgent,1060.47
DLVORD00002334,DLVCUST0000345,2024-11-03,ZONE0008,9.53,Express,High,2381.41
DLVORD00002335,DLVCUST0000135,2023-01-06,ZONE0018,33.76,Economy,Urgent,1178.43
DLVORD00002336,DLVCUST0000102,2024-07-17,ZONE0020,22.37,Economy,High,2353.33
DLVORD00002337,DLVCUST0000378,2024-08-03,ZONE0019,10.23,Standard,Normal,2320.17
DLVORD00002338,DLVCUST0000340,2024-11-28,ZONE0004,45.81,Express,High,4289.64
DLVORD00002339,DLVCUST0000028,2024-04-13,ZONE0004,3.92,Same Day,Urgent,1377.15
DLVORD00002340,DLVCUST0000391,2023-09-10,ZONE0010,12.93,Same Day,Normal,4110.17
DLVORD00002341,DLVCUST0000078,2024-10-07,ZONE0005,36.15,Standard,High,2004.89
DLVORD00002342,DLVCUST0000084,2022-09-09,ZONE0015,45.09,Express,High,4565.96
DLVORD00002343,DLVCUST0000115,2023-05-20,ZONE0001,23.48,Standard,Normal,3906.17
DLVORD00002344,DLVCUST0000044,2024-11-05,ZONE0015,6.08,Economy,Urgent,918.87
DLVORD00002345,DLVCUST0000002,2022-12-14,ZONE0016,47.95,Next Day,Normal,3405.2
DLVORD00002346,DLVCUST0000144,2024-04-09,ZONE0001,13.06,Standard,Urgent,94.19
DLVORD00002347,DLVCUST0000212,2022-03-31,ZONE0016,17.23,Next Day,Urgent,1336.13
DLVORD00002348,DLVCUST0000243,2022-12-27,ZONE0002,46.14,Same Day,Normal,93.53
DLVORD00002349,DLVCUST0000207,2023-03-14,ZONE0013,31.68,Economy,High,547.11
DLVORD00002350,DLVCUST0000254,2024-12-05,ZONE0002,4.82,Next Day,High,2412.9
DLVORD00002351,DLVCUST0000343,2023-11-19,ZONE0013,43.05,Economy,Normal,1518.6
DLVORD00002352,DLVCUST0000256,2024-07-16,ZONE0010,24.91,Same Day,High,1718.19
DLVORD00002353,DLVCUST0000078,2023-03-30,ZONE0005,46.92,Next Day,Urgent,851.71
DLVORD00002354,DLVCUST0000289,2022-12-13,ZONE0012,33.69,Express,High,3068.09
DLVORD00002355,DLVCUST0000165,2024-04-01,ZONE0014,17.58,Standard,Urgent,3620.51
DLVORD00002356,DLVCUST0000374,2024-07-25,ZONE0002,28.72,Standard,High,3451.62
DLVORD00002357,DLVCUST0000218,2024-11-26,ZONE0003,3.86,Express,Urgent,1949.21
DLVORD00002358,DLVCUST0000161,2024-08-24,ZONE0009,33.12,Express,Urgent,405.19
DLVORD00002359,DLVCUST0000321,2024-06-23,ZONE0017,18.85,Standard,High,3162.8
DLVORD00002360,DLVCUST0000171,2023-02-07,ZONE0015,39.92,Express,High,1901.55
DLVORD00002361,DLVCUST0000269,2023-01-23,ZONE0015,17.38,Standard,Urgent,2487.39
DLVORD00002362,DLVCUST0000239,2022-08-06,ZONE0017,21.31,Express,High,2970.42
DLVORD00002363,DLVCUST0000121,2024-02-26,ZONE0015,18.14,Express,Urgent,1113.6
DLVORD00002364,DLVCUST0000091,2023-10-01,ZONE0014,40.67,Express,Urgent,548.21
DLVORD00002365,DLVCUST0000248,2024-02-20,ZONE0011,40.71,Same Day,High,2024.38
DLVORD00002366,DLVCUST0000303,2022-12-04,ZONE0012,19.44,Express,High,4531.59
DLVORD00002367,DLVCUST0000347,2024-07-16,ZONE0015,39.12,Express,Urgent,2065.63
DLVORD00002368,DLVCUST0000354,2023-05-21,ZONE0011,20.05,Same Day,Normal,4257.32
DLVORD00002369,DLVCUST0000218,2022-02-23,ZONE0003,26.12,Same Day,Normal,4975.81
DLVORD00002370,DLVCUST0000212,2022-04-21,ZONE0016,22.92,Same Day,Urgent,578.2
DLVORD00002371,DLVCUST0000376,2024-12-18,ZONE0017,45.74,Same Day,High,1498.13
DLVORD00002372,DLVCUST0000393,2024-04-02,ZONE0017,34.17,Next Day,High,382.38
DLVORD00002373,DLVCUST0000277,2022-04-19,ZONE0004,13.93,Next Day,High,3666.39
DLVORD00002374,DLVCUST0000303,2022-12-04,ZONE0012,25.64,Economy,Normal,1390.99
DLVORD00002375,DLVCUST0000043,2023-04-05,ZONE0012,7.75,Express,Urgent,2043.06
DLVORD00002376,DLVCUST0000016,2024-04-20,ZONE0001,20.0,Next Day,Urgent,1306.38
DLVORD00002377,DLVCUST0000074,2022-02-11,ZONE0001,49.93,Standard,Urgent,365.77
DLVORD00002378,DLVCUST0000312,2023-04-07,ZONE0018,47.36,Economy,Urgent,1760.79
DLVORD00002379,DLVCUST0000212,2024-05-07,ZONE0016,44.27,Express,Urgent,3865.67
DLVORD00002380,DLVCUST0000291,2022-01-21,ZONE0007,11.35,Economy,Normal,3712.87
DLVORD00002381,DLVCUST0000252,2022-02-16,ZONE0017,31.13,Standard,Normal,3438.89
DLVORD00002382,DLVCUST0000025,2024-03-04,ZONE0005,14.56,Same Day,High,2166.8
DLVORD00002383,DLVCUST0000082,2024-07-29,ZONE0010,46.57,Standard,High,4089.56
DLVORD00002384,DLVCUST0000151,2022-07-12,ZONE0020,8.81,Economy,Urgent,4306.43
DLVORD00002385,DLVCUST0000215,2024-02-02,ZONE0002,28.63,Standard,High,2600.63
DLVORD00002386,DLVCUST0000049,2024-06-23,ZONE0008,43.49,Economy,Normal,1574.24
DLVORD00002387,DLVCUST0000020,2023-07-02,ZONE0020,27.41,Same Day,High,275.96
DLVORD00002388,DLVCUST0000336,2024-09-07,ZONE0002,2.45,Next Day,Urgent,2122.48
DLVORD00002389,DLVCUST0000215,2024-11-22,ZONE0002,39.75,Express,Normal,3114.84
DLVORD00002390,DLVCUST0000308,2023-03-04,ZONE0008,27.87,Economy,High,1771.34
DLVORD00002391,DLVCUST0000308,2022-05-26,ZONE0008,49.43,Express,High,2947.51
DLVORD00002392,DLVCUST0000250,2023-03-04,ZONE0009,47.53,Same Day,High,2396.46
DLVORD00002393,DLVCUST0000173,2024-03-03,ZONE0020,17.84,Express,High,4167.77
DLVORD00002394,DLVCUST0000268,2024-06-07,ZONE0009,28.03,Next Day,Urgent,3285.72
DLVORD00002395,DLVCUST0000230,2024-06-25,ZONE0002,31.9,Economy,Normal,2266.33
DLVORD00002396,DLVCUST0000146,2023-05-01,ZONE0018,43.99,Standard,Normal,2032.44
DLVORD00002397,DLVCUST0000021,2024-07-30,ZONE0019,29.77,Next Day,High,1255.86
DLVORD00002398,DLVCUST0000084,2024-05-20,ZONE0015,14.49,Same Day,Urgent,2860.18
DLVORD00002399,DLVCUST0000266,2024-10-02,ZONE0007,34.58,Same Day,High,3636.52
DLVORD00002400,DLVCUST0000235,2024-05-02,ZONE0012,17.96,Same Day,Normal,1581.05
DLVORD00002401,DLVCUST0000364,2024-10-09,ZONE0008,42.46,Same Day,Normal,2607.9
DLVORD00002402,DLVCUST0000272,2022-10-15,ZONE0013,13.87,Same Day,Normal,2467.82
DLVORD00002403,DLVCUST0000232,2022-08-05,ZONE0004,20.85,Next Day,Normal,2491.03
DLVORD00002404,DLVCUST0000324,2024-04-17,ZONE0005,7.28,Express,Normal,3806.79
DLVORD00002405,DLVCUST0000273,2023-09-07,ZONE0006,36.8,Next Day,High,4751.59
DLVORD00002406,DLVCUST0000306,2024-04-28,ZONE0004,8.39,Same Day,Urgent,4916.55
DLVORD00002407,DLVCUST0000124,2024-01-01,ZONE0017,48.01,Same Day,Normal,3052.85
DLVORD00002408,DLVCUST0000376,2023-06-28,ZONE0017,49.87,Express,Normal,3834.77
DLVORD00002409,DLVCUST0000204,2024-02-25,ZONE0005,49.85,Express,High,2074.44
DLVORD00002410,DLVCUST0000145,2022-01-23,ZONE0016,38.11,Same Day,Urgent,1032.99
DLVORD00002411,DLVCUST0000104,2024-07-19,ZONE0001,36.58,Next Day,Urgent,1230.64
DLVORD00002412,DLVCUST0000391,2022-07-21,ZONE0010,25.6,Economy,Normal,816.73
DLVORD00002413,DLVCUST0000037,2024-04-30,ZONE0005,45.48,Same Day,Urgent,439.09
DLVORD00002414,DLVCUST0000275,2023-01-30,ZONE0017,6.92,Standard,Urgent,3315.71
DLVORD00002415,DLVCUST0000399,2024-01-03,ZONE0011,16.82,Economy,Urgent,1508.74
DLVORD00002416,DLVCUST0000022,2024-10-09,ZONE0003,0.19,Same Day,Normal,1176.56
DLVORD00002417,DLVCUST0000242,2024-10-28,ZONE0013,12.76,Next Day,Urgent,4912.94
DLVORD00002418,DLVCUST0000283,2023-04-30,ZONE0013,40.45,Same Day,Normal,1307.89
DLVORD00002419,DLVCUST0000333,2024-08-30,ZONE0005,4.07,Same Day,Urgent,2961.45
DLVORD00002420,DLVCUST0000306,2024-06-01,ZONE0004,23.37,Next Day,Urgent,3455.03
DLVORD00002421,DLVCUST0000174,2022-08-14,ZONE0006,42.41,Economy,Normal,1572.23
DLVORD00002422,DLVCUST0000359,2024-08-17,ZONE0012,48.82,Standard,High,3359.3
DLVORD00002423,DLVCUST0000080,2022-05-03,ZONE0005,1.92,Same Day,Normal,4291.84
DLVORD00002424,DLVCUST0000325,2024-04-18,ZONE0013,29.99,Economy,Normal,4674.09
DLVORD00002425,DLVCUST0000283,2023-04-28,ZONE0013,32.24,Express,Normal,3240.41
DLVORD00002426,DLVCUST0000112,2024-11-22,ZONE0010,40.93,Express,High,107.74
DLVORD00002427,DLVCUST0000344,2023-01-19,ZONE0002,33.56,Economy,High,2944.79
DLVORD00002428,DLVCUST0000393,2024-03-02,ZONE0017,43.55,Next Day,Urgent,3270.38
DLVORD00002429,DLVCUST0000262,2023-08-21,ZONE0005,19.32,Standard,Normal,4471.0
DLVORD00002430,DLVCUST0000324,2023-07-13,ZONE0005,42.67,Express,Urgent,4369.74
DLVORD00002431,DLVCUST0000359,2022-06-10,ZONE0012,1.47,Standard,Urgent,3264.53
DLVORD00002432,DLVCUST0000162,2022-09-01,ZONE0001,33.71,Same Day,Normal,3588.17
DLVORD00002433,DLVCUST0000310,2023-10-19,ZONE0016,41.37,Same Day,High,464.7
DLVORD00002434,DLVCUST0000017,2024-01-01,ZONE0008,18.32,Standard,Normal,2770.74
DLVORD00002435,DLVCUST0000222,2022-10-19,ZONE0016,24.42,Next Day,Urgent,3756.45
DLVORD00002436,DLVCUST0000064,2023-02-07,ZONE0003,26.23,Next Day,High,1971.76
DLVORD00002437,DLVCUST0000323,2023-10-03,ZONE0007,26.08,Economy,High,60.96
DLVORD00002438,DLVCUST0000057,2024-08-12,ZONE0017,44.46,Standard,Normal,3744.59
DLVORD00002439,DLVCUST0000347,2024-11-03,ZONE0015,3.96,Express,Urgent,3373.35
DLVORD00002440,DLVCUST0000064,2022-10-24,ZONE0003,16.59,Next Day,High,4357.08
DLVORD00002441,DLVCUST0000212,2024-01-05,ZONE0016,7.99,Standard,High,2863.89
DLVORD00002442,DLVCUST0000068,2024-06-26,ZONE0012,37.99,Economy,High,2262.43
DLVORD00002443,DLVCUST0000041,2024-02-28,ZONE0008,17.58,Next Day,High,1876.03
DLVORD00002444,DLVCUST0000148,2023-06-23,ZONE0014,36.31,Same Day,Urgent,512.85
DLVORD00002445,DLVCUST0000143,2023-05-22,ZONE0012,24.1,Next Day,Normal,382.56
DLVORD00002446,DLVCUST0000289,2023-09-02,ZONE0012,36.14,Economy,Normal,1010.94
DLVORD00002447,DLVCUST0000008,2024-04-30,ZONE0006,41.18,Express,Normal,4248.31
DLVORD00002448,DLVCUST0000136,2022-11-16,ZONE0019,22.88,Same Day,Normal,4710.97
DLVORD00002449,DLVCUST0000307,2023-02-28,ZONE0006,37.57,Standard,Urgent,1185.67
DLVORD00002450,DLVCUST0000340,2023-07-03,ZONE0004,30.47,Economy,Urgent,3190.03
DLVORD00002451,DLVCUST0000382,2024-09-30,ZONE0006,48.97,Economy,High,4216.34
DLVORD00002452,DLVCUST0000012,2022-12-10,ZONE0014,42.04,Next Day,Normal,3146.38
DLVORD00002453,DLVCUST0000204,2024-02-15,ZONE0005,39.17,Standard,Normal,230.57
DLVORD00002454,DLVCUST0000124,2024-02-15,ZONE0017,3.63,Standard,Normal,1879.78
DLVORD00002455,DLVCUST0000277,2022-02-19,ZONE0004,41.66,Economy,Urgent,1762.34
DLVORD00002456,DLVCUST0000388,2023-08-09,ZONE0014,14.22,Economy,Urgent,2716.23
DLVORD00002457,DLVCUST0000269,2022-08-28,ZONE0015,27.1,Next Day,High,2146.7
DLVORD00002458,DLVCUST0000044,2022-03-08,ZONE0015,19.12,Standard,High,906.87
DLVORD00002459,DLVCUST0000066,2022-09-20,ZONE0011,2.89,Same Day,High,4732.73
DLVORD00002460,DLVCUST0000287,2022-11-11,ZONE0013,42.91,Same Day,Normal,1518.49
DLVORD00002461,DLVCUST0000205,2023-01-17,ZONE0013,14.89,Express,Normal,3663.38
DLVORD00002462,DLVCUST0000159,2023-09-25,ZONE0018,14.76,Standard,High,2340.35
DLVORD00002463,DLVCUST0000388,2023-02-17,ZONE0014,33.41,Next Day,Normal,4560.59
DLVORD00002464,DLVCUST0000255,2023-01-04,ZONE0016,47.46,Economy,Normal,829.86
DLVORD00002465,DLVCUST0000053,2023-04-22,ZONE0013,17.45,Next Day,High,51.98
DLVORD00002466,DLVCUST0000248,2024-04-30,ZONE0011,48.4,Economy,High,536.73
DLVORD00002467,DLVCUST0000274,2022-12-14,ZONE0017,14.38,Standard,High,952.52
DLVORD00002468,DLVCUST0000394,2024-06-15,ZONE0012,47.83,Same Day,Normal,3673.13
DLVORD00002469,DLVCUST0000386,2024-10-12,ZONE0014,15.33,Standard,High,612.44
DLVORD00002470,DLVCUST0000014,2023-07-26,ZONE0019,47.73,Express,Normal,2694.55
DLVORD00002471,DLVCUST0000002,2024-01-01,ZONE0016,47.2,Express,High,689.86
DLVORD00002472,DLVCUST0000124,2023-06-03,ZONE0017,3.25,Express,Urgent,4963.86
DLVORD00002473,DLVCUST0000018,2022-07-16,ZONE0013,46.8,Same Day,High,3304.24
DLVORD00002474,DLVCUST0000204,2024-12-02,ZONE0005,12.34,Economy,High,1068.23
DLVORD00002475,DLVCUST0000274,2022-04-01,ZONE0017,23.21,Same Day,High,524.33
DLVORD00002476,DLVCUST0000068,2024-07-26,ZONE0012,3.37,Next Day,Normal,3176.45
DLVORD00002477,DLVCUST0000055,2023-10-09,ZONE0019,28.63,Standard,Normal,3371.63
DLVORD00002478,DLVCUST0000255,2023-04-01,ZONE0016,19.23,Next Day,Urgent,1631.32
DLVORD00002479,DLVCUST0000124,2022-06-16,ZONE0017,19.89,Economy,Normal,4067.96
DLVORD00002480,DLVCUST0000061,2024-03-02,ZONE0013,13.37,Next Day,High,3589.59
DLVORD00002481,DLVCUST0000253,2023-07-19,ZONE0018,4.1,Same Day,Normal,1033.32
DLVORD00002482,DLVCUST0000070,2023-10-08,ZONE0010,31.91,Same Day,Normal,4399.18
DLVORD00002483,DLVCUST0000344,2024-07-04,ZONE0002,26.5,Standard,Urgent,2817.49
DLVORD00002484,DLVCUST0000085,2023-03-10,ZONE0010,21.45,Standard,Urgent,3131.11
DLVORD00002485,DLVCUST0000114,2024-03-19,ZONE0013,19.95,Next Day,Normal,3246.57
DLVORD00002486,DLVCUST0000315,2023-07-06,ZONE0011,12.02,Same Day,Normal,280.96
DLVORD00002487,DLVCUST0000037,2023-05-25,ZONE0005,47.08,Economy,Normal,1153.07
DLVORD00002488,DLVCUST0000131,2023-04-10,ZONE0005,39.67,Same Day,Normal,1732.15
DLVORD00002489,DLVCUST0000302,2023-07-02,ZONE0003,31.33,Express,High,4575.53
DLVORD00002490,DLVCUST0000039,2024-03-27,ZONE0012,33.99,Express,Urgent,4421.0
DLVORD00002491,DLVCUST0000298,2022-12-06,ZONE0015,31.95,Next Day,High,481.38
DLVORD00002492,DLVCUST0000184,2024-08-20,ZONE0012,8.19,Next Day,Urgent,270.74
DLVORD00002493,DLVCUST0000382,2022-04-18,ZONE0006,34.44,Express,High,2054.09
DLVORD00002494,DLVCUST0000026,2024-01-14,ZONE0019,3.7,Next Day,Urgent,1279.57
DLVORD00002495,DLVCUST0000220,2024-02-09,ZONE0002,36.88,Same Day,High,2403.12
DLVORD00002496,DLVCUST0000329,2023-05-21,ZONE0001,1.95,Standard,Normal,74.76
DLVORD00002497,DLVCUST0000089,2022-02-15,ZONE0004,27.65,Same Day,Normal,4123.01
DLVORD00002498,DLVCUST0000264,2022-11-28,ZONE0005,28.92,Same Day,Urgent,1053.04
DLVORD00002499,DLVCUST0000015,2024-03-10,ZONE0010,11.06,Same Day,Urgent,964.85
DLVORD00002500,DLVCUST0000193,2024-07-07,ZONE0016,41.31,Economy,Urgent,3984.26
DLVORD00002501,DLVCUST0000119,2024-04-29,ZONE0002,0.71,Same Day,Urgent,3701.52
DLVORD00002502,DLVCUST0000341,2022-07-18,ZONE0019,44.39,Standard,High,2843.38
DLVORD00002503,DLVCUST0000077,2023-06-14,ZONE0010,12.46,Standard,High,3915.2
DLVORD00002504,DLVCUST0000099,2024-03-20,ZONE0002,5.61,Standard,High,4003.13
DLVORD00002505,DLVCUST0000045,2024-11-19,ZONE0016,1.83,Standard,Normal,223.15
DLVORD00002506,DLVCUST0000376,2023-04-11,ZONE0017,38.8,Standard,High,4297.02
DLVORD00002507,DLVCUST0000356,2024-08-17,ZONE0014,2.04,Same Day,High,3125.53
DLVORD00002508,DLVCUST0000355,2023-06-03,ZONE0009,48.85,Economy,Urgent,450.24
DLVORD00002509,DLVCUST0000155,2022-12-24,ZONE0015,33.39,Same Day,Normal,776.12
DLVORD00002510,DLVCUST0000058,2024-03-22,ZONE0018,35.37,Standard,Normal,2823.15
DLVORD00002511,DLVCUST0000061,2022-01-17,ZONE0013,15.38,Standard,Normal,3954.86
DLVORD00002512,DLVCUST0000264,2024-09-27,ZONE0005,20.46,Economy,Urgent,2709.82
DLVORD00002513,DLVCUST0000027,2022-03-12,ZONE0013,25.44,Same Day,Normal,347.93
DLVORD00002514,DLVCUST0000220,2023-08-20,ZONE0002,25.73,Next Day,High,3361.34
DLVORD00002515,DLVCUST0000095,2022-06-11,ZONE0014,13.11,Standard,Normal,3779.27
DLVORD00002516,DLVCUST0000055,2023-05-24,ZONE0019,36.9,Express,Normal,1601.34
DLVORD00002517,DLVCUST0000212,2024-06-10,ZONE0016,37.03,Standard,Urgent,1054.45
DLVORD00002518,DLVCUST0000143,2023-12-05,ZONE0012,6.6,Same Day,Normal,2758.54
DLVORD00002519,DLVCUST0000200,2023-01-19,ZONE0020,8.86,Express,Urgent,4515.58
DLVORD00002520,DLVCUST0000148,2024-05-11,ZONE0014,8.53,Express,High,3188.66
DLVORD00002521,DLVCUST0000252,2022-07-26,ZONE0017,36.39,Economy,Urgent,493.31
DLVORD00002522,DLVCUST0000171,2024-10-06,ZONE0015,19.71,Express,High,655.49
DLVORD00002523,DLVCUST0000043,2023-11-14,ZONE0012,25.67,Standard,Normal,4249.49
DLVORD00002524,DLVCUST0000138,2024-06-10,ZONE0005,17.81,Economy,High,4268.63
DLVORD00002525,DLVCUST0000227,2024-08-13,ZONE0011,8.63,Express,Normal,4111.7
DLVORD00002526,DLVCUST0000062,2024-03-24,ZONE0001,45.02,Economy,Urgent,1952.47
DLVORD00002527,DLVCUST0000217,2023-05-30,ZONE0003,30.64,Next Day,Urgent,2898.06
DLVORD00002528,DLVCUST0000303,2024-11-11,ZONE0012,2.1,Same Day,High,4349.05
DLVORD00002529,DLVCUST0000213,2022-11-02,ZONE0011,41.63,Express,Normal,1708.58
DLVORD00002530,DLVCUST0000261,2022-08-16,ZONE0005,46.87,Same Day,Normal,874.43
DLVORD00002531,DLVCUST0000371,2024-08-30,ZONE0005,47.26,Standard,Urgent,1946.55
DLVORD00002532,DLVCUST0000041,2023-02-11,ZONE0008,38.3,Next Day,Urgent,4215.98
DLVORD00002533,DLVCUST0000082,2024-04-23,ZONE0010,40.73,Economy,Normal,2881.13
DLVORD00002534,DLVCUST0000099,2023-02-11,ZONE0002,23.17,Express,Urgent,1525.51
DLVORD00002535,DLVCUST0000062,2023-02-23,ZONE0001,46.4,Same Day,Urgent,3249.65
DLVORD00002536,DLVCUST0000031,2024-11-07,ZONE0004,31.91,Standard,Normal,1070.44
DLVORD00002537,DLVCUST0000011,2023-05-01,ZONE0019,20.48,Standard,High,1675.77
DLVORD00002538,DLVCUST0000110,2022-12-22,ZONE0014,7.86,Economy,High,82.94
DLVORD00002539,DLVCUST0000338,2022-11-12,ZONE0004,14.94,Standard,High,1907.11
DLVORD00002540,DLVCUST0000115,2023-12-30,ZONE0001,7.91,Standard,Normal,194.46
DLVORD00002541,DLVCUST0000128,2023-06-01,ZONE0019,25.17,Next Day,Urgent,183.38
DLVORD00002542,DLVCUST0000084,2023-10-08,ZONE0015,26.54,Express,Urgent,3480.27
DLVORD00002543,DLVCUST0000035,2024-07-04,ZONE0004,2.74,Standard,Normal,3153.69
DLVORD00002544,DLVCUST0000113,2024-06-06,ZONE0007,5.59,Economy,High,3226.59
DLVORD00002545,DLVCUST0000075,2023-04-29,ZONE0004,27.58,Same Day,Normal,1259.02
DLVORD00002546,DLVCUST0000040,2024-01-19,ZONE0005,5.34,Next Day,Normal,4740.02
DLVORD00002547,DLVCUST0000012,2023-10-21,ZONE0014,47.84,Express,High,3383.55
DLVORD00002548,DLVCUST0000352,2023-05-02,ZONE0005,26.46,Same Day,Urgent,2986.66
DLVORD00002549,DLVCUST0000105,2024-02-07,ZONE0009,5.48,Express,Normal,305.91
DLVORD00002550,DLVCUST0000120,2024-02-20,ZONE0001,32.26,Standard,High,4775.72
DLVORD00002551,DLVCUST0000105,2024-07-30,ZONE0009,29.97,Standard,Normal,178.92
DLVORD00002552,DLVCUST0000331,2023-11-23,ZONE0002,35.07,Standard,High,4810.02
DLVORD00002553,DLVCUST0000090,2023-11-21,ZONE0012,46.23,Next Day,High,1073.92
DLVORD00002554,DLVCUST0000212,2024-03-17,ZONE0016,22.71,Next Day,High,823.24
DLVORD00002555,DLVCUST0000001,2023-06-26,ZONE0003,1.24,Express,Urgent,1403.3
DLVORD00002556,DLVCUST0000304,2024-11-21,ZONE0014,12.95,Economy,Urgent,4531.11
DLVORD00002557,DLVCUST0000072,2023-12-19,ZONE0019,30.29,Economy,Normal,582.32
DLVORD00002558,DLVCUST0000102,2024-11-08,ZONE0020,37.01,Standard,Normal,1381.62
DLVORD00002559,DLVCUST0000045,2022-10-26,ZONE0016,45.93,Next Day,Normal,3418.83
DLVORD00002560,DLVCUST0000193,2022-06-01,ZONE0016,15.59,Economy,Normal,2956.39
DLVORD00002561,DLVCUST0000321,2022-10-10,ZONE0017,41.48,Economy,Urgent,3046.94
DLVORD00002562,DLVCUST0000141,2024-02-11,ZONE0012,2.1,Express,Urgent,2793.15
DLVORD00002563,DLVCUST0000369,2023-12-28,ZONE0004,18.55,Economy,High,3298.24
DLVORD00002564,DLVCUST0000219,2023-10-18,ZONE0018,33.0,Same Day,Normal,1936.67
DLVORD00002565,DLVCUST0000132,2024-05-29,ZONE0017,6.81,Same Day,Urgent,2931.74
DLVORD00002566,DLVCUST0000048,2022-07-19,ZONE0011,35.19,Express,Normal,2312.9
DLVORD00002567,DLVCUST0000348,2022-11-08,ZONE0008,8.69,Express,Normal,121.02
DLVORD00002568,DLVCUST0000062,2023-09-11,ZONE0001,3.06,Standard,Urgent,1998.81
DLVORD00002569,DLVCUST0000139,2022-11-19,ZONE0002,13.14,Economy,High,1994.74
DLVORD00002570,DLVCUST0000228,2024-04-12,ZONE0018,22.11,Standard,High,2757.62
DLVORD00002571,DLVCUST0000372,2024-04-10,ZONE0004,35.45,Same Day,High,324.07
DLVORD00002572,DLVCUST0000153,2023-11-26,ZONE0016,27.54,Standard,High,1536.83
DLVORD00002573,DLVCUST0000155,2023-06-10,ZONE0015,3.25,Same Day,High,448.24
DLVORD00002574,DLVCUST0000021,2024-04-26,ZONE0019,46.96,Same Day,High,3743.98
DLVORD00002575,DLVCUST0000358,2024-02-11,ZONE0018,19.46,Next Day,Urgent,2156.63
DLVORD00002576,DLVCUST0000275,2023-10-31,ZONE0017,42.49,Same Day,Normal,2552.29
DLVORD00002577,DLVCUST0000142,2023-11-02,ZONE0002,48.76,Next Day,Urgent,2153.6
DLVORD00002578,DLVCUST0000079,2023-12-15,ZONE0012,26.55,Economy,Normal,4466.22
DLVORD00002579,DLVCUST0000173,2023-04-14,ZONE0020,32.5,Next Day,Urgent,4149.68
DLVORD00002580,DLVCUST0000305,2023-11-06,ZONE0013,40.45,Standard,High,2984.17
DLVORD00002581,DLVCUST0000301,2023-04-01,ZONE0006,2.53,Next Day,Normal,3910.17
DLVORD00002582,DLVCUST0000056,2023-10-31,ZONE0004,46.54,Next Day,High,3043.17
DLVORD00002583,DLVCUST0000392,2024-02-27,ZONE0014,26.25,Express,Urgent,2669.66
DLVORD00002584,DLVCUST0000272,2022-08-26,ZONE0013,46.44,Standard,Urgent,578.04
DLVORD00002585,DLVCUST0000287,2023-11-13,ZONE0013,27.37,Express,Normal,3768.77
DLVORD00002586,DLVCUST0000037,2023-10-08,ZONE0005,2.12,Next Day,Normal,2414.63
DLVORD00002587,DLVCUST0000174,2023-06-17,ZONE0006,38.24,Same Day,Urgent,3506.54
DLVORD00002588,DLVCUST0000139,2023-01-11,ZONE0002,47.06,Next Day,Urgent,3304.67
DLVORD00002589,DLVCUST0000352,2022-03-13,ZONE0005,5.14,Economy,Urgent,3419.51
DLVORD00002590,DLVCUST0000082,2024-03-16,ZONE0010,40.16,Next Day,Normal,2827.09
DLVORD00002591,DLVCUST0000267,2024-11-13,ZONE0010,26.65,Same Day,Urgent,2586.36
DLVORD00002592,DLVCUST0000119,2024-09-30,ZONE0002,22.6,Next Day,Urgent,1417.94
DLVORD00002593,DLVCUST0000009,2023-01-06,ZONE0019,21.82,Express,Urgent,4653.87
DLVORD00002594,DLVCUST0000301,2022-10-04,ZONE0006,6.54,Standard,Urgent,868.96
DLVORD00002595,DLVCUST0000337,2023-11-28,ZONE0004,32.57,Economy,High,678.04
DLVORD00002596,DLVCUST0000306,2024-12-30,ZONE0004,32.1,Next Day,Urgent,952.15
DLVORD00002597,DLVCUST0000228,2024-03-31,ZONE0018,32.31,Next Day,Urgent,4891.31
DLVORD00002598,DLVCUST0000250,2024-06-29,ZONE0009,44.25,Next Day,Normal,44.98
DLVORD00002599,DLVCUST0000222,2024-07-02,ZONE0016,21.04,Express,Normal,2194.62
DLVORD00002600,DLVCUST0000036,2024-12-30,ZONE0005,2.13,Express,High,3888.8
DLVORD00002601,DLVCUST0000348,2023-04-26,ZONE0008,2.47,Standard,High,1750.2
DLVORD00002602,DLVCUST0000054,2023-03-03,ZONE0014,46.9,Economy,Urgent,2950.18
DLVORD00002603,DLVCUST0000311,2024-12-03,ZONE0006,49.58,Same Day,High,3078.9
DLVORD00002604,DLVCUST0000173,2024-10-18,ZONE0020,17.76,Express,Urgent,4852.57
DLVORD00002605,DLVCUST0000120,2022-03-02,ZONE0001,29.26,Standard,High,1673.04
DLVORD00002606,DLVCUST0000055,2024-02-04,ZONE0019,13.65,Next Day,Urgent,13.1
DLVORD00002607,DLVCUST0000246,2023-06-06,ZONE0020,15.67,Same Day,High,2703.35
DLVORD00002608,DLVCUST0000318,2024-04-11,ZONE0017,17.77,Standard,Normal,4336.84
DLVORD00002609,DLVCUST0000074,2022-12-30,ZONE0001,39.91,Economy,High,2666.2
DLVORD00002610,DLVCUST0000185,2024-03-08,ZONE0007,7.92,Economy,High,4708.45
DLVORD00002611,DLVCUST0000355,2024-04-15,ZONE0009,31.06,Same Day,Normal,4854.54
DLVORD00002612,DLVCUST0000146,2024-04-25,ZONE0018,41.91,Economy,Normal,3528.46
DLVORD00002613,DLVCUST0000210,2023-08-07,ZONE0009,18.09,Express,Normal,1053.92
DLVORD00002614,DLVCUST0000264,2023-05-04,ZONE0005,19.48,Standard,Normal,509.11
DLVORD00002615,DLVCUST0000201,2023-03-23,ZONE0010,25.82,Same Day,Urgent,2811.82
DLVORD00002616,DLVCUST0000064,2022-02-27,ZONE0003,32.16,Same Day,Urgent,692.0
DLVORD00002617,DLVCUST0000214,2022-08-22,ZONE0015,8.71,Express,Normal,2286.76
DLVORD00002618,DLVCUST0000020,2022-10-14,ZONE0020,29.32,Express,Urgent,4167.53
DLVORD00002619,DLVCUST0000266,2023-03-27,ZONE0007,29.13,Next Day,High,3410.45
DLVORD00002620,DLVCUST0000396,2024-12-19,ZONE0003,36.38,Next Day,High,4083.28
DLVORD00002621,DLVCUST0000399,2024-09-02,ZONE0011,1.05,Standard,High,874.36
DLVORD00002622,DLVCUST0000040,2024-04-28,ZONE0005,27.62,Same Day,Normal,816.45
DLVORD00002623,DLVCUST0000349,2023-11-05,ZONE0001,29.01,Economy,Urgent,269.07
DLVORD00002624,DLVCUST0000297,2024-07-30,ZONE0019,15.77,Express,Normal,1512.35
DLVORD00002625,DLVCUST0000172,2022-05-24,ZONE0020,39.59,Economy,Normal,4292.64
DLVORD00002626,DLVCUST0000041,2023-09-12,ZONE0008,34.92,Standard,Urgent,389.11
DLVORD00002627,DLVCUST0000301,2022-09-30,ZONE0006,9.84,Next Day,High,971.55
DLVORD00002628,DLVCUST0000383,2023-05-28,ZONE0009,4.83,Next Day,Normal,1325.79
DLVORD00002629,DLVCUST0000027,2024-05-27,ZONE0013,13.58,Next Day,Urgent,1065.3
DLVORD00002630,DLVCUST0000066,2024-06-17,ZONE0011,26.6,Standard,High,788.7
DLVORD00002631,DLVCUST0000275,2023-10-29,ZONE0017,17.99,Next Day,Normal,3413.25
DLVORD00002632,DLVCUST0000294,2024-07-23,ZONE0002,24.9,Express,Urgent,98.43
DLVORD00002633,DLVCUST0000260,2022-02-25,ZONE0004,23.59,Express,High,2759.8
DLVORD00002634,DLVCUST0000212,2024-11-20,ZONE0016,10.16,Same Day,High,2517.26
DLVORD00002635,DLVCUST0000105,2024-08-16,ZONE0009,5.93,Same Day,Normal,1151.59
DLVORD00002636,DLVCUST0000381,2022-03-04,ZONE0013,0.84,Next Day,Normal,1784.42
DLVORD00002637,DLVCUST0000007,2022-06-16,ZONE0020,27.63,Standard,Normal,217.6
DLVORD00002638,DLVCUST0000071,2023-09-25,ZONE0001,5.8,Express,Normal,4903.96
DLVORD00002639,DLVCUST0000213,2023-06-17,ZONE0011,3.9,Standard,Urgent,2791.04
DLVORD00002640,DLVCUST0000310,2024-11-10,ZONE0016,30.11,Standard,Normal,3497.66
DLVORD00002641,DLVCUST0000217,2024-09-26,ZONE0003,14.34,Economy,Normal,3678.83
DLVORD00002642,DLVCUST0000308,2023-07-23,ZONE0008,30.2,Next Day,Urgent,3892.72
DLVORD00002643,DLVCUST0000033,2022-03-30,ZONE0002,20.19,Standard,Urgent,532.5
DLVORD00002644,DLVCUST0000204,2024-07-18,ZONE0005,6.3,Express,High,2811.65
DLVORD00002645,DLVCUST0000140,2023-12-09,ZONE0006,4.66,Express,Normal,2131.38
DLVORD00002646,DLVCUST0000355,2023-12-24,ZONE0009,33.39,Economy,High,1369.22
DLVORD00002647,DLVCUST0000371,2024-12-25,ZONE0005,19.38,Express,High,2656.99
DLVORD00002648,DLVCUST0000299,2024-09-07,ZONE0018,44.14,Economy,Urgent,1628.69
DLVORD00002649,DLVCUST0000141,2024-02-06,ZONE0012,31.62,Economy,Urgent,1564.27
DLVORD00002650,DLVCUST0000235,2024-02-10,ZONE0012,38.48,Standard,Urgent,1077.32
DLVORD00002651,DLVCUST0000077,2023-01-02,ZONE0010,28.53,Same Day,High,203.78
DLVORD00002652,DLVCUST0000331,2022-08-02,ZONE0002,9.42,Next Day,High,1628.42
DLVORD00002653,DLVCUST0000046,2023-09-04,ZONE0002,48.48,Economy,Urgent,2405.46
DLVORD00002654,DLVCUST0000112,2024-12-30,ZONE0010,34.9,Same Day,Normal,1104.77
DLVORD00002655,DLVCUST0000255,2023-10-13,ZONE0016,21.85,Standard,Normal,2572.9
DLVORD00002656,DLVCUST0000244,2024-05-15,ZONE0009,0.22,Economy,Normal,1275.8
DLVORD00002657,DLVCUST0000206,2023-06-28,ZONE0005,14.55,Standard,High,974.02
DLVORD00002658,DLVCUST0000359,2023-10-26,ZONE0012,24.51,Standard,Urgent,2898.37
DLVORD00002659,DLVCUST0000389,2024-07-21,ZONE0017,33.06,Express,High,2331.9
DLVORD00002660,DLVCUST0000229,2024-03-25,ZONE0018,32.73,Standard,Urgent,4368.43
DLVORD00002661,DLVCUST0000089,2024-05-25,ZONE0004,9.16,Next Day,High,4966.67
DLVORD00002662,DLVCUST0000159,2022-06-05,ZONE0018,20.9,Next Day,High,1878.5
DLVORD00002663,DLVCUST0000396,2023-07-20,ZONE0003,46.37,Same Day,Urgent,3957.21
DLVORD00002664,DLVCUST0000080,2024-01-24,ZONE0005,29.7,Same Day,High,203.24
DLVORD00002665,DLVCUST0000394,2023-12-02,ZONE0012,24.33,Economy,Urgent,3098.7
DLVORD00002666,DLVCUST0000227,2024-10-10,ZONE0011,1.98,Same Day,High,4562.99
DLVORD00002667,DLVCUST0000208,2023-12-12,ZONE0009,15.26,Express,High,1739.62
DLVORD00002668,DLVCUST0000282,2024-12-07,ZONE0004,11.51,Same Day,Urgent,192.58
DLVORD00002669,DLVCUST0000298,2024-12-01,ZONE0015,35.05,Express,Normal,3669.26
DLVORD00002670,DLVCUST0000057,2022-03-21,ZONE0017,15.27,Next Day,High,2340.37
DLVORD00002671,DLVCUST0000074,2024-06-30,ZONE0001,9.16,Same Day,Urgent,1664.37
DLVORD00002672,DLVCUST0000018,2022-06-02,ZONE0013,40.96,Express,Normal,1189.65
DLVORD00002673,DLVCUST0000216,2023-10-22,ZONE0002,47.73,Standard,High,2331.03
DLVORD00002674,DLVCUST0000096,2022-05-01,ZONE0005,36.91,Express,Normal,1692.52
DLVORD00002675,DLVCUST0000386,2023-11-06,ZONE0014,38.92,Economy,Normal,2435.4
DLVORD00002676,DLVCUST0000109,2022-08-06,ZONE0019,21.41,Economy,High,273.33
DLVORD00002677,DLVCUST0000097,2023-05-02,ZONE0020,27.0,Express,Normal,3814.27
DLVORD00002678,DLVCUST0000039,2023-12-14,ZONE0012,33.34,Next Day,High,1086.7
DLVORD00002679,DLVCUST0000241,2024-10-11,ZONE0004,10.09,Economy,Normal,514.19
DLVORD00002680,DLVCUST0000071,2024-04-08,ZONE0001,46.93,Economy,High,1112.39
DLVORD00002681,DLVCUST0000039,2023-11-23,ZONE0012,0.25,Standard,Normal,2795.21
DLVORD00002682,DLVCUST0000055,2023-06-10,ZONE0019,26.14,Next Day,High,4356.89
DLVORD00002683,DLVCUST0000310,2023-09-15,ZONE0016,3.74,Next Day,Normal,4202.77
DLVORD00002684,DLVCUST0000099,2023-06-30,ZONE0002,7.15,Express,Urgent,1929.05
DLVORD00002685,DLVCUST0000027,2023-03-12,ZONE0013,40.66,Next Day,Normal,3748.89
DLVORD00002686,DLVCUST0000133,2023-10-11,ZONE0012,10.21,Next Day,Urgent,714.6
DLVORD00002687,DLVCUST0000049,2023-06-19,ZONE0008,36.41,Standard,Urgent,1881.27
DLVORD00002688,DLVCUST0000380,2024-05-04,ZONE0004,43.43,Next Day,Normal,4981.94
DLVORD00002689,DLVCUST0000007,2023-08-19,ZONE0020,28.61,Next Day,Urgent,4936.29
DLVORD00002690,DLVCUST0000353,2023-10-01,ZONE0005,24.86,Same Day,Normal,1208.98
DLVORD00002691,DLVCUST0000027,2022-12-16,ZONE0013,47.7,Economy,Normal,4159.71
DLVORD00002692,DLVCUST0000126,2022-10-19,ZONE0009,10.2,Next Day,Urgent,2658.42
DLVORD00002693,DLVCUST0000270,2024-09-14,ZONE0013,40.14,Next Day,Urgent,1415.87
DLVORD00002694,DLVCUST0000088,2022-02-13,ZONE0007,28.37,Economy,High,1896.33
DLVORD00002695,DLVCUST0000175,2024-02-21,ZONE0003,15.79,Next Day,Normal,264.3
DLVORD00002696,DLVCUST0000336,2023-12-01,ZONE0002,37.23,Economy,Normal,56.28
DLVORD00002697,DLVCUST0000173,2023-11-02,ZONE0020,14.86,Standard,Urgent,2089.53
DLVORD00002698,DLVCUST0000121,2023-10-18,ZONE0015,25.15,Economy,High,3459.0
DLVORD00002699,DLVCUST0000372,2024-03-15,ZONE0004,1.2,Next Day,Urgent,3308.0
DLVORD00002700,DLVCUST0000280,2024-07-05,ZONE0018,47.09,Same Day,Urgent,4194.8
DLVORD00002701,DLVCUST0000377,2024-12-02,ZONE0001,0.89,Standard,High,902.86
DLVORD00002702,DLVCUST0000098,2022-06-27,ZONE0017,46.39,Standard,High,2443.65
DLVORD00002703,DLVCUST0000142,2024-05-18,ZONE0002,19.01,Express,High,4805.51
DLVORD00002704,DLVCUST0000110,2023-07-16,ZONE0014,24.25,Next Day,High,4805.23
DLVORD00002705,DLVCUST0000218,2024-07-18,ZONE0003,28.63,Same Day,High,1999.81
DLVORD00002706,DLVCUST0000097,2024-07-08,ZONE0020,33.94,Standard,Urgent,4018.87
DLVORD00002707,DLVCUST0000291,2024-05-24,ZONE0007,38.95,Express,Urgent,3102.63
DLVORD00002708,DLVCUST0000392,2024-01-09,ZONE0014,37.76,Economy,High,1590.6
DLVORD00002709,DLVCUST0000192,2023-11-29,ZONE0002,12.64,Next Day,High,4021.78
DLVORD00002710,DLVCUST0000328,2023-07-08,ZONE0019,26.79,Same Day,Normal,1362.23
DLVORD00002711,DLVCUST0000050,2022-09-23,ZONE0013,13.59,Standard,Urgent,929.99
DLVORD00002712,DLVCUST0000172,2024-09-04,ZONE0020,17.6,Economy,Normal,3104.89
DLVORD00002713,DLVCUST0000378,2024-05-31,ZONE0019,30.83,Express,Normal,3430.98
DLVORD00002714,DLVCUST0000155,2022-05-22,ZONE0015,1.31,Economy,Normal,1516.62
DLVORD00002715,DLVCUST0000166,2024-01-12,ZONE0019,34.35,Express,Urgent,2021.16
DLVORD00002716,DLVCUST0000355,2024-01-26,ZONE0009,33.14,Next Day,Urgent,2241.65
DLVORD00002717,DLVCUST0000375,2024-12-15,ZONE0007,32.99,Same Day,High,1888.24
DLVORD00002718,DLVCUST0000040,2024-12-11,ZONE0005,14.02,Next Day,Urgent,2906.03
DLVORD00002719,DLVCUST0000296,2024-08-09,ZONE0014,16.61,Standard,High,1805.1
DLVORD00002720,DLVCUST0000020,2023-05-30,ZONE0020,25.77,Economy,Urgent,3181.94
DLVORD00002721,DLVCUST0000370,2023-11-27,ZONE0018,26.46,Economy,Urgent,2715.21
DLVORD00002722,DLVCUST0000024,2024-11-18,ZONE0019,48.12,Express,Urgent,4350.7
DLVORD00002723,DLVCUST0000342,2024-05-03,ZONE0001,11.7,Express,Normal,2113.08
DLVORD00002724,DLVCUST0000052,2023-05-02,ZONE0013,43.71,Economy,Urgent,4991.61
DLVORD00002725,DLVCUST0000130,2023-08-25,ZONE0008,40.29,Next Day,Urgent,1430.87
DLVORD00002726,DLVCUST0000315,2022-01-09,ZONE0011,12.79,Economy,High,671.62
DLVORD00002727,DLVCUST0000101,2023-10-29,ZONE0019,47.93,Next Day,Urgent,4989.83
DLVORD00002728,DLVCUST0000104,2022-04-08,ZONE0001,30.79,Economy,High,1748.06
DLVORD00002729,DLVCUST0000316,2022-06-24,ZONE0016,17.85,Same Day,Urgent,302.45
DLVORD00002730,DLVCUST0000019,2023-10-12,ZONE0008,45.02,Same Day,High,4804.42
DLVORD00002731,DLVCUST0000047,2024-06-16,ZONE0017,49.58,Next Day,Normal,579.2
DLVORD00002732,DLVCUST0000082,2023-03-12,ZONE0010,17.59,Economy,High,4186.29
DLVORD00002733,DLVCUST0000127,2024-07-28,ZONE0009,36.69,Express,Normal,2000.72
DLVORD00002734,DLVCUST0000381,2022-10-27,ZONE0013,16.17,Express,Normal,1612.61
DLVORD00002735,DLVCUST0000034,2023-12-27,ZONE0004,33.5,Next Day,Urgent,3974.15
DLVORD00002736,DLVCUST0000153,2023-07-24,ZONE0016,16.28,Express,Urgent,3024.31
DLVORD00002737,DLVCUST0000067,2024-10-09,ZONE0010,7.77,Standard,Normal,2319.7
DLVORD00002738,DLVCUST0000161,2022-11-19,ZONE0009,39.68,Economy,Normal,3060.28
DLVORD00002739,DLVCUST0000323,2024-08-22,ZONE0007,34.38,Standard,Normal,1311.05
DLVORD00002740,DLVCUST0000082,2023-08-21,ZONE0010,18.36,Same Day,High,3708.05
DLVORD00002741,DLVCUST0000231,2023-06-22,ZONE0016,1.39,Economy,High,1920.63
DLVORD00002742,DLVCUST0000334,2022-10-24,ZONE0010,33.68,Standard,High,154.02
DLVORD00002743,DLVCUST0000139,2024-02-24,ZONE0002,8.1,Economy,High,4708.45
DLVORD00002744,DLVCUST0000293,2024-06-10,ZONE0008,45.46,Economy,Urgent,2835.48
DLVORD00002745,DLVCUST0000130,2023-03-04,ZONE0008,2.54,Same Day,High,2170.46
DLVORD00002746,DLVCUST0000107,2024-10-01,ZONE0007,35.38,Express,Normal,1274.39
DLVORD00002747,DLVCUST0000148,2023-06-04,ZONE0014,12.79,Express,Normal,1480.18
DLVORD00002748,DLVCUST0000254,2024-06-06,ZONE0002,3.62,Standard,High,1070.21
DLVORD00002749,DLVCUST0000023,2023-02-25,ZONE0004,43.47,Economy,High,44.58
DLVORD00002750,DLVCUST0000270,2024-07-20,ZONE0013,19.48,Express,Urgent,2206.62
DLVORD00002751,DLVCUST0000060,2023-12-11,ZONE0003,18.63,Express,Urgent,2212.84
DLVORD00002752,DLVCUST0000182,2023-05-29,ZONE0020,39.69,Same Day,Urgent,2644.46
DLVORD00002753,DLVCUST0000192,2023-02-21,ZONE0002,15.16,Economy,Normal,2054.06
DLVORD00002754,DLVCUST0000269,2023-05-10,ZONE0015,19.09,Economy,High,2640.79
DLVORD00002755,DLVCUST0000161,2023-10-28,ZONE0009,45.19,Express,High,3077.63
DLVORD00002756,DLVCUST0000088,2024-06-11,ZONE0007,2.71,Next Day,High,1451.35
DLVORD00002757,DLVCUST0000126,2022-09-19,ZONE0009,5.78,Next Day,High,2307.12
DLVORD00002758,DLVCUST0000202,2024-05-12,ZONE0018,0.33,Next Day,Urgent,4271.32
DLVORD00002759,DLVCUST0000363,2024-07-28,ZONE0018,27.44,Standard,Normal,2096.59
DLVORD00002760,DLVCUST0000128,2024-01-06,ZONE0019,6.13,Next Day,High,3626.65
DLVORD00002761,DLVCUST0000044,2023-02-03,ZONE0015,18.53,Economy,Urgent,4545.09
DLVORD00002762,DLVCUST0000144,2023-10-15,ZONE0001,39.41,Next Day,Urgent,475.88
DLVORD00002763,DLVCUST0000386,2024-07-13,ZONE0014,9.17,Economy,Urgent,4493.23
DLVORD00002764,DLVCUST0000292,2023-04-11,ZONE0016,45.07,Standard,High,1789.77
DLVORD00002765,DLVCUST0000332,2023-09-27,ZONE0016,16.98,Express,Urgent,3322.69
DLVORD00002766,DLVCUST0000391,2023-01-07,ZONE0010,3.82,Economy,High,2483.59
DLVORD00002767,DLVCUST0000262,2023-01-03,ZONE0005,15.26,Next Day,Normal,2157.46
DLVORD00002768,DLVCUST0000215,2024-07-28,ZONE0002,15.94,Economy,High,744.31
DLVORD00002769,DLVCUST0000109,2022-11-29,ZONE0019,48.35,Next Day,Normal,4172.71
DLVORD00002770,DLVCUST0000237,2022-12-07,ZONE0001,35.06,Express,High,2232.74
DLVORD00002771,DLVCUST0000361,2023-02-01,ZONE0016,1.85,Standard,High,2075.01
DLVORD00002772,DLVCUST0000309,2022-02-12,ZONE0013,38.52,Standard,Urgent,4817.8
DLVORD00002773,DLVCUST0000124,2023-07-26,ZONE0017,45.56,Express,Normal,2915.02
DLVORD00002774,DLVCUST0000068,2024-06-09,ZONE0012,36.5,Next Day,Urgent,1657.75
DLVORD00002775,DLVCUST0000147,2024-02-25,ZONE0016,34.22,Same Day,Normal,3921.1
DLVORD00002776,DLVCUST0000229,2024-04-24,ZONE0018,32.72,Same Day,Urgent,1770.94
DLVORD00002777,DLVCUST0000365,2022-12-17,ZONE0005,6.66,Same Day,High,3950.05
DLVORD00002778,DLVCUST0000386,2023-03-04,ZONE0014,12.62,Economy,Normal,3615.57
DLVORD00002779,DLVCUST0000058,2023-09-23,ZONE0018,43.6,Same Day,High,1668.58
DLVORD00002780,DLVCUST0000251,2022-06-13,ZONE0015,46.89,Express,High,3156.18
DLVORD00002781,DLVCUST0000004,2024-12-09,ZONE0017,2.74,Same Day,Normal,2686.51
DLVORD00002782,DLVCUST0000159,2022-05-21,ZONE0018,12.22,Same Day,High,4371.43
DLVORD00002783,DLVCUST0000106,2024-10-10,ZONE0019,11.33,Standard,High,4220.4
DLVORD00002784,DLVCUST0000385,2023-09-07,ZONE0018,40.4,Same Day,Normal,1405.66
DLVORD00002785,DLVCUST0000067,2023-12-01,ZONE0010,14.26,Economy,Urgent,1963.61
DLVORD00002786,DLVCUST0000088,2022-01-19,ZONE0007,24.76,Economy,Urgent,2614.0
DLVORD00002787,DLVCUST0000011,2023-04-17,ZONE0019,31.26,Same Day,Urgent,216.48
DLVORD00002788,DLVCUST0000015,2024-09-21,ZONE0010,18.64,Standard,Urgent,3328.5
DLVORD00002789,DLVCUST0000017,2023-07-08,ZONE0008,45.01,Express,Normal,2587.59
DLVORD00002790,DLVCUST0000011,2023-02-13,ZONE0019,29.65,Express,High,49.88
DLVORD00002791,DLVCUST0000051,2023-10-29,ZONE0016,1.15,Next Day,Urgent,1744.9
DLVORD00002792,DLVCUST0000049,2022-10-24,ZONE0008,21.39,Economy,Urgent,297.56
DLVORD00002793,DLVCUST0000278,2023-12-13,ZONE0010,14.61,Same Day,Normal,2912.61
DLVORD00002794,DLVCUST0000021,2024-05-31,ZONE0019,48.53,Standard,High,3557.51
DLVORD00002795,DLVCUST0000241,2024-12-25,ZONE0004,40.65,Same Day,Normal,2287.56
DLVORD00002796,DLVCUST0000015,2024-01-20,ZONE0010,14.58,Next Day,High,4865.48
DLVORD00002797,DLVCUST0000273,2023-08-02,ZONE0006,28.34,Express,High,2476.1
DLVORD00002798,DLVCUST0000117,2023-02-13,ZONE0015,1.17,Standard,Urgent,3950.39
DLVORD00002799,DLVCUST0000241,2024-03-02,ZONE0004,39.19,Next Day,Urgent,3590.13
DLVORD00002800,DLVCUST0000063,2023-06-01,ZONE0014,34.57,Standard,Urgent,4110.13
DLVORD00002801,DLVCUST0000391,2024-11-28,ZONE0010,26.45,Same Day,Normal,4698.36
DLVORD00002802,DLVCUST0000374,2024-12-05,ZONE0002,13.5,Economy,Urgent,1209.77
DLVORD00002803,DLVCUST0000380,2024-12-24,ZONE0004,30.31,Express,High,1676.39
DLVORD00002804,DLVCUST0000304,2023-11-23,ZONE0014,36.29,Next Day,Urgent,4359.43
DLVORD00002805,DLVCUST0000278,2023-06-29,ZONE0010,10.29,Standard,High,3676.67
DLVORD00002806,DLVCUST0000041,2022-12-15,ZONE0008,30.23,Standard,Urgent,1336.63
DLVORD00002807,DLVCUST0000213,2022-10-31,ZONE0011,45.21,Economy,High,1867.01
DLVORD00002808,DLVCUST0000271,2022-11-20,ZONE0003,43.74,Next Day,Urgent,2625.56
DLVORD00002809,DLVCUST0000253,2023-07-10,ZONE0018,47.14,Same Day,Urgent,4973.66
DLVORD00002810,DLVCUST0000366,2024-02-04,ZONE0016,29.37,Next Day,High,4783.06
DLVORD00002811,DLVCUST0000197,2023-11-28,ZONE0010,44.19,Same Day,High,2922.6
DLVORD00002812,DLVCUST0000101,2023-08-11,ZONE0019,4.33,Economy,Urgent,4508.56
DLVORD00002813,DLVCUST0000252,2024-05-19,ZONE0017,3.64,Next Day,Urgent,560.11
DLVORD00002814,DLVCUST0000342,2024-12-25,ZONE0001,40.23,Express,Urgent,1433.05
DLVORD00002815,DLVCUST0000098,2024-07-23,ZONE0017,25.95,Standard,Normal,211.22
DLVORD00002816,DLVCUST0000246,2023-06-29,ZONE0020,45.49,Same Day,Normal,3739.2
DLVORD00002817,DLVCUST0000292,2023-07-26,ZONE0016,5.87,Express,High,2702.13
DLVORD00002818,DLVCUST0000179,2024-08-07,ZONE0002,14.88,Standard,Urgent,2072.6
DLVORD00002819,DLVCUST0000119,2022-10-23,ZONE0002,15.18,Next Day,High,2910.23
DLVORD00002820,DLVCUST0000111,2024-10-19,ZONE0018,35.78,Economy,Urgent,3201.39
DLVORD00002821,DLVCUST0000061,2024-10-30,ZONE0013,29.4,Same Day,High,2062.73
DLVORD00002822,DLVCUST0000101,2023-10-03,ZONE0019,2.15,Standard,Normal,1559.24
DLVORD00002823,DLVCUST0000354,2023-11-04,ZONE0011,28.37,Same Day,High,372.55
DLVORD00002824,DLVCUST0000010,2023-01-11,ZONE0005,47.38,Next Day,Urgent,2583.84
DLVORD00002825,DLVCUST0000039,2024-01-24,ZONE0012,16.27,Same Day,Normal,4707.66
DLVORD00002826,DLVCUST0000073,2023-12-02,ZONE0006,25.26,Next Day,High,3430.94
DLVORD00002827,DLVCUST0000164,2024-02-18,ZONE0006,17.76,Next Day,Urgent,2407.2
DLVORD00002828,DLVCUST0000056,2023-09-13,ZONE0004,23.23,Standard,High,2561.14
DLVORD00002829,DLVCUST0000136,2023-10-22,ZONE0019,20.15,Standard,Urgent,3305.78
DLVORD00002830,DLVCUST0000043,2024-01-16,ZONE0012,12.58,Express,Urgent,1164.33
DLVORD00002831,DLVCUST0000287,2023-08-21,ZONE0013,42.96,Same Day,Urgent,3774.32
DLVORD00002832,DLVCUST0000365,2023-09-05,ZONE0005,46.11,Standard,Normal,554.18
DLVORD00002833,DLVCUST0000258,2024-01-06,ZONE0009,30.22,Next Day,Urgent,2283.69
DLVORD00002834,DLVCUST0000319,2023-11-19,ZONE0006,30.81,Same Day,Urgent,912.37
DLVORD00002835,DLVCUST0000059,2024-05-01,ZONE0005,21.56,Same Day,High,2634.56
DLVORD00002836,DLVCUST0000197,2023-01-01,ZONE0010,12.11,Express,Normal,3020.05
DLVORD00002837,DLVCUST0000001,2023-04-20,ZONE0003,22.73,Same Day,High,2124.79
DLVORD00002838,DLVCUST0000064,2024-11-12,ZONE0003,22.35,Next Day,High,891.33
DLVORD00002839,DLVCUST0000176,2024-01-13,ZONE0019,6.81,Next Day,Normal,3092.73
DLVORD00002840,DLVCUST0000013,2023-10-19,ZONE0008,5.67,Same Day,Urgent,4371.14
DLVORD00002841,DLVCUST0000266,2023-11-19,ZONE0007,40.6,Economy,Normal,2692.67
DLVORD00002842,DLVCUST0000321,2022-09-21,ZONE0017,44.75,Same Day,High,2267.22
DLVORD00002843,DLVCUST0000167,2024-08-18,ZONE0007,44.22,Standard,Urgent,1835.97
DLVORD00002844,DLVCUST0000059,2024-09-04,ZONE0005,29.21,Standard,Urgent,2383.8
DLVORD00002845,DLVCUST0000400,2023-08-28,ZONE0010,1.77,Standard,High,628.95
DLVORD00002846,DLVCUST0000358,2024-08-23,ZONE0018,14.29,Same Day,Urgent,1641.52
DLVORD00002847,DLVCUST0000200,2024-12-21,ZONE0020,6.4,Next Day,Urgent,3776.21
DLVORD00002848,DLVCUST0000282,2023-10-17,ZONE0004,35.13,Economy,High,196.25
DLVORD00002849,DLVCUST0000062,2023-03-03,ZONE0001,34.49,Next Day,High,785.39
DLVORD00002850,DLVCUST0000141,2023-05-25,ZONE0012,1.59,Standard,Urgent,66.32
DLVORD00002851,DLVCUST0000013,2024-06-06,ZONE0008,4.8,Express,Urgent,1827.02
DLVORD00002852,DLVCUST0000357,2024-03-25,ZONE0001,10.93,Express,Normal,4875.89
DLVORD00002853,DLVCUST0000216,2024-01-31,ZONE0002,42.41,Next Day,Urgent,1770.49
DLVORD00002854,DLVCUST0000135,2022-07-20,ZONE0018,31.33,Same Day,Urgent,3638.84
DLVORD00002855,DLVCUST0000162,2023-03-09,ZONE0001,31.18,Economy,High,654.85
DLVORD00002856,DLVCUST0000255,2022-11-29,ZONE0016,17.49,Express,Normal,2596.03
DLVORD00002857,DLVCUST0000047,2023-03-18,ZONE0017,46.17,Next Day,High,520.37
DLVORD00002858,DLVCUST0000024,2022-12-21,ZONE0019,34.75,Express,Urgent,705.31
DLVORD00002859,DLVCUST0000008,2024-01-17,ZONE0006,26.3,Same Day,Urgent,4564.62
DLVORD00002860,DLVCUST0000121,2024-12-15,ZONE0015,30.92,Standard,High,241.96
DLVORD00002861,DLVCUST0000202,2024-01-23,ZONE0018,4.14,Express,Normal,924.06
DLVORD00002862,DLVCUST0000356,2024-06-14,ZONE0014,4.96,Standard,Normal,504.24
DLVORD00002863,DLVCUST0000012,2024-04-26,ZONE0014,26.61,Same Day,High,4449.73
DLVORD00002864,DLVCUST0000289,2023-09-13,ZONE0012,36.97,Next Day,Normal,3706.39
DLVORD00002865,DLVCUST0000355,2023-07-27,ZONE0009,10.59,Express,Urgent,1553.2
DLVORD00002866,DLVCUST0000323,2024-07-21,ZONE0007,5.55,Standard,Urgent,3509.04
DLVORD00002867,DLVCUST0000374,2024-11-21,ZONE0002,39.58,Express,High,3726.37
DLVORD00002868,DLVCUST0000217,2023-08-16,ZONE0003,28.79,Economy,High,2734.25
DLVORD00002869,DLVCUST0000302,2023-10-16,ZONE0003,22.88,Economy,Normal,2416.07
DLVORD00002870,DLVCUST0000050,2023-08-16,ZONE0013,32.76,Same Day,Normal,3270.06
DLVORD00002871,DLVCUST0000376,2023-05-11,ZONE0017,46.94,Economy,High,3412.31
DLVORD00002872,DLVCUST0000345,2022-10-25,ZONE0008,7.84,Standard,Urgent,2236.95
DLVORD00002873,DLVCUST0000174,2024-03-10,ZONE0006,15.94,Next Day,Normal,795.99
DLVORD00002874,DLVCUST0000224,2023-12-31,ZONE0016,30.33,Same Day,Urgent,4785.95
DLVORD00002875,DLVCUST0000071,2023-09-07,ZONE0001,35.95,Economy,Urgent,1239.94
DLVORD00002876,DLVCUST0000081,2023-05-22,ZONE0007,37.76,Express,Normal,275.89
DLVORD00002877,DLVCUST0000180,2024-11-06,ZONE0006,15.11,Economy,Normal,1124.13
DLVORD00002878,DLVCUST0000241,2024-06-10,ZONE0004,7.35,Same Day,High,4514.44
DLVORD00002879,DLVCUST0000278,2024-08-02,ZONE0010,8.86,Standard,Urgent,4803.81
DLVORD00002880,DLVCUST0000311,2023-04-22,ZONE0006,1.96,Next Day,High,2535.46
DLVORD00002881,DLVCUST0000273,2024-07-21,ZONE0006,7.37,Express,High,3956.67
DLVORD00002882,DLVCUST0000073,2024-09-11,ZONE0006,9.5,Same Day,Urgent,1882.44
DLVORD00002883,DLVCUST0000118,2024-08-11,ZONE0006,20.44,Standard,Urgent,3852.45
DLVORD00002884,DLVCUST0000034,2023-04-30,ZONE0004,13.12,Same Day,High,3425.33
DLVORD00002885,DLVCUST0000140,2024-07-28,ZONE0006,30.31,Express,High,3996.35
DLVORD00002886,DLVCUST0000274,2023-12-08,ZONE0017,43.56,Express,Urgent,2375.63
DLVORD00002887,DLVCUST0000065,2022-11-17,ZONE0002,43.94,Same Day,Normal,1524.6
DLVORD00002888,DLVCUST0000324,2024-04-07,ZONE0005,27.27,Economy,High,3672.16
DLVORD00002889,DLVCUST0000323,2024-11-24,ZONE0007,39.66,Next Day,High,2148.39
DLVORD00002890,DLVCUST0000097,2024-08-29,ZONE0020,4.93,Express,High,2227.24
DLVORD00002891,DLVCUST0000122,2024-07-13,ZONE0014,14.88,Standard,Normal,4729.82
DLVORD00002892,DLVCUST0000014,2023-09-11,ZONE0019,10.02,Express,High,4520.69
DLVORD00002893,DLVCUST0000055,2024-01-08,ZONE0019,4.55,Standard,Urgent,1670.78
DLVORD00002894,DLVCUST0000143,2023-10-08,ZONE0012,7.58,Express,Urgent,4606.42
DLVORD00002895,DLVCUST0000333,2023-11-15,ZONE0005,2.67,Same Day,Urgent,3613.51
DLVORD00002896,DLVCUST0000302,2022-07-26,ZONE0003,6.01,Economy,Urgent,3494.15
DLVORD00002897,DLVCUST0000229,2023-09-10,ZONE0018,30.77,Next Day,High,3388.93
DLVORD00002898,DLVCUST0000333,2023-06-15,ZONE0005,18.48,Express,High,2435.8
DLVORD00002899,DLVCUST0000002,2023-04-29,ZONE0016,11.13,Express,Normal,4976.19
DLVORD00002900,DLVCUST0000296,2024-01-27,ZONE0014,11.93,Express,High,1694.14
DLVORD00002901,DLVCUST0000289,2023-07-07,ZONE0012,13.14,Economy,Urgent,4964.74
DLVORD00002902,DLVCUST0000008,2024-08-18,ZONE0006,43.99,Standard,High,2688.51
DLVORD00002903,DLVCUST0000053,2023-02-24,ZONE0013,6.59,Same Day,Normal,4877.3
DLVORD00002904,DLVCUST0000263,2023-07-01,ZONE0014,2.35,Standard,High,2679.78
DLVORD00002905,DLVCUST0000249,2022-05-03,ZONE0016,14.52,Next Day,Normal,4220.01
DLVORD00002906,DLVCUST0000149,2024-08-15,ZONE0005,20.1,Standard,High,2344.62
DLVORD00002907,DLVCUST0000110,2024-04-01,ZONE0014,24.11,Standard,High,223.25
DLVORD00002908,DLVCUST0000221,2023-11-27,ZONE0020,8.58,Economy,High,2926.3
DLVORD00002909,DLVCUST0000227,2022-08-08,ZONE0011,24.23,Standard,Urgent,1524.22
DLVORD00002910,DLVCUST0000128,2024-01-26,ZONE0019,5.03,Next Day,Urgent,836.85
DLVORD00002911,DLVCUST0000295,2024-06-07,ZONE0004,2.2,Next Day,High,4409.95
DLVORD00002912,DLVCUST0000250,2024-06-26,ZONE0009,1.0,Next Day,Normal,3803.0
DLVORD00002913,DLVCUST0000320,2024-04-22,ZONE0007,43.87,Standard,Normal,1246.73
DLVORD00002914,DLVCUST0000174,2022-01-05,ZONE0006,25.8,Next Day,High,4075.71
DLVORD00002915,DLVCUST0000162,2024-10-13,ZONE0001,44.99,Economy,High,2149.63
DLVORD00002916,DLVCUST0000121,2023-06-23,ZONE0015,24.09,Express,High,160.57
DLVORD00002917,DLVCUST0000392,2024-11-08,ZONE0014,1.7,Same Day,Urgent,2293.26
DLVORD00002918,DLVCUST0000380,2023-02-26,ZONE0004,27.58,Next Day,High,94.04
DLVORD00002919,DLVCUST0000351,2024-10-07,ZONE0009,13.66,Standard,Normal,3162.1
DLVORD00002920,DLVCUST0000262,2022-10-12,ZONE0005,35.07,Express,Urgent,417.77
DLVORD00002921,DLVCUST0000188,2024-05-29,ZONE0014,44.33,Economy,Urgent,2676.88
DLVORD00002922,DLVCUST0000218,2024-05-01,ZONE0003,25.89,Express,High,1120.87
DLVORD00002923,DLVCUST0000161,2023-03-02,ZONE0009,44.34,Same Day,High,120.3
DLVORD00002924,DLVCUST0000040,2024-02-12,ZONE0005,45.18,Express,Urgent,3297.53
DLVORD00002925,DLVCUST0000178,2023-12-07,ZONE0012,8.16,Standard,Normal,3153.27
DLVORD00002926,DLVCUST0000189,2023-03-25,ZONE0020,12.32,Economy,High,2384.71
DLVORD00002927,DLVCUST0000262,2023-09-15,ZONE0005,46.05,Express,High,510.36
DLVORD00002928,DLVCUST0000172,2023-02-13,ZONE0020,14.49,Standard,Normal,1072.39
DLVORD00002929,DLVCUST0000325,2024-11-28,ZONE0013,16.74,Next Day,Normal,4930.39
DLVORD00002930,DLVCUST0000399,2023-11-05,ZONE0011,13.1,Economy,High,2356.14
DLVORD00002931,DLVCUST0000119,2024-05-24,ZONE0002,25.14,Economy,High,2665.9
DLVORD00002932,DLVCUST0000062,2023-09-18,ZONE0001,49.28,Express,High,4329.32
DLVORD00002933,DLVCUST0000371,2024-10-07,ZONE0005,8.37,Next Day,Normal,1452.5
DLVORD00002934,DLVCUST0000051,2024-03-10,ZONE0016,1.11,Economy,Urgent,4589.88
DLVORD00002935,DLVCUST0000146,2023-07-03,ZONE0018,38.64,Express,High,806.76
DLVORD00002936,DLVCUST0000056,2024-06-09,ZONE0004,3.66,Express,High,3423.93
DLVORD00002937,DLVCUST0000059,2022-12-17,ZONE0005,40.31,Standard,High,4178.63
DLVORD00002938,DLVCUST0000271,2022-01-16,ZONE0003,10.58,Express,Urgent,1166.12
DLVORD00002939,DLVCUST0000186,2024-04-10,ZONE0001,25.89,Same Day,Normal,4112.14
DLVORD00002940,DLVCUST0000235,2024-04-24,ZONE0012,32.56,Economy,High,1354.01
DLVORD00002941,DLVCUST0000073,2024-03-24,ZONE0006,22.14,Same Day,Normal,2555.32
DLVORD00002942,DLVCUST0000255,2024-03-01,ZONE0016,5.44,Economy,Normal,2601.33
DLVORD00002943,DLVCUST0000316,2023-04-19,ZONE0016,17.66,Economy,High,4958.05
DLVORD00002944,DLVCUST0000118,2024-07-21,ZONE0006,49.85,Economy,High,3282.54
DLVORD00002945,DLVCUST0000100,2022-10-04,ZONE0009,26.29,Express,Urgent,2893.84
DLVORD00002946,DLVCUST0000343,2022-05-09,ZONE0013,0.23,Next Day,Urgent,4448.38
DLVORD00002947,DLVCUST0000373,2024-07-30,ZONE0009,23.92,Express,High,1109.19
DLVORD00002948,DLVCUST0000099,2023-05-04,ZONE0002,38.03,Next Day,High,2629.96
DLVORD00002949,DLVCUST0000030,2024-12-21,ZONE0018,27.6,Economy,Normal,1441.67
DLVORD00002950,DLVCUST0000013,2023-12-09,ZONE0008,34.51,Next Day,Urgent,366.03
DLVORD00002951,DLVCUST0000210,2023-05-29,ZONE0009,49.56,Next Day,Normal,2005.15
DLVORD00002952,DLVCUST0000210,2024-11-05,ZONE0009,11.69,Express,Urgent,3655.89
DLVORD00002953,DLVCUST0000262,2023-10-02,ZONE0005,20.48,Express,High,1428.48
DLVORD00002954,DLVCUST0000009,2022-10-21,ZONE0019,0.63,Express,High,1737.83
DLVORD00002955,DLVCUST0000276,2024-04-02,ZONE0003,38.34,Express,High,4171.04
DLVORD00002956,DLVCUST0000205,2023-02-08,ZONE0013,33.91,Express,High,690.22
DLVORD00002957,DLVCUST0000355,2023-10-11,ZONE0009,14.24,Next Day,Normal,4226.37
DLVORD00002958,DLVCUST0000182,2023-07-14,ZONE0020,23.51,Same Day,High,3960.41
DLVORD00002959,DLVCUST0000116,2022-12-25,ZONE0005,44.51,Economy,High,622.45
DLVORD00002960,DLVCUST0000167,2024-03-12,ZONE0007,36.35,Same Day,Urgent,3833.51
DLVORD00002961,DLVCUST0000388,2023-10-26,ZONE0014,6.74,Express,High,4564.6
DLVORD00002962,DLVCUST0000270,2023-09-25,ZONE0013,45.22,Express,Urgent,4191.08
DLVORD00002963,DLVCUST0000004,2022-08-06,ZONE0017,33.33,Same Day,Urgent,4304.84
DLVORD00002964,DLVCUST0000046,2022-12-09,ZONE0002,41.48,Economy,High,1346.89
DLVORD00002965,DLVCUST0000254,2024-08-08,ZONE0002,35.91,Standard,Urgent,4768.56
DLVORD00002966,DLVCUST0000390,2023-07-27,ZONE0003,11.37,Express,Urgent,694.84
DLVORD00002967,DLVCUST0000094,2022-04-09,ZONE0006,9.02,Next Day,Normal,737.23
DLVORD00002968,DLVCUST0000120,2023-06-03,ZONE0001,38.73,Next Day,Urgent,3441.17
DLVORD00002969,DLVCUST0000077,2022-06-18,ZONE0010,9.91,Express,Urgent,3113.24
DLVORD00002970,DLVCUST0000062,2023-06-17,ZONE0001,10.8,Next Day,Urgent,3730.82
DLVORD00002971,DLVCUST0000302,2022-06-12,ZONE0003,21.08,Standard,High,4510.35
DLVORD00002972,DLVCUST0000378,2023-07-15,ZONE0019,13.45,Same Day,High,2795.49
DLVORD00002973,DLVCUST0000151,2024-01-29,ZONE0020,14.37,Economy,Normal,1201.01
DLVORD00002974,DLVCUST0000159,2024-12-27,ZONE0018,19.14,Next Day,High,3087.96
DLVORD00002975,DLVCUST0000105,2024-04-26,ZONE0009,49.04,Express,Normal,79.05
DLVORD00002976,DLVCUST0000031,2024-06-22,ZONE0004,28.85,Standard,Normal,1505.23
DLVORD00002977,DLVCUST0000009,2023-12-26,ZONE0019,49.03,Same Day,Normal,423.78
DLVORD00002978,DLVCUST0000178,2022-12-24,ZONE0012,44.74,Standard,Normal,2050.21
DLVORD00002979,DLVCUST0000276,2024-05-16,ZONE0003,14.98,Economy,High,1379.24
DLVORD00002980,DLVCUST0000347,2023-12-01,ZONE0015,11.73,Next Day,Normal,4659.35
DLVORD00002981,DLVCUST0000211,2023-03-25,ZONE0014,41.78,Express,Urgent,2479.55
DLVORD00002982,DLVCUST0000035,2024-10-06,ZONE0004,28.14,Standard,Urgent,3021.03
DLVORD00002983,DLVCUST0000132,2022-09-12,ZONE0017,23.82,Economy,High,729.06
DLVORD00002984,DLVCUST0000012,2022-08-16,ZONE0014,40.21,Express,High,507.07
DLVORD00002985,DLVCUST0000066,2022-09-12,ZONE0011,40.66,Next Day,Normal,3963.33
DLVORD00002986,DLVCUST0000394,2024-08-26,ZONE0012,44.18,Economy,Urgent,4687.24
DLVORD00002987,DLVCUST0000318,2023-11-13,ZONE0017,32.78,Same Day,Urgent,1624.52
DLVORD00002988,DLVCUST0000214,2022-04-06,ZONE0015,35.92,Same Day,Normal,2063.98
DLVORD00002989,DLVCUST0000068,2024-03-05,ZONE0012,34.54,Next Day,High,4992.42
DLVORD00002990,DLVCUST0000307,2023-07-26,ZONE0006,8.07,Same Day,Urgent,742.35
DLVORD00002991,DLVCUST0000307,2024-08-10,ZONE0006,48.01,Standard,Urgent,699.46
DLVORD00002992,DLVCUST0000253,2023-05-21,ZONE0018,8.09,Standard,Normal,457.44
DLVORD00002993,DLVCUST0000265,2024-01-28,ZONE0010,1.6,Express,Urgent,1926.09
DLVORD00002994,DLVCUST0000194,2024-11-18,ZONE0001,33.42,Standard,High,129.11
DLVORD00002995,DLVCUST0000232,2023-07-08,ZONE0004,49.77,Economy,Urgent,3679.89
DLVORD00002996,DLVCUST0000078,2023-08-09,ZONE0005,1.45,Standard,Normal,4661.44
DLVORD00002997,DLVCUST0000148,2023-10-28,ZONE0014,35.77,Next Day,Normal,4099.63
DLVORD00002998,DLVCUST0000136,2024-06-15,ZONE0019,44.82,Next Day,Urgent,3931.61
DLVORD00002999,DLVCUST0000237,2024-01-15,ZONE0001,45.65,Economy,High,482.78
DLVORD00003000,DLVCUST0000145,2024-12-19,ZONE0016,47.17,Economy,High,2950.79
